fltno,dest,source,freq,route
6E  101,MAA,CJB,7,MAA-CJB
6E  102,CCU,IXA,7,CCU-IXA
6E  103,PNQ,BLR,7,PNQ-BLR
6E  104,BOM,DEL,7,BOM-DEL
6E  105,BLR,MAA,6,BLR-MAA
6E  106,DEL,SAG,3,DEL-SAG
6E  107,DEL,PAT,7,DEL-PAT
6E  108,SAG,DEL,3,SAG-DEL
6E  109,BHO,BOM,4,BHO-BOM
6E  112,MAA,GAU,7,MAA-GAU
6E  113,BLR,COK,7,BLR-COK
6E  114,DED,DEL,7,DED-DEL
6E  115,MAA,CCU,3,MAA-CCU
6E  116,MAA,CCU,3,MAA-CCU
6E  117,BBI,HYD,3,BBI-HYD
6E  118,MAA,CJB,7,MAA-CJB
6E  119,IXA,GAU,2,IXA-GAU
6E  121,HYD,MAA,7,HYD-MAA
6E  1214,DEL,SIN,7,DEL-SIN
6E  122,AMD,LKO,7,AMD-LKO
6E  123,CCU,PNQ,3,CCU-PNQ
6E  124,PNQ,CCU,3,PNQ-CCU
6E  125,AMD,CCU,7,AMD-CCU
6E  126,BLR,BOM,6,BLR-BOM
6E  127,BLR,BOM,7,BLR-BOM
6E  128,MAA,GOI,7,MAA-GOI
6E  129,DEL,DED,7,DEL-DED
6E  131,BLR,IXE,7,BLR-IXE
6E  132,HYD,CCU,7,HYD-CCU
6E  133,CCU,BLR,7,CCU-BLR
6E  134,HYD,IXR,7,HYD-IXR
6E  135,AMD,CCU,6,AMD-CCU
6E  136,BOM,GOP,3,BOM-GOP
6E  137,GOI,MAA,7,GOI-MAA
6E  138,GOP,DEL,7,GOP-DEL
6E  139,BLR,CCU,1,BLR-CCU
6E  141,MAA,BBI,7,MAA-BBI
6E  142,LKO,AMD,7,LKO-AMD
6E  143,MAA,BBI,7,MAA-BBI
6E  144,VNS,BLR,6,VNS-BLR
6E  146,HYD,BLR,7,HYD-BLR
6E  147,BLR,HYD,7,BLR-HYD
6E  148,DEL,BOM,6,DEL-BOM
6E  149,BLR,HYD,7,BLR-HYD
6E  151,DEL,ATQ,7,DEL-ATQ
6E  152,ATQ,DEL,7,ATQ-DEL
6E  153,AMD,BLR,7,AMD-BLR
6E  154,HYD,PAT,1,HYD-PAT
6E  155,DEL,BOM,7,DEL-BOM
6E  156,BLR,AMD,7,BLR-AMD
6E  157,AMD,BLR,7,AMD-BLR
6E  158,AMD,DEL,7,AMD-DEL
6E  159,BBI,NAG,4,BBI-NAG
6E  161,AMD,GOI,6,AMD-GOI
6E  162,AMD,DEL,7,AMD-DEL
6E  163,AMD,RPR,3,AMD-RPR
6E  164,BBI,RPR,3,BBI-RPR
6E  165,BLR,BBI,7,BLR-BBI
6E  166,LKO,PNQ,6,LKO-PNQ
6E  167,DEL,BOM,7,DEL-BOM
6E  168,BOM,DEL,7,BOM-DEL
6E  169,IDR,BOM,7,IDR-BOM
6E  171,DEL,BOM,7,DEL-BOM
6E  172,BLR,CCU,1,BLR-CCU
6E  173,DEL,CCU,7,DEL-CCU
6E  174,MAA,CJB,7,MAA-CJB
6E  1751,MAA,KWI,7,MAA-KWI
6E  1753,AMD,KWI,7,AMD-KWI
6E  1757,COK,KWI,7,COK-KWI
6E  1759,DEL,KWI,6,DEL-KWI
6E  176,DEL,DED,5,DEL-DED
6E  1766,BOM,KWI,7,BOM-KWI
6E  177,DEL,PNQ,7,DEL-PNQ
6E  178,BLR,GOI,6,BLR-GOI
6E  1784,BOM,MLE,3,BOM-MLE
6E  179,DEL,BOM,7,DEL-BOM
6E  1795,COK,MLE,2,COK-MLE
6E  181,BLR,IXE,1,BLR-IXE
6E  182,BBI,MAA,7,BBI-MAA
6E  183,MAA,CCU,7,MAA-CCU
6E  184,DED,DEL,5,DED-DEL
6E  1846,COK,MCT,7,COK-MCT
6E  185,DEL,BOM,7,DEL-BOM
6E  186,BLR,HYD,7,BLR-HYD
6E  187,GAU,HYD,7,GAU-HYD
6E  188,MAA,IXZ,1,MAA-IXZ
6E  189,DEL,BOM,7,DEL-BOM
6E  19,BOM,SIN,7,BOM-SIN
6E  191,DEL,BOM,7,DEL-BOM
6E  192,CCU,MAA,7,CCU-MAA
6E  193,MAA,BBI,7,MAA-BBI
6E  194,BLR,GOI,6,BLR-GOI
6E  196,BLR,LKO,5,BLR-LKO
6E  197,DEL,BOM,7,DEL-BOM
6E  198,AMD,MAA,7,AMD-MAA
6E  199,BOM,BLR,7,BOM-BLR
6E  1999,NAG,PNQ,7,NAG-PNQ
6E  201,BLR,JDH,7,BLR-JDH
6E  2011,DEL,SXR,7,DEL-SXR
6E  2012,BLR,DEL,6,BLR-DEL
6E  2014,DEL,BBI,7,DEL-BBI
6E  2015,DEL,CCU,6,DEL-CCU
6E  2016,CCU,DEL,6,CCU-DEL
6E  2017,DEL,NAG,7,DEL-NAG
6E  2018,NAG,DEL,7,NAG-DEL
6E  2019,DEL,IMF,6,DEL-IMF
6E  202,AMD,PNQ,6,AMD-PNQ
6E  2021,IMF,DEL,6,IMF-DEL
6E  2022,DEL,BHO,7,DEL-BHO
6E  2023,BHO,DEL,7,BHO-DEL
6E  2024,DEL,GOI,7,DEL-GOI
6E  2025,GOI,DEL,7,GOI-DEL
6E  2026,DEL,BDQ,7,DEL-BDQ
6E  2027,BDQ,DEL,7,BDQ-DEL
6E  2028,DEL,MAA,7,DEL-MAA
6E  2029,MAA,DEL,7,MAA-DEL
6E  203,DEL,PAT,7,DEL-PAT
6E  2031,DEL,BLR,7,DEL-BLR
6E  2032,BLR,DEL,1,BLR-DEL
6E  2033,IXB,BLR,1,IXB-BLR
6E  2034,IXU,DEL,7,IXU-DEL
6E  2035,DEL,BHO,7,DEL-BHO
6E  2036,BHO,DEL,7,BHO-DEL
6E  2037,DEL,IXD,7,DEL-IXD
6E  2038,IXD,DEL,7,IXD-DEL
6E  2039,SXR,DEL,7,SXR-DEL
6E  204,JDH,BLR,7,JDH-BLR
6E  2042,DEL,JAI,7,DEL-JAI
6E  2045,AMD,DEL,6,AMD-DEL
6E  2046,DEL,COK,7,DEL-COK
6E  2047,COK,DEL,7,COK-DEL
6E  205,BOM,IXB,7,BOM-IXB
6E  2051,DEL,VTZ,4,DEL-VTZ
6E  2052,BHO,DEL,7,BHO-DEL
6E  2053,BHO,DEL,7,BHO-DEL
6E  2054,DEL,IXU,7,DEL-IXU
6E  2055,IXU,DEL,7,IXU-DEL
6E  2056,DEL,ATQ,4,DEL-ATQ
6E  2057,ATQ,DEL,7,ATQ-DEL
6E  2058,DEL,BBI,7,DEL-BBI
6E  206,DIB,CCU,7,DIB-CCU
6E  2061,DEL,BHO,7,DEL-BHO
6E  2062,BHO,DEL,7,BHO-DEL
6E  2063,DEL,IDR,7,DEL-IDR
6E  2064,DEL,RPR,7,DEL-RPR
6E  2065,DEL,GAY,7,DEL-GAY
6E  2066,MAA,DEL,7,MAA-DEL
6E  2067,GAY,DEL,7,GAY-DEL
6E  2069,IDR,DEL,7,IDR-DEL
6E  207,AMD,CCU,3,AMD-CCU
6E  2071,DEL,DED,7,DEL-DED
6E  2072,DED,DEL,7,DED-DEL
6E  2073,DEL,IXJ,7,DEL-IXJ
6E  2074,IXJ,DEL,7,IXJ-DEL
6E  2075,CCU,DEL,4,CCU-DEL
6E  2076,DEL,CCU,4,DEL-CCU
6E  208,BLR,VTZ,1,BLR-VTZ
6E  209,BBI,MAA,7,BBI-MAA
6E  2108,BLR,DEL,1,BLR-DEL
6E  211,BLR,BHO,1,BLR-BHO
6E  212,DEL,GOI,7,DEL-GOI
6E  2123,DEL,BLR,1,DEL-BLR
6E  2124,DEL,MAA,7,DEL-MAA
6E  2125,MAA,DEL,7,MAA-DEL
6E  2126,NAG,DEL,7,NAG-DEL
6E  2127,CCU,DEL,7,CCU-DEL
6E  2128,DEL,CCU,7,DEL-CCU
6E  2129,CCU,DEL,7,CCU-DEL
6E  213,COK,BOM,7,COK-BOM
6E  2131,DEL,BLR,7,DEL-BLR
6E  2132,BLR,DEL,4,BLR-DEL
6E  2133,BLR,DEL,6,BLR-DEL
6E  2134,BLR,CJB,7,BLR-CJB
6E  2135,BLR,DEL,7,BLR-DEL
6E  2136,DEL,VNS,7,DEL-VNS
6E  2137,VNS,DEL,7,VNS-DEL
6E  214,AMD,BOM,7,AMD-BOM
6E  2148,DEL,SXR,6,DEL-SXR
6E  215,BOM,AMD,7,BOM-AMD
6E  2151,DEL,IXC,7,DEL-IXC
6E  2152,IXC,DEL,7,IXC-DEL
6E  2153,DEL,UDR,7,DEL-UDR
6E  2154,UDR,DEL,7,UDR-DEL
6E  2155,DEL,IXM,7,DEL-IXM
6E  2156,IXM,DEL,7,IXM-DEL
6E  2157,DEL,GAU,7,DEL-GAU
6E  2158,DIB,GAU,7,DIB-GAU
6E  216,HYD,VNS,7,HYD-VNS
6E  2161,BBI,DEL,7,BBI-DEL
6E  2162,DEL,BLR,7,DEL-BLR
6E  2163,BLR,DEL,7,BLR-DEL
6E  2164,DEL,HYD,7,DEL-HYD
6E  2165,HYD,DEL,7,HYD-DEL
6E  2166,DEL,ATQ,7,DEL-ATQ
6E  2167,ATQ,DEL,7,ATQ-DEL
6E  2168,DEL,CJB,7,DEL-CJB
6E  2169,CJB,DEL,7,CJB-DEL
6E  2171,DEL,IXJ,7,DEL-IXJ
6E  2172,IXJ,DEL,7,IXJ-DEL
6E  2173,DEL,BOM,7,DEL-BOM
6E  2174,BOM,DEL,7,BOM-DEL
6E  2175,BLR,IXE,6,BLR-IXE
6E  2176,BLR,DEL,6,BLR-DEL
6E  2177,DEL,STV,7,DEL-STV
6E  2178,STV,DEL,7,STV-DEL
6E  2179,UDR,DEL,1,UDR-DEL
6E  218,JAI,BOM,7,JAI-BOM
6E  219,BLR,IXM,6,BLR-IXM
6E  2192,DEL,GAU,7,DEL-GAU
6E  2193,GAU,DEL,7,GAU-DEL
6E  2195,RPR,DEL,7,RPR-DEL
6E  2197,DEL,VTZ,6,DEL-VTZ
6E  2198,DEL,TRV,7,DEL-TRV
6E  2199,TRV,DEL,7,TRV-DEL
6E  2201,DEL,BDQ,7,DEL-BDQ
6E  2204,BDQ,DEL,7,BDQ-DEL
6E  221,BLR,HYD,7,BLR-HYD
6E  2214,DEL,CCU,7,DEL-CCU
6E  2228,BLR,DEL,7,BLR-DEL
6E  223,DEL,BOM,7,DEL-BOM
6E  224,BLR,VNS,4,BLR-VNS
6E  225,BOM,IDR,7,BOM-IDR
6E  2256,BBI,DEL,6,BBI-DEL
6E  2257,DEL,AMD,7,DEL-AMD
6E  2258,AMD,DEL,7,AMD-DEL
6E  226,AMD,IXB,4,AMD-IXB
6E  227,IDR,AMD,6,IDR-AMD
6E  2273,DEL,BLR,7,DEL-BLR
6E  228,AMD,IDR,6,AMD-IDR
6E  2289,BLR,DEL,7,BLR-DEL
6E  229,IXB,AMD,4,IXB-AMD
6E  2297,BLR,CCJ,6,BLR-CCJ
6E  2298,DEL,AMD,7,DEL-AMD
6E  2299,UDR,DEL,7,UDR-DEL
6E  2305,BLR,DEL,7,BLR-DEL
6E  2306,DEL,BLR,1,DEL-BLR
6E  231,HYD,BOM,7,HYD-BOM
6E  2315,DEL,MAA,7,DEL-MAA
6E  232,BLR,PNQ,7,BLR-PNQ
6E  2322,DEL,UDR,7,DEL-UDR
6E  2323,DEL,PAT,7,DEL-PAT
6E  2325,PAT,DEL,7,PAT-DEL
6E  233,BLR,MAA,7,BLR-MAA
6E  234,CJB,BOM,5,CJB-BOM
6E  235,HYD,BOM,7,HYD-BOM
6E  236,IXC,DEL,7,IXC-DEL
6E  237,AMD,JAI,1,AMD-JAI
6E  2376,DEL,BLR,7,DEL-BLR
6E  238,AMD,MAA,1,AMD-MAA
6E  239,BOM,IXM,7,BOM-IXM
6E  2393,DEL,RPR,7,DEL-RPR
6E  2394,MAA,DEL,7,MAA-DEL
6E  2403,DEL,MAA,7,DEL-MAA
6E  2405,BBI,DEL,7,BBI-DEL
6E  2406,DEL,MAA,7,DEL-MAA
6E  2407,DEL,AMD,6,DEL-AMD
6E  2409,RPR,DEL,7,RPR-DEL
6E  241,HYD,PNQ,6,HYD-PNQ
6E  242,HYD,IXR,1,HYD-IXR
6E  2423,BLR,TRZ,1,BLR-TRZ
6E  2424,DEL,LKO,7,DEL-LKO
6E  2425,LKO,DEL,7,LKO-DEL
6E  243,LKO,DEL,7,LKO-DEL
6E  244,AMD,LKO,5,AMD-LKO
6E  245,IDR,GOI,7,IDR-GOI
6E  2454,RPR,DEL,7,RPR-DEL
6E  2458,DEL,BLR,7,DEL-BLR
6E  246,AMD,DEL,6,AMD-DEL
6E  2465,DEL,BLR,6,DEL-BLR
6E  247,HYD,BOM,7,HYD-BOM
6E  248,BOM,DEL,7,BOM-DEL
6E  2484,BLR,DEL,7,BLR-DEL
6E  2486,DEL,SXR,7,DEL-SXR
6E  2487,BLR,DEL,1,BLR-DEL
6E  2488,BDQ,DEL,7,BDQ-DEL
6E  2489,CCU,DEL,7,CCU-DEL
6E  249,JDH,BOM,3,JDH-BOM
6E  251,DEL,GAU,7,DEL-GAU
6E  2512,RPR,DEL,7,RPR-DEL
6E  2519,DEL,MAA,7,DEL-MAA
6E  252,AMD,CJB,6,AMD-CJB
6E  253,MAA,BLR,6,MAA-BLR
6E  254,BOM,IXB,3,BOM-IXB
6E  255,BLR,IXR,1,BLR-IXR
6E  2554,DEL,UDR,4,DEL-UDR
6E  2559,DEL,IXJ,4,DEL-IXJ
6E  256,DEL,GOI,3,DEL-GOI
6E  2562,BLR,DEL,7,BLR-DEL
6E  2563,DEL,BLR,1,DEL-BLR
6E  257,BBI,BOM,7,BBI-BOM
6E  258,BLR,MAA,5,BLR-MAA
6E  2586,DEL,SXR,7,DEL-SXR
6E  2587,SXR,DEL,7,SXR-DEL
6E  2588,MAA,DEL,1,MAA-DEL
6E  259,GOI,HYD,7,GOI-HYD
6E  2591,BDQ,DEL,1,BDQ-DEL
6E  261,DEL,CCU,3,DEL-CCU
6E  2614,DEL,PAT,7,DEL-PAT
6E  2615,AMD,DEL,7,AMD-DEL
6E  262,BLR,HYD,1,BLR-HYD
6E  2622,MAA,DEL,7,MAA-DEL
6E  2624,DEL,BLR,7,DEL-BLR
6E  2625,BLR,DEL,7,BLR-DEL
6E  263,AMD,MAA,7,AMD-MAA
6E  2637,DEL,BLR,7,DEL-BLR
6E  264,IXC,BOM,6,IXC-BOM
6E  265,COK,HYD,7,COK-HYD
6E  2652,MAA,DEL,7,MAA-DEL
6E  266,BLR,HYD,7,BLR-HYD
6E  267,AMD,DEL,7,AMD-DEL
6E  268,DEL,AMD,7,DEL-AMD
6E  2685,MAA,CJB,7,MAA-CJB
6E  269,MAA,HYD,7,MAA-HYD
6E  2698,DEL,BDQ,7,DEL-BDQ
6E  2701,DEL,BBI,6,DEL-BBI
6E  2702,DEL,BDQ,1,DEL-BDQ
6E  271,MAA,BLR,7,MAA-BLR
6E  2716,BLR,DEL,7,BLR-DEL
6E  2719,DEL,VTZ,7,DEL-VTZ
6E  272,BOM,HYD,7,BOM-HYD
6E  2724,PAT,DEL,7,PAT-DEL
6E  2726,VTZ,DEL,7,VTZ-DEL
6E  273,BLR,TRV,1,BLR-TRV
6E  274,IXC,HYD,7,IXC-HYD
6E  2746,DEL,UDR,7,DEL-UDR
6E  275,IXA,CCU,7,IXA-CCU
6E  2752,MAA,DEL,7,MAA-DEL
6E  2757,DEL,RPR,7,DEL-RPR
6E  276,GOI,DEL,7,GOI-DEL
6E  277,IXA,CCU,7,IXA-CCU
6E  2772,VTZ,DEL,7,VTZ-DEL
6E  278,GAU,DEL,7,GAU-DEL
6E  2783,BLR,DEL,7,BLR-DEL
6E  279,BLR,COK,6,BLR-COK
6E  2808,BLR,DEL,7,BLR-DEL
6E  281,BLR,HYD,7,BLR-HYD
6E  282,DEL,CCU,1,DEL-CCU
6E  283,DEL,CCU,7,DEL-CCU
6E  2839,DEL,BLR,7,DEL-BLR
6E  284,DEL,JAI,7,DEL-JAI
6E  2841,DEL,CCU,7,DEL-CCU
6E  2859,MAA,CJB,1,MAA-CJB
6E  286,DEL,PNQ,7,DEL-PNQ
6E  287,BLR,AMD,6,BLR-AMD
6E  288,BLR,VTZ,7,BLR-VTZ
6E  289,IXM,BOM,7,IXM-BOM
6E  2901,DEL,SXR,4,DEL-SXR
6E  2902,SXR,DEL,4,SXR-DEL
6E  2907,MAA,DEL,7,MAA-DEL
6E  291,GAU,BLR,2,GAU-BLR
6E  2912,DEL,RPR,7,DEL-RPR
6E  292,MAA,CCU,7,MAA-CCU
6E  293,BLR,GOI,6,BLR-GOI
6E  294,IXA,CCU,7,IXA-CCU
6E  295,IXE,BOM,7,IXE-BOM
6E  296,BLR,CCU,6,BLR-CCU
6E  297,NAG,BOM,7,NAG-BOM
6E  2977,DEL,BLR,7,DEL-BLR
6E  2978,IMF,DEL,7,IMF-DEL
6E  298,MAA,HYD,6,MAA-HYD
6E  2988,BLR,DEL,7,BLR-DEL
6E  299,HYD,MAA,7,HYD-MAA
6E  302,MAA,HYD,6,MAA-HYD
6E  303,DEL,HYD,7,DEL-HYD
6E  304,COK,HYD,1,COK-HYD
6E  305,HYD,VTZ,7,HYD-VTZ
6E  306,LKO,DEL,7,LKO-DEL
6E  307,DEL,CCU,7,DEL-CCU
6E  308,HYD,DEL,7,HYD-DEL
6E  309,BBI,HYD,7,BBI-HYD
6E  3101,DEL,JDH,7,DEL-JDH
6E  3102,JDH,DEL,7,JDH-DEL
6E  311,MAA,PNQ,6,MAA-PNQ
6E  312,BLR,NAG,6,BLR-NAG
6E  313,AMD,BOM,7,AMD-BOM
6E  314,AMD,BBI,7,AMD-BBI
6E  315,DEL,COK,7,DEL-COK
6E  316,IXA,GAU,7,IXA-GAU
6E  317,BLR,CJB,6,BLR-CJB
6E  318,BBI,AMD,1,BBI-AMD
6E  3184,HYD,UDR,1,HYD-UDR
6E  3185,UDR,HYD,7,UDR-HYD
6E  3188,BOM,RPR,1,BOM-RPR
6E  3189,UDR,BOM,1,UDR-BOM
6E  319,MAA,TRV,7,MAA-TRV
6E  3201,BOM,GOI,2,BOM-GOI
6E  3202,GOI,BOM,2,GOI-BOM
6E  321,BLR,COK,7,BLR-COK
6E  322,COK,BLR,7,COK-BLR
6E  323,BOM,CCU,7,BOM-CCU
6E  324,HYD,VTZ,7,HYD-VTZ
6E  325,LKO,BLR,5,LKO-BLR
6E  326,VTZ,HYD,7,VTZ-HYD
6E  327,MAA,COK,7,MAA-COK
6E  328,BLR,HYD,7,BLR-HYD
6E  329,BLR,CCU,7,BLR-CCU
6E  331,CCU,DMU,7,CCU-DMU
6E  332,BLR,BBI,7,BLR-BBI
6E  334,BBI,BLR,1,BBI-BLR
6E  336,GOI,DEL,7,GOI-DEL
6E  342,BBI,HYD,7,BBI-HYD
6E  343,TRV,MAA,7,TRV-MAA
6E  344,BLR,CCU,7,BLR-CCU
6E  345,BLR,GOI,6,BLR-GOI
6E  346,BLR,CJB,6,BLR-CJB
6E  347,CJB,BLR,6,CJB-BLR
6E  348,HYD,GOI,7,HYD-GOI
6E  349,GAU,CCU,7,GAU-CCU
6E  351,AMD,PNQ,7,AMD-PNQ
6E  352,HYD,AMD,7,HYD-AMD
6E  353,HYD,CCU,7,HYD-CCU
6E  354,BLR,CJB,6,BLR-CJB
6E  355,CJB,BLR,6,CJB-BLR
6E  356,BLR,MAA,7,BLR-MAA
6E  357,HYD,BLR,7,HYD-BLR
6E  358,GOI,HYD,7,GOI-HYD
6E  359,DEL,COK,7,DEL-COK
6E  361,BLR,BOM,7,BLR-BOM
6E  362,IXA,CCU,7,IXA-CCU
6E  363,BLR,COK,6,BLR-COK
6E  364,HYD,LKO,7,HYD-LKO
6E  365,LKO,HYD,7,LKO-HYD
6E  366,HYD,IXZ,1,HYD-IXZ
6E  367,DEL,GOI,7,DEL-GOI
6E  368,BLR,IDR,6,BLR-IDR
6E  369,BLR,HYD,6,BLR-HYD
6E  371,AMD,HYD,7,AMD-HYD
6E  372,CCU,IXC,7,CCU-IXC
6E  373,BLR,COK,6,BLR-COK
6E  374,CCU,IXA,7,CCU-IXA
6E  375,BBI,BOM,7,BBI-BOM
6E  376,IXC,CCU,7,IXC-CCU
6E  377,DEL,CCU,7,DEL-CCU
6E  378,BLR,RPR,6,BLR-RPR
6E  379,BLR,TRV,7,BLR-TRV
6E  381,MAA,CJB,1,MAA-CJB
6E  382,HYD,TIR,7,HYD-TIR
6E  383,AMD,HYD,7,AMD-HYD
6E  384,MAA,HYD,7,MAA-HYD
6E  385,IXA,IMF,7,IXA-IMF
6E  386,IXA,BLR,7,IXA-BLR
6E  387,MAA,BOM,7,MAA-BOM
6E  388,BLR,LKO,6,BLR-LKO
6E  389,IXC,GOI,6,IXC-GOI
6E  391,GOI,IXC,7,GOI-IXC
6E  392,HYD,CCU,7,HYD-CCU
6E  393,IDR,BLR,6,IDR-BLR
6E  394,GAU,CCU,7,GAU-CCU
6E  395,BOM,CCU,7,BOM-CCU
6E  396,CJB,DEL,7,CJB-DEL
6E  397,GOI,LKO,4,GOI-LKO
6E  398,IXR,DEL,7,IXR-DEL
6E  399,DEL,GOI,7,DEL-GOI
6E  401,BLR,IDR,7,BLR-IDR
6E  402,PNQ,DEL,7,PNQ-DEL
6E  403,BOM,NAG,7,BOM-NAG
6E  404,CCU,NAG,7,CCU-NAG
6E  405,BLR,BOM,7,BLR-BOM
6E  406,BOM,BLR,7,BOM-BLR
6E  407,BLR,IXE,5,BLR-IXE
6E  408,BLR,PNQ,7,BLR-PNQ
6E  409,BLR,VTZ,6,BLR-VTZ
6E  411,BLR,BBI,1,BLR-BBI
6E  412,GOI,MAA,7,GOI-MAA
6E  413,BLR,IXE,7,BLR-IXE
6E  414,BLR,BOM,1,BLR-BOM
6E  415,BLR,JAI,6,BLR-JAI
6E  416,MAA,HYD,7,MAA-HYD
6E  417,DMU,CCU,7,DMU-CCU
6E  418,BLR,CJB,6,BLR-CJB
6E  419,BLR,COK,6,BLR-COK
6E  421,DEL,IXR,7,DEL-IXR
6E  422,BLR,IXB,3,BLR-IXB
6E  423,IXB,BLR,3,IXB-BLR
6E  424,BLR,BOM,7,BLR-BOM
6E  425,BLR,IXE,7,BLR-IXE
6E  426,BLR,PNQ,7,BLR-PNQ
6E  427,BLR,BBI,7,BLR-BBI
6E  428,HYD,BOM,7,HYD-BOM
6E  429,CCU,BOM,7,CCU-BOM
6E  43,TRZ,SIN,7,TRZ-SIN
6E  431,BBI,BLR,7,BBI-BLR
6E  432,DEL,AMD,7,DEL-AMD
6E  433,IXB,GAU,7,IXB-GAU
6E  434,CCU,BLR,6,CCU-BLR
6E  435,BLR,CCU,6,BLR-CCU
6E  436,AMD,BLR,1,AMD-BLR
6E  437,GOI,NAG,7,GOI-NAG
6E  438,BOM,VNS,3,BOM-VNS
6E  439,BOM,DEL,7,BOM-DEL
6E  442,CCU,IXA,7,CCU-IXA
6E  443,IXA,CCU,6,IXA-CCU
6E  444,HYD,BDQ,7,HYD-BDQ
6E  445,IXB,BLR,1,IXB-BLR
6E  446,DIB,CCU,7,DIB-CCU
6E  447,JAI,CCU,4,JAI-CCU
6E  448,ATQ,BOM,7,ATQ-BOM
6E  449,IXB,CCU,3,IXB-CCU
6E  451,BLR,LKO,1,BLR-LKO
6E  452,AMD,DEL,7,AMD-DEL
6E  453,CJB,BOM,7,CJB-BOM
6E  454,MAA,AMD,7,MAA-AMD
6E  455,DED,DEL,7,DED-DEL
6E  456,BLR,BOM,7,BLR-BOM
6E  457,BLR,GAU,7,BLR-GAU
6E  458,BBI,CCU,4,BBI-CCU
6E  459,AJL,GAU,2,AJL-GAU
6E  461,MAA,IXM,7,MAA-IXM
6E  462,IXM,MAA,7,IXM-MAA
6E  463,BLR,COK,7,BLR-COK
6E  464,BOM,RPR,7,BOM-RPR
6E  465,RPR,BOM,7,RPR-BOM
6E  466,BLR,HYD,1,BLR-HYD
6E  467,HYD,JAI,7,HYD-JAI
6E  468,GOI,BOM,7,GOI-BOM
6E  469,BLR,JAI,6,BLR-JAI
6E  471,JAI,HYD,7,JAI-HYD
6E  472,NAG,BOM,7,NAG-BOM
6E  473,BLR,PAT,4,BLR-PAT
6E  474,CCU,DEL,7,CCU-DEL
6E  475,TRV,MAA,7,TRV-MAA
6E  476,CCU,DEL,3,CCU-DEL
6E  477,ATQ,SXR,6,ATQ-SXR
6E  478,ATQ,BLR,7,ATQ-BLR
6E  479,BLR,CCU,6,BLR-CCU
6E  481,BLR,JAI,7,BLR-JAI
6E  482,JAI,BLR,7,JAI-BLR
6E  483,TRV,BLR,6,TRV-BLR
6E  484,CCU,AJL,7,CCU-AJL
6E  485,BLR,PAT,7,BLR-PAT
6E  486,AMD,BOM,6,AMD-BOM
6E  487,GOI,HYD,6,GOI-HYD
6E  488,IXA,CCU,7,IXA-CCU
6E  489,BLR,CCU,7,BLR-CCU
6E  491,IXC,BLR,1,IXC-BLR
6E  492,BBI,BLR,6,BBI-BLR
6E  493,DEL,DED,7,DEL-DED
6E  494,DEL,PAT,3,DEL-PAT
6E  495,MAA,BOM,6,MAA-BOM
6E  496,HYD,PNQ,6,HYD-PNQ
6E  497,STV,HYD,7,STV-HYD
6E  498,JAI,BLR,6,JAI-BLR
6E  499,DEL,PAT,7,DEL-PAT
6E  5001,DEL,MAA,7,DEL-MAA
6E  5002,MAA,DEL,7,MAA-DEL
6E  5003,DEL,LKO,7,DEL-LKO
6E  5004,LKO,DEL,7,LKO-DEL
6E  5005,MAA,DEL,7,MAA-DEL
6E  5006,DEL,MAA,7,DEL-MAA
6E  5007,MAA,DEL,7,MAA-DEL
6E  5008,DEL,MAA,7,DEL-MAA
6E  5009,BLR,DEL,6,BLR-DEL
6E  501,PAT,DEL,7,PAT-DEL
6E  5011,DEL,BLR,6,DEL-BLR
6E  5012,HYD,DEL,7,HYD-DEL
6E  5013,DEL,HYD,7,DEL-HYD
6E  5014,DEL,IXA,7,DEL-IXA
6E  5015,IXA,DEL,7,IXA-DEL
6E  5016,DEL,ATQ,7,DEL-ATQ
6E  5017,ATQ,DEL,7,ATQ-DEL
6E  5019,BBI,DEL,7,BBI-DEL
6E  502,AJL,CCU,7,AJL-CCU
6E  5021,DEL,BLR,7,DEL-BLR
6E  5022,BLR,DEL,1,BLR-DEL
6E  5023,DEL,IXB,7,DEL-IXB
6E  5024,IXB,DEL,7,IXB-DEL
6E  5026,ATQ,DEL,7,ATQ-DEL
6E  5028,DEL,STV,7,DEL-STV
6E  5029,GOI,STV,7,GOI-STV
6E  503,BLR,RPR,4,BLR-RPR
6E  5031,DEL,BLR,7,DEL-BLR
6E  5032,BLR,DEL,7,BLR-DEL
6E  5033,DEL,IXB,7,DEL-IXB
6E  5034,DEL,STV,1,DEL-STV
6E  5035,BLR,STV,1,BLR-STV
6E  5036,STV,BLR,6,STV-BLR
6E  5037,BBI,DEL,7,BBI-DEL
6E  5038,DEL,IDR,7,DEL-IDR
6E  5039,IDR,DEL,7,IDR-DEL
6E  504,DEL,NAG,7,DEL-NAG
6E  5041,DEL,UDR,7,DEL-UDR
6E  5042,UDR,DEL,7,UDR-DEL
6E  5043,DEL,LKO,7,DEL-LKO
6E  5044,LKO,DEL,7,LKO-DEL
6E  5045,HYD,DEL,7,HYD-DEL
6E  5047,BOM,DEL,7,BOM-DEL
6E  505,DEL,GOI,7,DEL-GOI
6E  5055,DEL,HYD,7,DEL-HYD
6E  506,HYD,CJB,7,HYD-CJB
6E  5061,IXB,DEL,7,IXB-DEL
6E  507,BLR,VGA,6,BLR-VGA
6E  508,PAT,DEL,7,PAT-DEL
6E  509,BLR,NAG,7,BLR-NAG
6E  511,RPR,DEL,7,RPR-DEL
6E  512,BLR,VTZ,2,BLR-VTZ
6E  513,MAA,VNS,4,MAA-VNS
6E  514,VNS,MAA,4,VNS-MAA
6E  515,MAA,LKO,7,MAA-LKO
6E  5153,BOM,CCU,7,BOM-CCU
6E  516,MAA,BLR,7,MAA-BLR
6E  517,BLR,MAA,7,BLR-MAA
6E  518,LKO,MAA,7,LKO-MAA
6E  519,DEL,VNS,7,DEL-VNS
6E  521,VNS,DEL,7,VNS-DEL
6E  522,BLR,PNQ,5,BLR-PNQ
6E  523,BLR,MAA,6,BLR-MAA
6E  524,IXA,GAU,7,IXA-GAU
6E  525,IXA,BLR,7,IXA-BLR
6E  526,CJB,BLR,6,CJB-BLR
6E  527,HYD,BLR,6,HYD-BLR
6E  528,BLR,PNQ,6,BLR-PNQ
6E  53,MAA,SIN,7,MAA-SIN
6E  5301,BOM,BHO,7,BOM-BHO
6E  5302,BHO,BOM,7,BHO-BOM
6E  5303,BOM,JDH,7,BOM-JDH
6E  5304,JDH,BOM,7,JDH-BOM
6E  5305,BOM,IDR,7,BOM-IDR
6E  5306,IDR,BOM,7,IDR-BOM
6E  5307,BOM,MAA,7,BOM-MAA
6E  5309,MAA,BOM,7,MAA-BOM
6E  531,BLR,CJB,6,BLR-CJB
6E  5313,BOM,CCU,7,BOM-CCU
6E  5316,IXR,BOM,7,IXR-BOM
6E  5317,BOM,LKO,7,BOM-LKO
6E  5318,LKO,BOM,7,LKO-BOM
6E  5319,BOM,CJB,7,BOM-CJB
6E  532,CJB,BLR,6,CJB-BLR
6E  5321,BOM,BLR,7,BOM-BLR
6E  5322,BLR,BOM,7,BLR-BOM
6E  5323,BOM,BLR,7,BOM-BLR
6E  5324,BLR,BOM,7,BLR-BOM
6E  5325,BOM,NAG,7,BOM-NAG
6E  5326,BOM,CCU,1,BOM-CCU
6E  5327,CCU,BOM,1,CCU-BOM
6E  5329,BOM,BLR,1,BOM-BLR
6E  533,BOM,BBI,7,BOM-BBI
6E  5331,BLR,BOM,7,BLR-BOM
6E  5332,BOM,BLR,7,BOM-BLR
6E  5334,BLR,BOM,7,BLR-BOM
6E  5335,DEL,BOM,7,DEL-BOM
6E  5336,DEL,DIB,7,DEL-DIB
6E  5337,DIB,DEL,7,DIB-DEL
6E  5339,DEL,BOM,7,DEL-BOM
6E  534,AMD,MAA,7,AMD-MAA
6E  5341,MAA,BOM,7,MAA-BOM
6E  5342,LKO,BOM,7,LKO-BOM
6E  5343,JAI,BOM,7,JAI-BOM
6E  5344,BOM,MAA,7,BOM-MAA
6E  5345,BOM,GOI,1,BOM-GOI
6E  5346,GOI,BOM,1,GOI-BOM
6E  5347,IXU,BOM,7,IXU-BOM
6E  5348,BLR,BOM,7,BLR-BOM
6E  5349,BOM,BLR,7,BOM-BLR
6E  535,MAA,COK,7,MAA-COK
6E  5351,BOM,GOI,7,BOM-GOI
6E  5352,GOI,BOM,7,GOI-BOM
6E  5353,CCU,BOM,7,CCU-BOM
6E  5354,BOM,BLR,7,BOM-BLR
6E  5356,DEL,BHO,7,DEL-BHO
6E  5357,BHO,DEL,7,BHO-DEL
6E  5358,BOM,MAA,7,BOM-MAA
6E  5359,HYD,BOM,7,HYD-BOM
6E  536,COK,MAA,2,COK-MAA
6E  5361,BOM,HYD,7,BOM-HYD
6E  5362,BOM,AMD,7,BOM-AMD
6E  5363,AMD,BOM,7,AMD-BOM
6E  5367,BOM,HYD,1,BOM-HYD
6E  537,BLR,HYD,7,BLR-HYD
6E  5372,BDQ,BOM,7,BDQ-BOM
6E  5373,BOM,PAT,7,BOM-PAT
6E  5374,PAT,BOM,7,PAT-BOM
6E  5375,BOM,HYD,7,BOM-HYD
6E  5376,HYD,BOM,7,HYD-BOM
6E  5377,BOM,NAG,7,BOM-NAG
6E  5378,IXC,BOM,7,IXC-BOM
6E  5379,CCU,BOM,7,CCU-BOM
6E  538,BHO,BLR,6,BHO-BLR
6E  5381,IDR,BOM,7,IDR-BOM
6E  5382,BOM,IDR,7,BOM-IDR
6E  5383,HYD,BOM,6,HYD-BOM
6E  5384,BOM,HYD,6,BOM-HYD
6E  5385,NAG,BOM,7,NAG-BOM
6E  5387,IDR,BOM,7,IDR-BOM
6E  5388,BOM,NAG,7,BOM-NAG
6E  5389,NAG,BOM,7,NAG-BOM
6E  5391,BOM,MAA,7,BOM-MAA
6E  5393,BOM,NAG,1,BOM-NAG
6E  5394,NAG,BOM,1,NAG-BOM
6E  5395,COK,BOM,7,COK-BOM
6E  5396,BOM,COK,7,BOM-COK
6E  541,BLR,MAA,7,BLR-MAA
6E  542,COK,MAA,7,COK-MAA
6E  5424,DEL,LKO,7,DEL-LKO
6E  543,COK,AMD,7,COK-AMD
6E  544,AMD,COK,7,AMD-COK
6E  545,MAA,HYD,7,MAA-HYD
6E  546,HYD,MAA,7,HYD-MAA
6E  547,PNQ,MAA,6,PNQ-MAA
6E  548,MAA,IXC,4,MAA-IXC
6E  549,IXC,MAA,4,IXC-MAA
6E  551,MAA,VTZ,7,MAA-VTZ
6E  552,DEL,HYD,7,DEL-HYD
6E  553,PNQ,CCU,7,PNQ-CCU
6E  554,AMD,DEL,7,AMD-DEL
6E  556,JAI,BLR,6,JAI-BLR
6E  557,MAA,VTZ,7,MAA-VTZ
6E  558,GAU,DEL,7,GAU-DEL
6E  559,IXJ,SXR,6,IXJ-SXR
6E  561,MAA,PNQ,7,MAA-PNQ
6E  563,CCU,MAA,7,CCU-MAA
6E  564,HYD,DEL,7,HYD-DEL
6E  567,BOM,IXU,7,BOM-IXU
6E  568,IXU,BOM,7,IXU-BOM
6E  569,JAI,MAA,7,JAI-MAA
6E  571,BOM,HYD,7,BOM-HYD
6E  572,AMD,LKO,2,AMD-LKO
6E  573,CCU,GAU,7,CCU-GAU
6E  576,IXJ,SXR,7,IXJ-SXR
6E  578,BOM,VNS,7,BOM-VNS
6E  579,VNS,BOM,7,VNS-BOM
6E  581,DEL,PAT,7,DEL-PAT
6E  586,BLR,AMD,7,BLR-AMD
6E  587,BLR,IXC,7,BLR-IXC
6E  588,LKO,GOI,7,LKO-GOI
6E  589,GOI,LKO,7,GOI-LKO
6E  591,IXC,BLR,7,IXC-BLR
6E  5912,CCJ,DEL,7,CCJ-DEL
6E  5913,DEL,CCJ,7,DEL-CCJ
6E  5914,BOM,IXD,7,BOM-IXD
6E  5915,IXD,BOM,7,IXD-BOM
6E  592,BLR,IXC,7,BLR-IXC
6E  5925,CCU,ATQ,7,CCU-ATQ
6E  5926,ATQ,CCU,7,ATQ-CCU
6E  593,IXC,BLR,7,IXC-BLR
6E  594,BLR,BOM,7,BLR-BOM
6E  595,HYD,DEL,7,HYD-DEL
6E  596,GAU,CCU,7,GAU-CCU
6E  597,MAA,COK,7,MAA-COK
6E  598,BBI,CCU,7,BBI-CCU
6E  5983,IXD,PNQ,6,IXD-PNQ
6E  5984,PNQ,IXD,6,PNQ-IXD
6E  5988,JRH,CCU,7,JRH-CCU
6E  5989,CCU,JRH,7,CCU-JRH
6E  599,IXA,IMF,3,IXA-IMF
6E  5997,IXD,BLR,6,IXD-BLR
6E  5998,BLR,IXD,6,BLR-IXD
6E  6001,VTZ,MAA,7,VTZ-MAA
6E  6002,MAA,CJB,7,MAA-CJB
6E  6004,BLR,MAA,7,BLR-MAA
6E  6005,MAA,BLR,7,MAA-BLR
6E  6006,MAA,HYD,7,MAA-HYD
6E  6007,HYD,MAA,7,HYD-MAA
6E  6008,HYD,CJB,7,HYD-CJB
6E  6009,CJB,HYD,7,CJB-HYD
6E  601,DEL,HYD,7,DEL-HYD
6E  6011,MAA,BLR,7,MAA-BLR
6E  6012,BLR,MAA,7,BLR-MAA
6E  6013,MAA,JDH,7,MAA-JDH
6E  6014,JDH,MAA,7,JDH-MAA
6E  6016,MAA,CCU,7,MAA-CCU
6E  6017,BDQ,BOM,7,BDQ-BOM
6E  603,MAA,CJB,7,MAA-CJB
6E  605,CJB,MAA,7,CJB-MAA
6E  6052,TRV,DEL,7,TRV-DEL
6E  6053,AMD,IXB,7,AMD-IXB
6E  6054,IXB,AMD,7,IXB-AMD
6E  6055,AMD,IXC,7,AMD-IXC
6E  6056,IXC,AMD,7,IXC-AMD
6E  606,HYD,CJB,7,HYD-CJB
6E  607,DEL,AMD,7,DEL-AMD
6E  608,HYD,BOM,7,HYD-BOM
6E  6097,DEL,DED,7,DEL-DED
6E  6098,DEL,JAI,7,DEL-JAI
6E  6104,BLR,PNQ,1,BLR-PNQ
6E  6105,CCU,PAT,7,CCU-PAT
6E  6107,PAT,CCU,7,PAT-CCU
6E  6108,MAA,HYD,7,MAA-HYD
6E  6109,HYD,MAA,7,HYD-MAA
6E  611,HYD,VTZ,7,HYD-VTZ
6E  6112,BDQ,BOM,7,BDQ-BOM
6E  6113,MAA,IXB,7,MAA-IXB
6E  6114,IXB,MAA,7,IXB-MAA
6E  6115,AMD,DED,6,AMD-DED
6E  6116,HYD,BBI,3,HYD-BBI
6E  6117,HYD,MAA,7,HYD-MAA
6E  612,COK,MAA,7,COK-MAA
6E  6123,CCU,DED,4,CCU-DED
6E  6124,DED,CCU,4,DED-CCU
6E  6126,DEL,PAT,7,DEL-PAT
6E  6128,BLR,BOM,6,BLR-BOM
6E  6129,GOI,PNQ,7,GOI-PNQ
6E  613,MAA,COK,7,MAA-COK
6E  6131,HYD,AMD,7,HYD-AMD
6E  6132,AMD,HYD,7,AMD-HYD
6E  6133,IXC,LKO,7,IXC-LKO
6E  6134,CCU,HYD,7,CCU-HYD
6E  6135,AMD,CCU,4,AMD-CCU
6E  6136,DED,BLR,6,DED-BLR
6E  6137,MAA,TRV,7,MAA-TRV
6E  6139,BLR,HYD,6,BLR-HYD
6E  614,DEL,GOI,7,DEL-GOI
6E  6147,TRV,BLR,7,TRV-BLR
6E  615,IXC,HYD,6,IXC-HYD
6E  6151,HYD,MAA,7,HYD-MAA
6E  6152,CJB,BOM,7,CJB-BOM
6E  6154,CCU,JAI,7,CCU-JAI
6E  6155,JAI,CCU,7,JAI-CCU
6E  6156,CCU,LKO,7,CCU-LKO
6E  6157,LKO,CCU,7,LKO-CCU
6E  6158,HYD,BLR,7,HYD-BLR
6E  6159,BLR,HYD,7,BLR-HYD
6E  617,GOI,BLR,7,GOI-BLR
6E  6173,MAA,HYD,7,MAA-HYD
6E  6174,AMD,VNS,6,AMD-VNS
6E  6175,IXB,BOM,7,IXB-BOM
6E  6176,CCU,BOM,7,CCU-BOM
6E  6177,AMD,IXC,3,AMD-IXC
6E  6178,IXC,AMD,7,IXC-AMD
6E  6179,BOM,IXR,7,BOM-IXR
6E  618,HYD,IXB,7,HYD-IXB
6E  6181,BOM,CCU,7,BOM-CCU
6E  6182,BOM,IDR,7,BOM-IDR
6E  6183,MAA,BOM,7,MAA-BOM
6E  6184,IXR,DEL,7,IXR-DEL
6E  6185,BOM,COK,7,BOM-COK
6E  6186,BLR,HYD,7,BLR-HYD
6E  6187,HYD,COK,7,HYD-COK
6E  6188,MAA,BLR,7,MAA-BLR
6E  6189,BLR,MAA,7,BLR-MAA
6E  619,IXB,HYD,7,IXB-HYD
6E  6193,DEL,COK,7,DEL-COK
6E  6209,CJB,BLR,7,CJB-BLR
6E  6211,HYD,VTZ,7,HYD-VTZ
6E  6212,BLR,MAA,7,BLR-MAA
6E  6213,MAA,IXZ,7,MAA-IXZ
6E  6215,MAA,HYD,7,MAA-HYD
6E  6216,MAA,BLR,7,MAA-BLR
6E  6217,BLR,MAA,7,BLR-MAA
6E  6219,GAU,BOM,7,GAU-BOM
6E  6223,BOM,DED,7,BOM-DED
6E  623,CCU,GAU,7,CCU-GAU
6E  6232,LKO,IXC,7,LKO-IXC
6E  6235,MAA,DEL,7,MAA-DEL
6E  6236,BLR,GOI,7,BLR-GOI
6E  6237,MAA,HYD,7,MAA-HYD
6E  6238,HYD,MAA,7,HYD-MAA
6E  6239,PAT,MAA,4,PAT-MAA
6E  624,MAA,HYD,7,MAA-HYD
6E  6244,LKO,CCU,7,LKO-CCU
6E  6248,GAU,CCU,7,GAU-CCU
6E  625,DEL,AMD,7,DEL-AMD
6E  6256,CCU,LKO,7,CCU-LKO
6E  626,HYD,VTZ,7,HYD-VTZ
6E  6261,ATQ,BOM,3,ATQ-BOM
6E  6262,ATQ,SXR,3,ATQ-SXR
6E  6264,BDQ,BOM,2,BDQ-BOM
6E  6268,JAI,BLR,7,JAI-BLR
6E  6269,BLR,MAA,6,BLR-MAA
6E  6273,TRV,BLR,7,TRV-BLR
6E  6274,BLR,CCJ,1,BLR-CCJ
6E  6276,HYD,BOM,7,HYD-BOM
6E  6278,CCJ,BLR,1,CCJ-BLR
6E  6279,PNQ,NAG,6,PNQ-NAG
6E  628,BOM,HYD,7,BOM-HYD
6E  6284,IXE,BOM,7,IXE-BOM
6E  6285,MAA,CCU,3,MAA-CCU
6E  629,VNS,DEL,7,VNS-DEL
6E  6291,CCU,MAA,4,CCU-MAA
6E  6292,BLR,PNQ,1,BLR-PNQ
6E  6298,GOI,HYD,7,GOI-HYD
6E  6304,HYD,IDR,7,HYD-IDR
6E  6305,IDR,HYD,7,IDR-HYD
6E  6309,GOI,HYD,7,GOI-HYD
6E  631,BBI,HYD,7,BBI-HYD
6E  6313,CJB,MAA,7,CJB-MAA
6E  6314,CCU,JAI,7,CCU-JAI
6E  6315,MAA,IXB,3,MAA-IXB
6E  6316,HYD,GOP,7,HYD-GOP
6E  6318,GOP,HYD,7,GOP-HYD
6E  6319,GOP,HYD,7,GOP-HYD
6E  6323,HYD,CCU,7,HYD-CCU
6E  6324,CCU,DEL,7,CCU-DEL
6E  6325,IXB,DEL,3,IXB-DEL
6E  6326,CCU,MAA,7,CCU-MAA
6E  6327,HYD,COK,7,HYD-COK
6E  6328,BOM,HYD,7,BOM-HYD
6E  6329,HYD,BOM,7,HYD-BOM
6E  633,GOI,CCU,7,GOI-CCU
6E  6331,BOM,AMD,1,BOM-AMD
6E  6332,AMD,BOM,1,AMD-BOM
6E  6334,HYD,COK,7,HYD-COK
6E  6339,BLR,CCU,7,BLR-CCU
6E  634,DEL,LKO,7,DEL-LKO
6E  6342,COK,BOM,1,COK-BOM
6E  6343,AMD,BOM,6,AMD-BOM
6E  6344,CCU,GAU,7,CCU-GAU
6E  6345,HYD,TRV,7,HYD-TRV
6E  6346,IXB,MAA,3,IXB-MAA
6E  6347,JAI,BOM,7,JAI-BOM
6E  6348,BOM,JAI,7,BOM-JAI
6E  635,BLR,HYD,7,BLR-HYD
6E  6353,IMF,CCU,7,IMF-CCU
6E  6359,CCU,PAT,7,CCU-PAT
6E  636,BLR,GOI,7,BLR-GOI
6E  6361,HYD,AMD,6,HYD-AMD
6E  6362,HYD,DEL,1,HYD-DEL
6E  6366,HYD,VTZ,7,HYD-VTZ
6E  6367,PAT,DEL,7,PAT-DEL
6E  6369,HYD,BLR,6,HYD-BLR
6E  637,GOI,DEL,7,GOI-DEL
6E  6372,CCU,AMD,3,CCU-AMD
6E  6373,DEL,AMD,6,DEL-AMD
6E  6374,BOM,DEL,7,BOM-DEL
6E  6375,BBI,BOM,7,BBI-BOM
6E  6376,AMD,CCU,4,AMD-CCU
6E  6379,CCU,BLR,7,CCU-BLR
6E  638,BLR,HYD,7,BLR-HYD
6E  6385,MAA,CCU,7,MAA-CCU
6E  6386,GOI,DEL,7,GOI-DEL
6E  6388,BLR,LKO,7,BLR-LKO
6E  6389,LKO,BLR,7,LKO-BLR
6E  639,AMD,DEL,7,AMD-DEL
6E  6401,CCU,IXB,7,CCU-IXB
6E  6404,NAG,BOM,7,NAG-BOM
6E  6405,BLR,RPR,1,BLR-RPR
6E  6406,PNQ,MAA,7,PNQ-MAA
6E  6409,IDR,DEL,7,IDR-DEL
6E  641,BLR,JAI,7,BLR-JAI
6E  6412,BLR,JDH,6,BLR-JDH
6E  6413,MAA,AMD,7,MAA-AMD
6E  6414,AMD,MAA,7,AMD-MAA
6E  6417,HYD,BLR,7,HYD-BLR
6E  642,JAI,BLR,7,JAI-BLR
6E  6423,LKO,DEL,7,LKO-DEL
6E  643,DEL,PNQ,7,DEL-PNQ
6E  6433,BOM,AMD,7,BOM-AMD
6E  644,AMD,VNS,6,AMD-VNS
6E  6443,BLR,IXB,1,BLR-IXB
6E  6444,IXB,CCU,7,IXB-CCU
6E  6445,CCU,BLR,6,CCU-BLR
6E  6446,BOM,LKO,7,BOM-LKO
6E  6449,BLR,BOM,7,BLR-BOM
6E  645,AMD,HYD,7,AMD-HYD
6E  6457,DEL,CCU,3,DEL-CCU
6E  6458,BOM,CCU,3,BOM-CCU
6E  6459,CCU,BOM,4,CCU-BOM
6E  6467,HYD,RPR,7,HYD-RPR
6E  6468,MAA,HYD,7,MAA-HYD
6E  6488,IXA,CCU,7,IXA-CCU
6E  6489,BOM,DEL,7,BOM-DEL
6E  6492,AMD,DEL,7,AMD-DEL
6E  6494,DEL,PAT,7,DEL-PAT
6E  6505,HYD,BLR,7,HYD-BLR
6E  6512,DEL,AMD,6,DEL-AMD
6E  6513,CCU,HYD,7,CCU-HYD
6E  6514,DEL,IXR,1,DEL-IXR
6E  6515,AMD,DEL,6,AMD-DEL
6E  6516,JAI,DEL,7,JAI-DEL
6E  6517,BLR,IXC,1,BLR-IXC
6E  6527,CCU,PAT,7,CCU-PAT
6E  6528,DEL,LKO,7,DEL-LKO
6E  6529,PAT,HYD,7,PAT-HYD
6E  653,DEL,AMD,7,DEL-AMD
6E  6532,GOI,DEL,7,GOI-DEL
6E  6533,BOM,BLR,6,BOM-BLR
6E  6535,DEL,IXR,7,DEL-IXR
6E  6536,VNS,AMD,6,VNS-AMD
6E  6537,DED,BLR,1,DED-BLR
6E  6538,HYD,GAU,7,HYD-GAU
6E  6539,GAU,HYD,7,GAU-HYD
6E  654,MAA,BOM,7,MAA-BOM
6E  655,IDR,BOM,7,IDR-BOM
6E  6557,HYD,CCU,6,HYD-CCU
6E  6558,MAA,TRV,4,MAA-TRV
6E  656,DEL,IDR,7,DEL-IDR
6E  657,DEL,DED,7,DEL-DED
6E  6571,PNQ,DEL,7,PNQ-DEL
6E  6572,BBI,CCU,7,BBI-CCU
6E  6573,DIB,GAU,7,DIB-GAU
6E  658,DEL,AMD,7,DEL-AMD
6E  6597,BOM,BBI,7,BOM-BBI
6E  6606,JAI,DEL,7,JAI-DEL
6E  6612,DEL,LKO,7,DEL-LKO
6E  6613,DEL,LKO,7,DEL-LKO
6E  6614,DEL,IXB,3,DEL-IXB
6E  6616,CCU,DEL,7,CCU-DEL
6E  6623,CCU,GAU,7,CCU-GAU
6E  6624,HYD,VNS,7,HYD-VNS
6E  663,CCU,NAG,7,CCU-NAG
6E  6635,VNS,DEL,7,VNS-DEL
6E  6638,HYD,JAI,7,HYD-JAI
6E  664,NAG,CCU,7,NAG-CCU
6E  6644,HYD,VNS,1,HYD-VNS
6E  665,DEL,BOM,7,DEL-BOM
6E  6671,HYD,BOM,7,HYD-BOM
6E  6672,IXA,DEL,7,IXA-DEL
6E  6673,PNQ,BLR,7,PNQ-BLR
6E  6674,CCU,AMD,3,CCU-AMD
6E  6682,BLR,PNQ,7,BLR-PNQ
6E  6683,AMD,DEL,7,AMD-DEL
6E  6684,HYD,DEL,6,HYD-DEL
6E  6685,AMD,JDH,7,AMD-JDH
6E  6698,PNQ,DEL,7,PNQ-DEL
6E  671,DEL,PNQ,7,DEL-PNQ
6E  6714,BLR,CCU,7,BLR-CCU
6E  6719,HYD,AMD,7,HYD-AMD
6E  672,PNQ,DEL,7,PNQ-DEL
6E  673,PNQ,AMD,7,PNQ-AMD
6E  674,AMD,PNQ,7,AMD-PNQ
6E  6749,BOM,CCU,7,BOM-CCU
6E  675,BOM,MAA,7,BOM-MAA
6E  6752,CJB,MAA,7,CJB-MAA
6E  6758,MAA,PAT,4,MAA-PAT
6E  676,BLR,CCU,7,BLR-CCU
6E  6769,DEL,PNQ,6,DEL-PNQ
6E  677,GOI,BLR,7,GOI-BLR
6E  6772,DIB,DEL,7,DIB-DEL
6E  6776,HYD,CJB,7,HYD-CJB
6E  6779,BLR,AMD,7,BLR-AMD
6E  678,LKO,BOM,7,LKO-BOM
6E  6789,AMD,BOM,7,AMD-BOM
6E  679,DED,DEL,6,DED-DEL
6E  6794,BLR,BOM,6,BLR-BOM
6E  6797,GAU,HYD,1,GAU-HYD
6E  6798,HYD,AMD,1,HYD-AMD
6E  6799,AMD,BBI,6,AMD-BBI
6E  6801,BBI,AMD,6,BBI-AMD
6E  6806,BLR,TRV,7,BLR-TRV
6E  6807,TRV,BLR,7,TRV-BLR
6E  6809,HYD,GOI,7,HYD-GOI
6E  681,PNQ,BLR,7,PNQ-BLR
6E  6815,MAA,HYD,7,MAA-HYD
6E  6816,HYD,MAA,7,HYD-MAA
6E  6817,BLR,BOM,1,BLR-BOM
6E  682,COK,BLR,7,COK-BLR
6E  6826,IXZ,CCU,1,IXZ-CCU
6E  6827,CCU,MAA,1,CCU-MAA
6E  683,DEL,HYD,7,DEL-HYD
6E  6834,AMD,BOM,7,AMD-BOM
6E  6835,MAA,VTZ,7,MAA-VTZ
6E  6838,BLR,PAT,7,BLR-PAT
6E  6839,PAT,BLR,7,PAT-BLR
6E  684,BLR,HYD,6,BLR-HYD
6E  6844,BLR,ATQ,4,BLR-ATQ
6E  6845,ATQ,BLR,4,ATQ-BLR
6E  6846,BLR,STV,6,BLR-STV
6E  6847,MAA,BLR,7,MAA-BLR
6E  6848,BOM,BBI,7,BOM-BBI
6E  6849,BBI,BOM,7,BBI-BOM
6E  685,LKO,BOM,7,LKO-BOM
6E  6851,AMD,PAT,7,AMD-PAT
6E  6852,PAT,AMD,7,PAT-AMD
6E  686,HYD,IXU,7,HYD-IXU
6E  6869,BBI,BLR,7,BBI-BLR
6E  687,PAT,DEL,7,PAT-DEL
6E  6876,CJB,PNQ,7,CJB-PNQ
6E  6877,PNQ,CJB,7,PNQ-CJB
6E  6889,DEL,DIB,7,DEL-DIB
6E  6891,BLR,BBI,6,BLR-BBI
6E  6892,BBI,BLR,6,BBI-BLR
6E  6893,COK,BLR,7,COK-BLR
6E  6897,BLR,NAG,6,BLR-NAG
6E  6904,DEL,IDR,7,DEL-IDR
6E  6906,GAU,DEL,7,GAU-DEL
6E  6908,DEL,CJB,7,DEL-CJB
6E  691,BLR,IDR,7,BLR-IDR
6E  6913,HYD,GOI,7,HYD-GOI
6E  6915,BLR,HYD,7,BLR-HYD
6E  6916,HYD,BLR,7,HYD-BLR
6E  6926,CCU,VNS,7,CCU-VNS
6E  6927,VNS,CCU,7,VNS-CCU
6E  694,DEL,GAU,7,DEL-GAU
6E  695,HYD,TRV,7,HYD-TRV
6E  6955,VTZ,CCU,7,VTZ-CCU
6E  6956,CCU,VTZ,7,CCU-VTZ
6E  6957,DEL,BOM,7,DEL-BOM
6E  6965,BLR,COK,7,BLR-COK
6E  6966,HYD,DEL,7,HYD-DEL
6E  6985,CJB,DEL,7,CJB-DEL
6E  699,BLR,PNQ,7,BLR-PNQ
6E  6992,AMD,BLR,2,AMD-BLR
6E  6998,BOM,JAI,5,BOM-JAI
6E  701,BDQ,BLR,7,BDQ-BLR
6E  702,BLR,IDR,6,BLR-IDR
6E  703,IDR,BLR,6,IDR-BLR
6E  706,COK,DEL,7,COK-DEL
6E  707,CCU,IMF,7,CCU-IMF
6E  708,IDR,BLR,7,IDR-BLR
6E  7101,HYD,IXE,7,HYD-IXE
6E  7102,MAA,IXE,7,MAA-IXE
6E  7103,HYD,IXE,7,HYD-IXE
6E  7105,HYD,TIR,7,HYD-TIR
6E  7106,TIR,BLR,7,TIR-BLR
6E  7107,BLR,RJA,7,BLR-RJA
6E  7108,RJA,HYD,7,RJA-HYD
6E  7109,CNN,BLR,7,CNN-BLR
6E  711,BOM,GOI,6,BOM-GOI
6E  7112,HYD,CCJ,6,HYD-CCJ
6E  7113,RJA,BLR,7,RJA-BLR
6E  7114,BLR,HBX,7,BLR-HBX
6E  7115,HBX,BLR,7,HBX-BLR
6E  7116,HYD,TRZ,6,HYD-TRZ
6E  7117,TRZ,HYD,6,TRZ-HYD
6E  7118,HYD,RJA,7,HYD-RJA
6E  7119,RJA,HYD,7,RJA-HYD
6E  712,GOI,BOM,6,GOI-BOM
6E  7121,HYD,BHO,7,HYD-BHO
6E  7122,BHO,HYD,7,BHO-HYD
6E  7123,HYD,RJA,7,HYD-RJA
6E  7124,HYD,RJA,7,HYD-RJA
6E  7125,RJA,HYD,7,RJA-HYD
6E  7126,RJA,HYD,7,RJA-HYD
6E  7127,MAA,CCJ,7,MAA-CCJ
6E  7128,CCJ,BLR,7,CCJ-BLR
6E  7129,BLR,CCJ,7,BLR-CCJ
6E  713,BLR,CCU,7,BLR-CCU
6E  7131,CCJ,MAA,7,CCJ-MAA
6E  7132,MAA,VGA,7,MAA-VGA
6E  7133,VGA,BLR,7,VGA-BLR
6E  7134,BLR,VGA,7,BLR-VGA
6E  7135,VGA,MAA,7,VGA-MAA
6E  7138,BLR,CNN,7,BLR-CNN
6E  7139,IXE,MAA,7,IXE-MAA
6E  714,BLR,CCU,6,BLR-CCU
6E  7141,MAA,IXE,7,MAA-IXE
6E  7142,HYD,BLR,5,HYD-BLR
6E  7143,MAA,TRZ,7,MAA-TRZ
6E  7144,TRZ,MAA,7,TRZ-MAA
6E  7145,MAA,TRZ,7,MAA-TRZ
6E  7146,HYD,IXE,7,HYD-IXE
6E  7147,MAA,TRZ,7,MAA-TRZ
6E  7148,TRZ,MAA,7,TRZ-MAA
6E  7149,MAA,TRZ,7,MAA-TRZ
6E  715,BOM,BLR,7,BOM-BLR
6E  7151,TRZ,MAA,7,TRZ-MAA
6E  7152,HYD,IXM,7,HYD-IXM
6E  7153,HYD,RJA,7,HYD-RJA
6E  7154,RJA,HYD,7,RJA-HYD
6E  7156,HYD,IXM,7,HYD-IXM
6E  7157,IXM,HYD,7,IXM-HYD
6E  7158,VGA,HYD,7,VGA-HYD
6E  7159,CCJ,BLR,7,CCJ-BLR
6E  716,CCU,BLR,1,CCU-BLR
6E  7161,HBX,BLR,7,HBX-BLR
6E  7162,BLR,HBX,7,BLR-HBX
6E  7163,HYD,IXE,7,HYD-IXE
6E  7164,IXE,HYD,7,IXE-HYD
6E  7165,CCJ,MAA,7,CCJ-MAA
6E  7167,HYD,VGA,7,HYD-VGA
6E  7168,CNN,HYD,7,CNN-HYD
6E  7169,HYD,CNN,7,HYD-CNN
6E  7171,BLR,IXM,1,BLR-IXM
6E  7172,BLR,IXG,1,BLR-IXG
6E  7173,BLR,HYD,1,BLR-HYD
6E  7174,HYD,BLR,1,HYD-BLR
6E  7176,HYD,BLR,6,HYD-BLR
6E  7178,CNN,HYD,7,CNN-HYD
6E  718,IXR,HYD,7,IXR-HYD
6E  7182,IXG,BLR,6,IXG-BLR
6E  7183,MAA,TCR,7,MAA-TCR
6E  7184,TCR,MAA,7,TCR-MAA
6E  7185,MAA,TCR,7,MAA-TCR
6E  7186,TCR,MAA,1,TCR-MAA
6E  7187,MAA,TCR,7,MAA-TCR
6E  7188,TCR,MAA,7,TCR-MAA
6E  7189,MAA,CCJ,7,MAA-CCJ
6E  7193,MAA,IXM,7,MAA-IXM
6E  7194,IXM,MAA,7,IXM-MAA
6E  7195,MAA,IXM,7,MAA-IXM
6E  7196,IXM,MAA,7,IXM-MAA
6E  7197,MAA,IXM,7,MAA-IXM
6E  7198,IXM,MAA,7,IXM-MAA
6E  7199,MAA,IXM,7,MAA-IXM
6E  7201,HYD,VGA,7,HYD-VGA
6E  7202,VGA,HYD,7,VGA-HYD
6E  7203,VGA,BLR,7,VGA-BLR
6E  7204,BLR,VGA,7,BLR-VGA
6E  7205,HYD,VGA,7,HYD-VGA
6E  7206,VGA,HYD,7,VGA-HYD
6E  7207,VGA,MAA,7,VGA-MAA
6E  7208,MAA,VGA,7,MAA-VGA
6E  7209,VGA,HYD,7,VGA-HYD
6E  7211,HYD,VGA,7,HYD-VGA
6E  7212,IXM,MAA,7,IXM-MAA
6E  7214,BLR,IXM,7,BLR-IXM
6E  7215,MAA,TRZ,7,MAA-TRZ
6E  7216,MAA,IXM,7,MAA-IXM
6E  7217,IXM,BLR,6,IXM-BLR
6E  7218,BLR,IXM,6,BLR-IXM
6E  7219,IXM,BLR,7,IXM-BLR
6E  722,BBI,CCU,7,BBI-CCU
6E  7223,BLR,IXG,7,BLR-IXG
6E  7225,HYD,CNN,7,HYD-CNN
6E  7228,MAA,TCR,7,MAA-TCR
6E  7229,TCR,MAA,7,TCR-MAA
6E  7231,BLR,RJA,7,BLR-RJA
6E  7232,RJA,BLR,7,RJA-BLR
6E  7233,IXG,BLR,1,IXG-BLR
6E  7234,BLR,TRZ,7,BLR-TRZ
6E  7236,BLR,TRZ,7,BLR-TRZ
6E  7237,RJA,HYD,7,RJA-HYD
6E  7238,BLR,VTZ,7,BLR-VTZ
6E  7239,VTZ,BLR,7,VTZ-BLR
6E  724,GOI,DEL,7,GOI-DEL
6E  7241,BLR,TCR,7,BLR-TCR
6E  7242,TCR,BLR,1,TCR-BLR
6E  7243,TRZ,MAA,7,TRZ-MAA
6E  7244,RJA,HYD,7,RJA-HYD
6E  7245,BLR,SAG,7,BLR-SAG
6E  7246,SAG,BLR,7,SAG-BLR
6E  7247,HYD,RJA,7,HYD-RJA
6E  7248,RPR,HYD,7,RPR-HYD
6E  7249,HYD,RPR,7,HYD-RPR
6E  725,CCU,HYD,7,CCU-HYD
6E  7251,BLR,TRV,7,BLR-TRV
6E  7252,TRV,CNN,7,TRV-CNN
6E  7253,CNN,TRV,7,CNN-TRV
6E  7254,TRV,BLR,7,TRV-BLR
6E  726,GAU,IXS,7,GAU-IXS
6E  7261,MAA,CJB,7,MAA-CJB
6E  7262,CJB,MAA,7,CJB-MAA
6E  7263,MAA,TRZ,7,MAA-TRZ
6E  7264,CCU,RPR,7,CCU-RPR
6E  7265,RPR,CCU,7,RPR-CCU
6E  7268,CCU,IXR,7,CCU-IXR
6E  7269,IXR,CCU,7,IXR-CCU
6E  727,MAA,BLR,7,MAA-BLR
6E  7274,HYD,MAA,1,HYD-MAA
6E  7281,MAA,VTZ,7,MAA-VTZ
6E  7282,VTZ,HYD,7,VTZ-HYD
6E  7283,HYD,VTZ,7,HYD-VTZ
6E  7284,VTZ,MAA,7,VTZ-MAA
6E  7287,BLR,CCJ,7,BLR-CCJ
6E  729,BLR,MAA,1,BLR-MAA
6E  7294,HYD,RPR,7,HYD-RPR
6E  7295,IDR,AMD,6,IDR-AMD
6E  7296,AMD,IDR,6,AMD-IDR
6E  7305,CCU,GOP,7,CCU-GOP
6E  7306,GOP,CCU,7,GOP-CCU
6E  7307,TRZ,BLR,1,TRZ-BLR
6E  7308,RPR,HYD,7,RPR-HYD
6E  7309,CCU,GAU,7,CCU-GAU
6E  731,IXS,GAU,7,IXS-GAU
6E  7311,GAU,CCU,7,GAU-CCU
6E  732,HYD,LKO,7,HYD-LKO
6E  733,DEL,IDR,7,DEL-IDR
6E  734,BLR,BOM,7,BLR-BOM
6E  7345,GAU,AJL,7,GAU-AJL
6E  7346,HYD,IXU,7,HYD-IXU
6E  7347,IXU,HYD,7,IXU-HYD
6E  7348,AJL,GAU,7,AJL-GAU
6E  7349,BLR,CNN,7,BLR-CNN
6E  7352,CNN,COK,7,CNN-COK
6E  7353,HYD,VGA,7,HYD-VGA
6E  736,DEL,IXC,7,DEL-IXC
6E  738,DEL,PAT,7,DEL-PAT
6E  739,DEL,HYD,6,DEL-HYD
6E  742,VTZ,HYD,7,VTZ-HYD
6E  743,HYD,GOI,6,HYD-GOI
6E  744,GOI,HYD,6,GOI-HYD
6E  746,CCU,PNQ,7,CCU-PNQ
6E  747,BLR,BDQ,7,BLR-BDQ
6E  748,UDR,BOM,7,UDR-BOM
6E  749,BOM,UDR,7,BOM-UDR
6E  751,AMD,CCU,7,AMD-CCU
6E  752,CJB,HYD,7,CJB-HYD
6E  753,UDR,BOM,7,UDR-BOM
6E  754,CCU,AMD,7,CCU-AMD
6E  755,IXC,DEL,7,IXC-DEL
6E  756,BBI,MAA,7,BBI-MAA
6E  757,IXA,CCU,7,IXA-CCU
6E  758,AMD,BLR,1,AMD-BLR
6E  759,MAA,CJB,7,MAA-CJB
6E  7639,HYD,BLR,5,HYD-BLR
6E  764,BOM,UDR,7,BOM-UDR
6E  765,DEL,HYD,7,DEL-HYD
6E  766,HYD,DEL,7,HYD-DEL
6E  767,DEL,HYD,7,DEL-HYD
6E  768,BOM,MAA,7,BOM-MAA
6E  7684,BLR,HYD,5,BLR-HYD
6E  7685,RJA,BLR,7,RJA-BLR
6E  7686,MAA,CCJ,3,MAA-CCJ
6E  769,DEL,PNQ,1,DEL-PNQ
6E  771,BBI,HYD,7,BBI-HYD
6E  7717,CCU,PAT,7,CCU-PAT
6E  7718,PAT,CCU,7,PAT-CCU
6E  7738,BLR,TRZ,7,BLR-TRZ
6E  7739,TRZ,BLR,7,TRZ-BLR
6E  774,DEL,NAG,7,DEL-NAG
6E  7742,IXG,BLR,6,IXG-BLR
6E  7743,HYD,CNN,1,HYD-CNN
6E  7744,CNN,HYD,2,CNN-HYD
6E  7745,HYD,NAG,7,HYD-NAG
6E  7746,NAG,HYD,7,NAG-HYD
6E  775,CCU,BBI,7,CCU-BBI
6E  776,VTZ,HYD,7,VTZ-HYD
6E  779,CJB,HYD,7,CJB-HYD
6E  782,MAA,BOM,7,MAA-BOM
6E  783,VTZ,HYD,7,VTZ-HYD
6E  7842,MAA,CCJ,4,MAA-CCJ
6E  7843,CCJ,MAA,4,CCJ-MAA
6E  785,HYD,BBI,7,HYD-BBI
6E  786,DEL,CCU,7,DEL-CCU
6E  787,BOM,PAT,7,BOM-PAT
6E  788,CCU,HYD,7,CCU-HYD
6E  789,COK,CCU,7,COK-CCU
6E  792,DEL,GOI,7,DEL-GOI
6E  793,BOM,GOI,7,BOM-GOI
6E  7932,RPR,IXD,7,RPR-IXD
6E  7933,IXD,RPR,7,IXD-RPR
6E  7937,IXD,GOP,7,IXD-GOP
6E  7938,GOP,IXD,7,GOP-IXD
6E  794,CCU,PNQ,7,CCU-PNQ
6E  7942,MAA,CNN,3,MAA-CNN
6E  7943,MAA,CNN,7,MAA-CNN
6E  7944,CNN,MAA,2,CNN-MAA
6E  7958,COK,CNN,7,COK-CNN
6E  7964,HBX,MAA,7,HBX-MAA
6E  7965,COK,HBX,7,COK-HBX
6E  7966,HYD,IXG,7,HYD-IXG
6E  7968,IXG,HYD,7,IXG-HYD
6E  797,MAA,CCU,7,MAA-CCU
6E  7973,CNN,BLR,6,CNN-BLR
6E  7974,BLR,CNN,6,BLR-CNN
6E  7975,CNN,COK,7,CNN-COK
6E  7976,TRV,CNN,7,TRV-CNN
6E  7977,CNN,TRV,7,CNN-TRV
6E  7979,CNN,HBX,7,CNN-HBX
6E  798,CCU,IXA,7,CCU-IXA
6E  7981,HBX,CNN,7,HBX-CNN
6E  7982,IXD,CCU,7,IXD-CCU
6E  7983,CCU,IXD,7,CCU-IXD
6E  7984,CNN,GOI,7,CNN-GOI
6E  7985,GOI,CNN,7,GOI-CNN
6E  7986,MAA,HBX,4,MAA-HBX
6E  7987,HBX,MAA,7,HBX-MAA
6E  7989,CCU,IXD,7,CCU-IXD
6E  799,BOM,BLR,7,BOM-BLR
6E  7991,TIR,KLH,7,TIR-KLH
6E  7992,KLH,TIR,7,KLH-TIR
6E  7993,KLH,HYD,7,KLH-HYD
6E  7994,HYD,KLH,7,HYD-KLH
6E  7995,MAA,HBX,7,MAA-HBX
6E  7996,HBX,COK,7,HBX-COK
6E  801,BOM,RPR,7,BOM-RPR
6E  802,RPR,BOM,7,RPR-BOM
6E  804,RPR,BOM,7,RPR-BOM
6E  805,BLR,MAA,7,BLR-MAA
6E  806,BLR,GOI,7,BLR-GOI
6E  807,BLR,BDQ,1,BLR-BDQ
6E  808,BDQ,BLR,1,BDQ-BLR
6E  81,BOM,MCT,7,BOM-MCT
6E  811,IDR,RPR,7,IDR-RPR
6E  813,GOI,BOM,7,GOI-BOM
6E  815,PNQ,HYD,6,PNQ-HYD
6E  818,DEL,DED,6,DEL-DED
6E  819,PNQ,BLR,7,PNQ-BLR
6E  8201,IXC,DEL,1,IXC-DEL
6E  821,BOM,HYD,7,BOM-HYD
6E  822,BLR,IXR,1,BLR-IXR
6E  8225,BLR,IXE,1,BLR-IXE
6E  823,AMD,BLR,6,AMD-BLR
6E  8238,VNS,HYD,1,VNS-HYD
6E  825,BOM,BLR,7,BOM-BLR
6E  826,DEL,GOP,7,DEL-GOP
6E  8268,DEL,MCT,2,DEL-MCT
6E  827,HYD,BLR,1,HYD-BLR
6E  8271,HYD,MCT,1,HYD-MCT
6E  8273,LKO,MCT,2,LKO-MCT
6E  8275,MAA,MCT,1,MAA-MCT
6E  828,BLR,RPR,7,BLR-RPR
6E  8288,BOM,GOI,1,BOM-GOI
6E  829,RPR,BLR,1,RPR-BLR
6E  8299,TRV,MCT,2,TRV-MCT
6E  833,IXA,CCU,7,IXA-CCU
6E  834,BOM,HYD,7,BOM-HYD
6E  835,LKO,PNQ,7,LKO-PNQ
6E  836,PNQ,LKO,7,PNQ-LKO
6E  837,COK,DEL,7,COK-DEL
6E  838,BLR,JAI,7,BLR-JAI
6E  839,JAI,BLR,7,JAI-BLR
6E  8409,TRZ,MAA,2,TRZ-MAA
6E  841,BOM,DEL,7,BOM-DEL
6E  8416,MAA,TRZ,2,MAA-TRZ
6E  842,IXC,DEL,6,IXC-DEL
6E  8421,LKO,DEL,1,LKO-DEL
6E  843,DEL,BOM,7,DEL-BOM
6E  8432,LKO,BOM,2,LKO-BOM
6E  844,DED,LKO,7,DED-LKO
6E  845,HYD,DEL,7,HYD-DEL
6E  846,HYD,DEL,7,HYD-DEL
6E  8467,VTZ,HYD,1,VTZ-HYD
6E  847,BLR,JAI,6,BLR-JAI
6E  848,BOM,BLR,1,BOM-BLR
6E  8481,VGA,HYD,1,VGA-HYD
6E  8489,GOI,BOM,1,GOI-BOM
6E  849,BLR,BOM,7,BLR-BOM
6E  8498,LKO,DEL,1,LKO-DEL
6E  852,BLR,DED,6,BLR-DED
6E  854,CCU,DEL,7,CCU-DEL
6E  855,BLR,HYD,7,BLR-HYD
6E  856,AMD,MAA,7,AMD-MAA
6E  861,DEL,CCU,7,DEL-CCU
6E  862,CCU,PNQ,7,CCU-PNQ
6E  863,PNQ,DEL,7,PNQ-DEL
6E  866,HYD,LKO,7,HYD-LKO
6E  867,IDR,DEL,7,IDR-DEL
6E  868,CCU,BBI,7,CCU-BBI
6E  869,IXU,HYD,7,IXU-HYD
6E  873,BLR,TRV,7,BLR-TRV
6E  874,BLR,CCU,7,BLR-CCU
6E  875,BLR,IXE,6,BLR-IXE
6E  877,IXE,BLR,7,IXE-BLR
6E  879,AMD,HYD,7,AMD-HYD
6E  881,MAA,CJB,7,MAA-CJB
6E  882,MAA,VTZ,7,MAA-VTZ
6E  883,HYD,IDR,7,HYD-IDR
6E  884,IDR,HYD,7,IDR-HYD
6E  885,GAU,DEL,7,GAU-DEL
6E  889,DEL,IXA,7,DEL-IXA
6E  892,MAA,CCU,7,MAA-CCU
6E  894,BLR,BOM,7,BLR-BOM
6E  895,AMD,COK,1,AMD-COK
6E  896,COK,AMD,5,COK-AMD
6E  897,BLR,VNS,6,BLR-VNS
6E  898,CCU,DEL,7,CCU-DEL
6E  902,BLR,PAT,7,BLR-PAT
6E  905,MAA,HYD,7,MAA-HYD
6E  906,DEL,LKO,7,DEL-LKO
6E  907,BOM,MAA,7,BOM-MAA
6E  908,DEL,CJB,7,DEL-CJB
6E  909,NAG,BLR,7,NAG-BLR
6E  911,PNQ,MAA,7,PNQ-MAA
6E  912,MAA,PNQ,7,MAA-PNQ
6E  913,HYD,JAI,4,HYD-JAI
6E  914,HYD,CJB,1,HYD-CJB
6E  915,HYD,VNS,7,HYD-VNS
6E  916,VNS,HYD,7,VNS-HYD
6E  917,MAA,BOM,7,MAA-BOM
6E  9207,RPR,UDR,1,RPR-UDR
6E  921,DEL,CCU,7,DEL-CCU
6E  922,HYD,BBI,7,HYD-BBI
6E  923,MAA,CCU,7,MAA-CCU
6E  924,GOI,DEL,7,GOI-DEL
6E  932,CCU,BLR,7,CCU-BLR
6E  933,CCJ,BOM,7,CCJ-BOM
6E  9342,IDR,JDH,7,IDR-JDH
6E  9343,JDH,IDR,7,JDH-IDR
6E  935,AMD,LKO,7,AMD-LKO
6E  936,BLR,IXM,1,BLR-IXM
6E  937,DEL,IXC,6,DEL-IXC
6E  938,HYD,RPR,7,HYD-RPR
6E  939,DEL,GAU,7,DEL-GAU
6E  9407,UDR,RPR,1,UDR-RPR
6E  943,DEL,LKO,7,DEL-LKO
6E  944,HYD,CCU,7,HYD-CCU
6E  945,DEL,TRV,7,DEL-TRV
6E  946,CCU,HYD,6,CCU-HYD
6E  947,AMD,GOI,7,AMD-GOI
6E  948,GOI,AMD,7,GOI-AMD
6E  949,BOM,BLR,7,BOM-BLR
6E  951,DEL,PNQ,7,DEL-PNQ
6E  955,DEL,IXJ,7,DEL-IXJ
6E  956,BOM,DEL,7,BOM-DEL
6E  957,DEL,BOM,7,DEL-BOM
6E  958,IXB,CCU,7,IXB-CCU
6E  959,DEL,LKO,7,DEL-LKO
6E  961,CCU,BOM,7,CCU-BOM
6E  962,AMD,DEL,7,AMD-DEL
6E  963,DED,DEL,7,DED-DEL
6E  964,BOM,DEL,7,BOM-DEL
6E  965,JAI,BOM,7,JAI-BOM
6E  966,DEL,IXC,7,DEL-IXC
6E  967,DEL,HYD,7,DEL-HYD
6E  9677,HYD,STV,1,HYD-STV
6E  9678,JAI,STV,1,JAI-STV
6E  9679,JAI,IDR,1,JAI-IDR
6E  968,BLR,VNS,7,BLR-VNS
6E  9681,IDR,HYD,1,IDR-HYD
6E  9682,HYD,IDR,1,HYD-IDR
6E  969,CJB,HYD,7,CJB-HYD
6E  978,BLR,UDR,1,BLR-UDR
6E  979,UDR,BLR,1,UDR-BLR
6E  981,DED,BOM,7,DED-BOM
6E  982,HYD,PAT,7,HYD-PAT
6E  9824,RPR,BOM,7,RPR-BOM
6E  9825,BOM,UDR,7,BOM-UDR
6E  983,BHO,BOM,7,BHO-BOM
6E  984,AMD,BOM,6,AMD-BOM
6E  985,CJB,DEL,7,CJB-DEL
6E  987,MAA,CCU,7,MAA-CCU
6E  989,IXR,HYD,7,IXR-HYD
6E  991,DED,DEL,7,DED-DEL
6E  992,BLR,AMD,2,BLR-AMD
6E  993,DEL,BOM,7,DEL-BOM
6E  994,IXA,CCU,1,IXA-CCU
6E  995,HYD,AMD,7,HYD-AMD
6E  996,AMD,BLR,7,AMD-BLR
6E  997,BLR,CCU,6,BLR-CCU
6E  998,MAA,BOM,7,MAA-BOM
6E  9996,CCU,DIB,7,CCU-DIB
9I 505,BLR,COK,6,BLR-COK
9I 506,AGX,COK,6,AGX-COK
9I 509,BLR,GBI,4,BLR-GBI
9I 510,GBI,BLR,4,GBI-BLR
9I 531,BLR,MYQ,1,BLR-MYQ
9I 532,COK,MYQ,4,COK-MYQ
9I 533,IXE,MYQ,4,IXE-MYQ
9I 534,COK,MYQ,1,COK-MYQ
9I 561,BPM,PNQ,6,BPM-PNQ
9I 562,IXG,PNQ,6,IXG-PNQ
9I 603,DEL,IXD,3,DEL-IXD
9I 604,IXD,DEL,3,IXD-DEL
9I 609,DEL,DED,7,DEL-DED
9I 610,DED,DEL,7,DED-DEL
9I 617,DEL,JLR,3,DEL-JLR
9I 618,JLR,DEL,3,JLR-DEL
9I 623,BOM,NMB,7,BOM-NMB
9I 624,NMB,BOM,7,NMB-BOM
9I 643,DEL,JAI,7,DEL-JAI
9I 644,JAI,DEL,7,JAI-DEL
9I 645,DED,PGH,7,DED-PGH
9I 646,DED,DEL,7,DED-DEL
9I 651,BOM,BHU,7,BOM-BHU
9I 652,BHU,BOM,7,BHU-BOM
9I 657,BOM,GOI,7,BOM-GOI
9I 658,GOI,BOM,7,GOI-BOM
9I 665,BOM,GBI,4,BOM-GBI
9I 666,GBI,BOM,4,GBI-BOM
9I 691,DEL,JLR,4,DEL-JLR
9I 692,PAB,JLR,4,PAB-JLR
9I 697,IXD,PAB,4,IXD-PAB
9I 698,IXD,DEL,4,IXD-DEL
9I 701,DEL,BEK,4,DEL-BEK
9I 702,BEK,DEL,4,BEK-DEL
9I 713,DEL,DHM,6,DEL-DHM
9I 714,IXC,DHM,6,IXC-DHM
9I 737,GAU,IXT,3,GAU-IXT
9I 738,GAU,CCU,3,GAU-CCU
9I 741,DMU,IMF,4,DMU-IMF
9I 742,DMU,GAU,4,DMU-GAU
9I 745,JRG,BBI,7,JRG-BBI
9I 746,JRG,CCU,7,JRG-CCU
9I 748,BBI,JRG,7,BBI-JRG
9I 751,CCU,IXI,7,CCU-IXI
9I 752,IXI,CCU,7,IXI-CCU
9I 805,IXC,KUU,6,IXC-KUU
9I 806,IXC,DEL,6,IXC-DEL
9I 809,DEL,GOP,7,DEL-GOP
9I 810,GOP,DEL,7,GOP-DEL
9I 817,DEL,IXC,3,DEL-IXC
9I 818,IXC,DEL,3,IXC-DEL
9I 831,DEL,IXC,7,DEL-IXC
9I 832,DEL,IXC,7,DEL-IXC
9I 833,DEL,BKB,7,DEL-BKB
9I 834,BKB,DEL,7,BKB-DEL
9I 835,DEL,IXP,3,DEL-IXP
9I 836,IXP,DEL,3,IXP-DEL
9I 837,DEL,LUH,4,DEL-LUH
9I 838,LUH,DEL,4,LUH-DEL
9I 843,DEL,JAI,7,DEL-JAI
9I 844,JAI,DEL,7,JAI-DEL
9I 857,DEL,DED,7,DEL-DED
9I 858,DED,DEL,7,DED-DEL
9I 871,BPM,ISK,6,BPM-ISK
9I 873,AMD,IXY,6,AMD-IXY
9I 874,IXY,AMD,6,IXY-AMD
9I 875,BPM,KLH,4,BPM-KLH
9I 876,BLR,KLH,4,BLR-KLH
9I 879,BPM,HBX,3,BPM-HBX
9I 880,HBX,BPM,3,HBX-BPM
9I 881,BPM,MYQ,7,BPM-MYQ
9I 882,GOI,MYQ,7,GOI-MYQ
9I 885,BPM,JGB,7,BPM-JGB
9I 886,JGB,BPM,7,JGB-BPM
9I 887,AMD,ISK,6,AMD-ISK
9I 888,ISK,BPM,6,ISK-BPM
AI 0401,DEL,CCU,3,DEL-CCU
AI 0402,CCU,DEL,3,CCU-DEL
AI 0403,DEL,RAJ,3,DEL-RAJ
AI 0404,RAJ,DEL,5,RAJ-DEL
AI 0405,VNS,DEL,2,VNS-DEL
AI 0406,DEL,VNS,2,DEL-VNS
AI 0407,DEL,PAT,6,DEL-PAT
AI 0408,PAT,DEL,6,PAT-DEL
AI 0411,DEL,LKO,7,DEL-LKO
AI 0412,LKO,DEL,4,LKO-DEL
AI 0415,DEL,PAT,1,DEL-PAT
AI 0416,PAT,DEL,1,PAT-DEL
AI 0417,DEL,IXR,3,DEL-IXR
AI 0418,IXR,DEL,3,IXR-DEL
AI 0419,DEL,STV,2,DEL-STV
AI 0420,STV,DEL,2,STV-DEL
AI 0421,DEL,IDR,3,DEL-IDR
AI 0422,IDR,DEL,3,IDR-DEL
AI 0423,DEL,STV,1,DEL-STV
AI 0424,BBI,STV,1,BBI-STV
AI 0425,DEL,CNN,4,DEL-CNN
AI 0427,DEL,VNS,1,DEL-VNS
AI 0428,VNS,DEL,1,VNS-DEL
AI 0429,DEL,MAA,7,DEL-MAA
AI 0437,DEL,BHO,6,DEL-BHO
AI 0438,BHO,DEL,6,BHO-DEL
AI 0440,MAA,DEL,7,MAA-DEL
AI 0441,DEL,IXU,1,DEL-IXU
AI 0442,IXU,DEL,1,IXU-DEL
AI 0445,DEL,IXL,4,DEL-IXL
AI 0446,IXL,DEL,2,IXL-DEL
AI 0447,BOM,IXU,3,BOM-IXU
AI 0448,IXU,BOM,3,IXU-BOM
AI 0449,IXL,IXJ,2,IXL-IXJ
AI 0450,IXJ,IXL,2,IXJ-IXL
AI 0451,DEL,VTZ,1,DEL-VTZ
AI 0452,VTZ,DEL,1,VTZ-DEL
AI 0453,DEL,ATQ,4,DEL-ATQ
AI 0454,ATQ,DEL,4,ATQ-DEL
AI 0459,DEL,VGA,2,DEL-VGA
AI 0460,VGA,DEL,2,VGA-DEL
AI 0465,DEL,COK,6,DEL-COK
AI 0466,COK,DEL,6,COK-DEL
AI 0467,DEL,VGA,4,DEL-VGA
AI 0468,VGA,DEL,4,VGA-DEL
AI 0469,DEL,NAG,1,DEL-NAG
AI 0470,NAG,DEL,1,NAG-DEL
AI 0471,DEL,UDR,1,DEL-UDR
AI 0472,UDR,DEL,1,UDR-DEL
AI 0473,DEL,BBI,7,DEL-BBI
AI 0474,BBI,DEL,7,BBI-DEL
AI 0475,DEL,JDH,3,DEL-JDH
AI 0476,JDH,DEL,3,JDH-DEL
AI 0477,DEL,BBI,3,DEL-BBI
AI 0478,BBI,DEL,3,BBI-DEL
AI 0479,DEL,ATQ,7,DEL-ATQ
AI 0480,ATQ,DEL,7,ATQ-DEL
AI 0481,DEL,BHO,3,DEL-BHO
AI 0482,BHO,DEL,3,BHO-DEL
AI 0483,DEL,RPR,6,DEL-RPR
AI 0484,RPR,DEL,6,RPR-DEL
AI 0485,DEL,IXZ,1,DEL-IXZ
AI 0486,IXZ,DEL,1,IXZ-DEL
AI 0489,DEL,STV,1,DEL-STV
AI 0490,STV,DEL,1,STV-DEL
AI 0501,DEL,BLR,7,DEL-BLR
AI 0502,BLR,DEL,7,BLR-DEL
AI 0503,BLR,DEL,7,BLR-DEL
AI 0504,DEL,BLR,7,DEL-BLR
AI 0505,BLR,DEL,7,BLR-DEL
AI 0506,DEL,BLR,6,DEL-BLR
AI 0507,BOM,HBX,3,BOM-HBX
AI 0508,HBX,BOM,3,HBX-BOM
AI 0512,DEL,COK,4,DEL-COK
AI 0513,COK,DEL,4,COK-DEL
AI 0515,HYD,BLR,3,HYD-BLR
AI 0516,BLR,HYD,3,BLR-HYD
AI 0518,HYD,VTZ,1,HYD-VTZ
AI 0519,VTZ,HYD,1,VTZ-HYD
AI 0521,HYD,VTZ,4,HYD-VTZ
AI 0522,VTZ,HYD,4,VTZ-HYD
AI 0523,BLR,JAI,4,BLR-JAI
AI 0524,JAI,BLR,3,JAI-BLR
AI 0525,HYD,CCU,7,HYD-CCU
AI 0526,CCU,HYD,7,CCU-HYD
AI 0527,BLR,PNQ,3,BLR-PNQ
AI 0528,PNQ,BLR,3,PNQ-BLR
AI 0529,HYD,CCU,7,HYD-CCU
AI 0530,CCU,HYD,7,CCU-HYD
AI 0531,DEL,AMD,3,DEL-AMD
AI 0532,AMD,DEL,4,AMD-DEL
AI 0535,DEL,CCU,7,DEL-CCU
AI 0536,CCU,DEL,7,CCU-DEL
AI 0537,DEL,BOM,7,DEL-BOM
AI 0538,BOM,DEL,7,BOM-DEL
AI 0539,CJB,MAA,7,CJB-MAA
AI 0540,DEL,MAA,7,DEL-MAA
AI 0541,TIR,DEL,2,TIR-DEL
AI 0542,DEL,TIR,2,DEL-TIR
AI 0543,HYD,DEL,2,HYD-DEL
AI 0544,DEL,HYD,5,DEL-HYD
AI 0545,MAA,HYD,7,MAA-HYD
AI 0546,HYD,MAA,7,HYD-MAA
AI 0549,MAA,IXZ,1,MAA-IXZ
AI 0550,IXZ,MAA,1,IXZ-MAA
AI 0553,DEL,MAA,3,DEL-MAA
AI 0554,MAA,DEL,3,MAA-DEL
AI 0558,DEL,HYD,7,DEL-HYD
AI 0559,HYD,DEL,7,HYD-DEL
AI 0560,DEL,HYD,2,DEL-HYD
AI 0563,MAA,BLR,3,MAA-BLR
AI 0564,BLR,MAA,3,BLR-MAA
AI 0565,BLR,LKO,1,BLR-LKO
AI 0566,LKO,BLR,1,LKO-BLR
AI 0568,HYD,DED,1,HYD-DED
AI 0571,HYD,JAI,4,HYD-JAI
AI 0573,BLR,PAT,1,BLR-PAT
AI 0574,PAT,BLR,1,PAT-BLR
AI 0577,BLR,CCU,6,BLR-CCU
AI 0578,CCU,BLR,6,CCU-BLR
AI 0608,BLR,BOM,7,BLR-BOM
AI 0609,BOM,BLR,7,BOM-BLR
AI 0611,BOM,JAI,4,BOM-JAI
AI 0612,JAI,BOM,4,JAI-BOM
AI 0617,BOM,HYD,3,BOM-HYD
AI 0618,HYD,BOM,3,HYD-BOM
AI 0624,DEL,BOM,6,DEL-BOM
AI 0625,BOM,LKO,3,BOM-LKO
AI 0626,LKO,BOM,3,LKO-BOM
AI 0627,BOM,NAG,4,BOM-NAG
AI 0628,NAG,BOM,4,NAG-BOM
AI 0631,BOM,BHO,7,BOM-BHO
AI 0632,BHO,BOM,7,BHO-BOM
AI 0637,BOM,AMD,1,BOM-AMD
AI 0638,AMD,BOM,1,AMD-BOM
AI 0639,BOM,BLR,5,BOM-BLR
AI 0640,BLR,BOM,5,BLR-BOM
AI 0641,BOM,BDQ,2,BOM-BDQ
AI 0642,BDQ,BOM,2,BDQ-BOM
AI 0645,BOM,JDH,3,BOM-JDH
AI 0646,JDH,BOM,3,JDH-BOM
AI 0647,BOM,JGA,4,BOM-JGA
AI 0648,JGA,BOM,4,JGA-BOM
AI 0649,BOM,ATQ,3,BOM-ATQ
AI 0650,ATQ,BOM,3,ATQ-BOM
AI 0651,BOM,RPR,3,BOM-RPR
AI 0652,BOM,RPR,4,BOM-RPR
AI 0653,RPR,BOM,4,RPR-BOM
AI 0655,BOM,RAJ,4,BOM-RAJ
AI 0656,RAJ,BOM,4,RAJ-BOM
AI 0657,BOM,CJB,3,BOM-CJB
AI 0658,CJB,BOM,3,CJB-BOM
AI 0659,BOM,TIR,2,BOM-TIR
AI 0660,TIR,BOM,2,TIR-BOM
AI 0663,BOM,GOI,4,BOM-GOI
AI 0664,GOI,BOM,4,GOI-BOM
AI 0667,GOI,STV,1,GOI-STV
AI 0669,BOM,BBI,6,BOM-BBI
AI 0670,BBI,BOM,4,BBI-BOM
AI 0671,BOM,MAA,7,BOM-MAA
AI 0672,IXM,MAA,7,IXM-MAA
AI 0674,CCU,STV,1,CCU-STV
AI 0675,BOM,CCU,3,BOM-CCU
AI 0676,CCU,BOM,3,CCU-BOM
AI 0677,DEL,BOM,7,DEL-BOM
AI 0678,BOM,DEL,7,BOM-DEL
AI 0679,BOM,IXE,4,BOM-IXE
AI 0680,BLR,IXE,4,BLR-IXE
AI 0681,BOM,COK,3,BOM-COK
AI 0682,COK,BOM,3,COK-BOM
AI 0683,BOM,GOI,4,BOM-GOI
AI 0684,GOI,BOM,4,GOI-BOM
AI 0685,BOM,MAA,6,BOM-MAA
AI 0686,MAA,BOM,6,MAA-BOM
AI 0687,BOM,DEL,6,BOM-DEL
AI 0688,BOM,DED,2,BOM-DED
AI 0689,DED,BOM,2,DED-BOM
AI 0693,BOM,TRV,4,BOM-TRV
AI 0694,TRV,BOM,4,TRV-BOM
AI 0695,BOM,VNS,4,BOM-VNS
AI 0696,VNS,BOM,4,VNS-BOM
AI 0697,BOM,PAT,3,BOM-PAT
AI 0698,PAT,BOM,3,PAT-BOM
AI 0701,CCU,DEL,5,CCU-DEL
AI 0702,DEL,CCU,5,DEL-CCU
AI 0705,CCU,DIB,4,CCU-DIB
AI 0706,DIB,CCU,4,DIB-CCU
AI 0707,BOM,IDR,2,BOM-IDR
AI 0708,IDR,BOM,2,IDR-BOM
AI 0709,CCU,DMU,2,CCU-DMU
AI 0710,DMU,CCU,2,DMU-CCU
AI 0713,CCU,IMF,1,CCU-IMF
AI 0714,AJL,IMF,1,AJL-IMF
AI 0715,CCU,PNQ,4,CCU-PNQ
AI 0716,PNQ,CCU,2,PNQ-CCU
AI 0717,PNQ,LKO,2,PNQ-LKO
AI 0718,LKO,CCU,2,LKO-CCU
AI 0719,CCU,BBI,1,CCU-BBI
AI 0720,BBI,CCU,1,BBI-CCU
AI 0721,CCU,IXB,2,CCU-IXB
AI 0722,IXB,CCU,2,IXB-CCU
AI 0727,BLR,GAU,3,BLR-GAU
AI 0728,GAU,BLR,3,GAU-BLR
AI 0729,CCU,GAU,4,CCU-GAU
AI 0730,GAU,CCU,4,GAU-CCU
AI 0738,BLR,BBI,3,BLR-BBI
AI 0739,BBI,BLR,3,BBI-BLR
AI 0745,CCU,IXA,3,CCU-IXA
AI 0746,IXA,CCU,3,IXA-CCU
AI 0753,CCU,IXS,2,CCU-IXS
AI 0754,IXS,CCU,2,IXS-CCU
AI 0765,CCU,MAA,2,CCU-MAA
AI 0766,MAA,CCU,2,MAA-CCU
AI 0773,BOM,CCU,3,BOM-CCU
AI 0774,CCU,BOM,3,CCU-BOM
AI 0775,CCU,BLR,7,CCU-BLR
AI 0776,BLR,CCU,7,BLR-CCU
AI 0777,BOM,CCU,3,BOM-CCU
AI 0778,CCU,BOM,3,CCU-BOM
AI 0787,CCU,IXZ,1,CCU-IXZ
AI 0788,IXZ,CCU,1,IXZ-CCU
AI 0803,DEL,BLR,7,DEL-BLR
AI 0804,BLR,DEL,6,BLR-DEL
AI 0809,BOM,DEL,7,BOM-DEL
AI 0811,DEL,LKO,7,DEL-LKO
AI 0812,LKO,DEL,7,LKO-DEL
AI 0819,DEL,BDQ,3,DEL-BDQ
AI 0820,BDQ,DEL,3,BDQ-DEL
AI 0821,DEL,IXJ,7,DEL-IXJ
AI 0822,SXR,IXJ,7,SXR-IXJ
AI 0827,DEL,SXR,1,DEL-SXR
AI 0828,SXR,DEL,1,SXR-DEL
AI 0840,HYD,DEL,5,HYD-DEL
AI 0849,DEL,PNQ,7,DEL-PNQ
AI 0850,PNQ,DEL,7,PNQ-DEL
AI 0851,DEL,PNQ,7,DEL-PNQ
AI 0852,PNQ,DEL,1,PNQ-DEL
AI 0863,DEL,BOM,6,DEL-BOM
AI 0865,DEL,BOM,4,DEL-BOM
AI 0866,BOM,DEL,4,BOM-DEL
AI 0879,DEL,IXB,1,DEL-IXB
AI 0880,IXB,DEL,1,IXB-DEL
AI 0883,DEL,GOI,1,DEL-GOI
AI 0884,GOI,DEL,1,GOI-DEL
AI 0887,DEL,BOM,7,DEL-BOM
AI 0888,BOM,DEL,6,BOM-DEL
AI 0889,DEL,IMF,4,DEL-IMF
AI 0890,IMF,DEL,4,IMF-DEL
AI 0891,DEL,GAU,3,DEL-GAU
AI 0892,GAU,DEL,3,GAU-DEL
AI 0893,DEL,DIB,1,DEL-DIB
AI 0894,DIB,DEL,1,DIB-DEL
AI 0895,DEL,IXA,1,DEL-IXA
AI 0896,IXA,DEL,1,IXA-DEL
AI 0897,DEL,GAU,3,DEL-GAU
AI 0898,GAU,DEL,3,GAU-DEL
AI 3415,IXL,IXC,3,IXL-IXC
AI 3416,IXC,IXL,3,IXC-IXL
AI 3419,DEL,IXL,2,DEL-IXL
AI 3420,IXL,DEL,2,IXL-DEL
AI 3425,DEL,SXR,1,DEL-SXR
AI 3426,SXR,DEL,1,SXR-DEL
AI 3427,DEL,DIB,1,DEL-DIB
AI 3449,DEL,IXL,3,DEL-IXL
AI 3450,IXL,DEL,3,IXL-DEL
AI 3713,CCU,IMF,1,CCU-IMF
AI 3714,IMF,CCU,1,IMF-CCU
AI 3722,CCU,AJL,1,CCU-AJL
AI 3743,CCU,IXA,1,CCU-IXA
AI 3744,IXA,CCU,1,IXA-CCU
AI 3829,SXR,IXJ,2,SXR-IXJ
AI 3830,IXJ,SXR,2,IXJ-SXR
AI 3887,DEL,BOM,1,DEL-BOM
G8 101,DEL,CCU,7,DEL-CCU
G8 102,CCU,DEL,2,CCU-DEL
G8 104,IXC,DEL,7,IXC-DEL
G8 105,DEL,CCU,6,DEL-CCU
G8 107,DEL,IXC,7,DEL-IXC
G8 108,DEL,IXC,7,DEL-IXC
G8 109,AMD,LKO,6,AMD-LKO
G8 110,AMD,IXC,6,AMD-IXC
G8 1109,AMD,LKO,7,AMD-LKO
G8 113,DEL,BLR,7,DEL-BLR
G8 114,CCU,IXZ,7,CCU-IXZ
G8 115,IXZ,CCU,7,IXZ-CCU
G8 116,BLR,DEL,1,BLR-DEL
G8 1171,DEL,PNQ,7,DEL-PNQ
G8 118,BLR,DEL,6,BLR-DEL
G8 119,DEL,BLR,7,DEL-BLR
G8 121,BPM,BLR,5,BPM-BLR
G8 131,DEL,PAT,7,DEL-PAT
G8 132,PAT,DEL,7,PAT-DEL
G8 138,LKO,AMD,6,LKO-AMD
G8 1381,BOM,IXC,7,BOM-IXC
G8 141,NAG,BOM,1,NAG-BOM
G8 143,DEL,PAT,7,DEL-PAT
G8 144,PAT,DEL,7,PAT-DEL
G8 145,DEL,IXR,7,DEL-IXR
G8 146,IXR,DEL,1,IXR-DEL
G8 148,IXR,DEL,6,IXR-DEL
G8 149,IXC,SXR,1,IXC-SXR
G8 150,PAT,DEL,4,PAT-DEL
G8 151,DEL,GAU,7,DEL-GAU
G8 152,GAU,DEL,6,GAU-DEL
G8 153,DEL,IXB,7,DEL-IXB
G8 154,IXB,DEL,1,IXB-DEL
G8 157,DEL,IXB,1,DEL-IXB
G8 163,LKO,CCU,7,LKO-CCU
G8 167,DEL,IXR,7,DEL-IXR
G8 169,DEL,SXR,6,DEL-SXR
G8 170,SXR,DEL,7,SXR-DEL
G8 171,IXJ,DEL,6,IXJ-DEL
G8 172,PNQ,DEL,1,PNQ-DEL
G8 173,DEL,PNQ,7,DEL-PNQ
G8 174,PNQ,DEL,7,PNQ-DEL
G8 175,LKO,DEL,7,LKO-DEL
G8 180,DEL,SXR,7,DEL-SXR
G8 181,SXR,DEL,3,SXR-DEL
G8 182,DEL,VNS,6,DEL-VNS
G8 1823,DEL,ATQ,7,DEL-ATQ
G8 1824,ATQ,DEL,7,ATQ-DEL
G8 1827,DEL,STV,6,DEL-STV
G8 1828,STV,DEL,6,STV-DEL
G8 1829,DEL,ATQ,7,DEL-ATQ
G8 183,VNS,DEL,6,VNS-DEL
G8 1830,ATQ,DEL,7,ATQ-DEL
G8 1831,DEL,DED,7,DEL-DED
G8 1832,DED,DEL,6,DED-DEL
G8 1833,DEL,STV,6,DEL-STV
G8 1834,STV,DEL,7,STV-DEL
G8 1835,DEL,DED,7,DEL-DED
G8 1836,DED,DEL,1,DED-DEL
G8 1837,BOM,DED,7,BOM-DED
G8 1838,DED,BOM,7,DED-BOM
G8 1839,BPM,SAG,7,BPM-SAG
G8 1840,SAG,BPM,7,SAG-BPM
G8 1841,BOM,TIR,7,BOM-TIR
G8 1843,TIR,BOM,7,TIR-BOM
G8 1845,BPM,TIR,1,BPM-TIR
G8 1846,TIR,BPM,1,TIR-BPM
G8 185,DEL,IXJ,1,DEL-IXJ
G8 1853,BLR,STV,1,BLR-STV
G8 1854,STV,BLR,7,STV-BLR
G8 1855,DEL,SAG,1,DEL-SAG
G8 1856,SAG,DEL,7,SAG-DEL
G8 1858,BOM,ATQ,7,BOM-ATQ
G8 1859,ATQ,BOM,7,ATQ-BOM
G8 1860,DEL,TIR,6,DEL-TIR
G8 1861,TIR,DEL,1,TIR-DEL
G8 1865,CCU,STV,7,CCU-STV
G8 1866,STV,CCU,7,STV-CCU
G8 1867,STV,CCU,7,STV-CCU
G8 1868,CCU,STV,7,CCU-STV
G8 187,DEL,SXR,7,DEL-SXR
G8 1872,BOM,BPM,1,BOM-BPM
G8 1873,BPM,VTZ,4,BPM-VTZ
G8 1874,VTZ,BPM,7,VTZ-BPM
G8 1875,BPM,BOM,6,BPM-BOM
G8 1878,BPM,STV,7,BPM-STV
G8 1879,STV,BPM,1,STV-BPM
G8 188,DEL,LKO,7,DEL-LKO
G8 1880,PAT,IXR,7,PAT-IXR
G8 1881,IXR,PAT,1,IXR-PAT
G8 1882,PAT,IXR,2,PAT-IXR
G8 1883,IXR,PAT,6,IXR-PAT
G8 1886,DEL,VTZ,6,DEL-VTZ
G8 1887,VTZ,DEL,7,VTZ-DEL
G8 189,SXR,DEL,2,SXR-DEL
G8 190,DEL,SXR,7,DEL-SXR
G8 191,DEL,SXR,1,DEL-SXR
G8 192,SXR,DEL,7,SXR-DEL
G8 193,SXR,DEL,7,SXR-DEL
G8 194,DEL,GOI,7,DEL-GOI
G8 195,GOI,DEL,1,GOI-DEL
G8 196,IXJ,DEL,6,IXJ-DEL
G8 198,DEL,PAT,7,DEL-PAT
G8 199,DEL,SXR,1,DEL-SXR
G8 203,DEL,IXL,3,DEL-IXL
G8 204,IXL,DEL,3,IXL-DEL
G8 205,DEL,IXL,7,DEL-IXL
G8 206,IXL,DEL,7,IXL-DEL
G8 207,DEL,LKO,7,DEL-LKO
G8 208,LKO,DEL,7,LKO-DEL
G8 220,IXL,DEL,4,IXL-DEL
G8 221,DEL,IXL,4,DEL-IXL
G8 225,DEL,IXL,7,DEL-IXL
G8 226,IXL,DEL,7,IXL-DEL
G8 227,CCU,DEL,1,CCU-DEL
G8 229,PAT,DEL,7,PAT-DEL
G8 231,DEL,PAT,7,DEL-PAT
G8 241,BLR,PNQ,1,BLR-PNQ
G8 242,PNQ,BLR,6,PNQ-BLR
G8 244,BOM,AMD,7,BOM-AMD
G8 247,AMD,BOM,7,AMD-BOM
G8 2501,DEL,BOM,1,DEL-BOM
G8 2504,BOM,AMD,7,BOM-AMD
G8 2505,AMD,BOM,6,AMD-BOM
G8 2506,BOM,IXC,1,BOM-IXC
G8 2507,IXC,BOM,6,IXC-BOM
G8 2508,BOM,DEL,7,BOM-DEL
G8 2511,DEL,PAT,7,DEL-PAT
G8 2512,PAT,DEL,7,PAT-DEL
G8 2513,DEL,PNQ,7,DEL-PNQ
G8 2541,PNQ,DEL,6,PNQ-DEL
G8 2600,NAG,BOM,7,NAG-BOM
G8 2601,BOM,NAG,7,BOM-NAG
G8 2603,CJB,PNQ,4,CJB-PNQ
G8 2604,CJB,BOM,7,CJB-BOM
G8 2606,GOI,BOM,3,GOI-BOM
G8 2607,BOM,JAI,5,BOM-JAI
G8 2608,JAI,BOM,7,JAI-BOM
G8 2609,DEL,LKO,7,DEL-LKO
G8 2610,LKO,DEL,1,LKO-DEL
G8 2620,LKO,BOM,6,LKO-BOM
G8 268,DEL,LKO,7,DEL-LKO
G8 269,LKO,DEL,7,LKO-DEL
G8 273,PAT,BLR,1,PAT-BLR
G8 274,BLR,PAT,1,BLR-PAT
G8 283,PNQ,NAG,1,PNQ-NAG
G8 284,NAG,PNQ,1,NAG-PNQ
G8 285,BLR,GOI,7,BLR-GOI
G8 286,DEL,GOI,6,DEL-GOI
G8 287,IXJ,SXR,5,IXJ-SXR
G8 288,BOM,SXR,7,BOM-SXR
G8 294,BLR,BPM,1,BLR-BPM
G8 299,CCU,LKO,2,CCU-LKO
G8 300,DEL,GOI,7,DEL-GOI
G8 3001,BOM,SXR,7,BOM-SXR
G8 3002,SXR,BOM,7,SXR-BOM
G8 3005,BOM,GOI,7,BOM-GOI
G8 3006,GOI,BOM,3,GOI-BOM
G8 3007,BOM,GOI,7,BOM-GOI
G8 3008,GOI,BOM,1,GOI-BOM
G8 3009,DEL,SXR,1,DEL-SXR
G8 301,GOI,DEL,6,GOI-DEL
G8 3010,SXR,DEL,6,SXR-DEL
G8 3011,DEL,SXR,7,DEL-SXR
G8 3012,SXR,DEL,1,SXR-DEL
G8 3013,DEL,SXR,7,DEL-SXR
G8 3014,SXR,DEL,1,SXR-DEL
G8 3019,DEL,GOI,7,DEL-GOI
G8 302,MAA,BOM,6,MAA-BOM
G8 3020,GOI,DEL,7,GOI-DEL
G8 3021,AMD,GOI,6,AMD-GOI
G8 3022,GOI,AMD,4,GOI-AMD
G8 3023,AMD,GOI,6,AMD-GOI
G8 3024,GOI,AMD,1,GOI-AMD
G8 303,BOM,MAA,6,BOM-MAA
G8 304,MAA,BOM,7,MAA-BOM
G8 305,MAA,IXZ,1,MAA-IXZ
G8 306,BOM,LKO,4,BOM-LKO
G8 307,LKO,BOM,6,LKO-BOM
G8 308,IXZ,MAA,7,IXZ-MAA
G8 309,MAA,IXZ,1,MAA-IXZ
G8 317,BOM,BLR,7,BOM-BLR
G8 319,BOM,DEL,7,BOM-DEL
G8 320,BLR,BOM,1,BLR-BOM
G8 321,BOM,DEL,7,BOM-DEL
G8 322,BOM,DEL,6,BOM-DEL
G8 323,DEL,BOM,5,DEL-BOM
G8 325,BOM,BLR,7,BOM-BLR
G8 327,BOM,DEL,7,BOM-DEL
G8 329,BOM,DEL,1,BOM-DEL
G8 330,DEL,BOM,1,DEL-BOM
G8 331,BOM,GOI,7,BOM-GOI
G8 332,GOI,BOM,5,GOI-BOM
G8 334,DEL,BOM,6,DEL-BOM
G8 336,DEL,BOM,7,DEL-BOM
G8 338,DEL,BOM,7,DEL-BOM
G8 339,BOM,DEL,6,BOM-DEL
G8 341,BOM,DEL,7,BOM-DEL
G8 344,BOM,NAG,7,BOM-NAG
G8 345,COK,BOM,7,COK-BOM
G8 346,DEL,BOM,7,DEL-BOM
G8 347,BOM,COK,6,BOM-COK
G8 348,COK,BOM,7,COK-BOM
G8 349,BOM,VNS,7,BOM-VNS
G8 350,VNS,BOM,7,VNS-BOM
G8 351,BOM,PAT,1,BOM-PAT
G8 352,PAT,BOM,7,PAT-BOM
G8 354,DEL,BOM,7,DEL-BOM
G8 357,DEL,IXL,7,DEL-IXL
G8 358,SXR,DEL,7,SXR-DEL
G8 363,BOM,AMD,7,BOM-AMD
G8 364,BOM,AMD,6,BOM-AMD
G8 365,BOM,AMD,7,BOM-AMD
G8 368,CNN,BOM,6,CNN-BOM
G8 369,BOM,IXE,6,BOM-IXE
G8 370,IXE,BOM,1,IXE-BOM
G8 371,BOM,GOI,7,BOM-GOI
G8 372,GOI,BOM,7,GOI-BOM
G8 373,IXR,BOM,1,IXR-BOM
G8 374,BLR,IXR,1,BLR-IXR
G8 375,IXR,BLR,1,IXR-BLR
G8 376,BOM,IXR,7,BOM-IXR
G8 378,BOM,BBI,7,BOM-BBI
G8 379,BBI,BOM,1,BBI-BOM
G8 380,GOI,BOM,1,GOI-BOM
G8 381,AMD,BOM,6,AMD-BOM
G8 382,IXC,BOM,1,IXC-BOM
G8 383,BOM,BLR,7,BOM-BLR
G8 384,BOM,GOI,7,BOM-GOI
G8 385,BLR,BOM,1,BLR-BOM
G8 386,IXL,SXR,1,IXL-SXR
G8 387,BOM,IXR,7,BOM-IXR
G8 388,IXR,BOM,1,IXR-BOM
G8 389,JAI,BOM,4,JAI-BOM
G8 390,BOM,JAI,7,BOM-JAI
G8 391,BOM,DEL,7,BOM-DEL
G8 392,DEL,BOM,7,DEL-BOM
G8 393,CCU,PNQ,3,CCU-PNQ
G8 394,PNQ,CCU,6,PNQ-CCU
G8 395,BLR,BOM,7,BLR-BOM
G8 396,LKO,BOM,1,LKO-BOM
G8 397,BOM,LKO,7,BOM-LKO
G8 398,BOM,BLR,7,BOM-BLR
G8 399,BLR,BOM,1,BLR-BOM
G8 400,DEL,AJL,7,DEL-AJL
G8 401,BLR,IXR,1,BLR-IXR
G8 402,IXR,BLR,7,IXR-BLR
G8 403,BLR,VNS,5,BLR-VNS
G8 404,DEL,VNS,6,DEL-VNS
G8 405,AJL,GAU,6,AJL-GAU
G8 413,AMD,BOM,6,AMD-BOM
G8 422,DEL,BPM,7,DEL-BPM
G8 423,DEL,BPM,1,DEL-BPM
G8 424,BPM,DEL,1,BPM-DEL
G8 426,BPM,DEL,7,BPM-DEL
G8 451,MAA,PNQ,7,MAA-PNQ
G8 452,PNQ,MAA,4,PNQ-MAA
G8 459,AMD,BOM,7,AMD-BOM
G8 461,BOM,IXC,7,BOM-IXC
G8 465,IXC,BOM,1,IXC-BOM
G8 501,BPM,COK,1,BPM-COK
G8 502,COK,BPM,6,COK-BPM
G8 503,BPM,MAA,5,BPM-MAA
G8 504,MAA,BPM,7,MAA-BPM
G8 506,BPM,GOI,6,BPM-GOI
G8 507,BPM,GOI,7,BPM-GOI
G8 509,GOI,BPM,7,GOI-BPM
G8 511,BOM,CCU,1,BOM-CCU
G8 512,CCU,BOM,1,CCU-BOM
G8 530,DEL,BOM,7,DEL-BOM
G8 532,AMD,CCU,6,AMD-CCU
G8 537,AMD,BOM,7,AMD-BOM
G8 538,CCU,IXB,7,CCU-IXB
G8 546,GAU,CCU,7,GAU-CCU
G8 551,BPM,AMD,7,BPM-AMD
G8 558,DEL,IXR,7,DEL-IXR
G8 563,IXR,DEL,7,IXR-DEL
G8 575,BOM,AMD,1,BOM-AMD
G8 661,BPM,GOI,1,BPM-GOI
G8 662,GOI,BPM,1,GOI-BPM
G8 665,CCU,IXA,7,CCU-IXA
G8 666,IXA,CCU,7,IXA-CCU
G8 676,CCU,GAU,1,CCU-GAU
G8 677,GAU,CCU,7,GAU-CCU
G8 697,DEL,IXJ,7,DEL-IXJ
G8 701,CCU,JAI,7,CCU-JAI
G8 702,JAI,CCU,2,JAI-CCU
G8 703,JAI,CCU,7,JAI-CCU
G8 704,CCU,JAI,7,CCU-JAI
G8 705,BOM,IXR,7,BOM-IXR
G8 706,IXR,BOM,1,IXR-BOM
G8 707,AMD,JAI,7,AMD-JAI
G8 708,AMD,COK,7,AMD-COK
G8 709,AMD,BPM,6,AMD-BPM
G8 713,DEL,AMD,5,DEL-AMD
G8 714,AMD,DEL,7,AMD-DEL
G8 717,DEL,AMD,7,DEL-AMD
G8 718,AMD,DEL,7,AMD-DEL
G8 719,DEL,AMD,7,DEL-AMD
G8 720,AMD,DEL,7,AMD-DEL
G8 721,AMD,PNQ,7,AMD-PNQ
G8 722,PNQ,AMD,7,PNQ-AMD
G8 734,COK,AMD,1,COK-AMD
G8 758,IXB,GAU,7,IXB-GAU
G8 801,BLR,AMD,7,BLR-AMD
G8 802,AMD,BLR,7,AMD-BLR
G8 803,BLR,AMD,7,BLR-AMD
G8 804,AMD,BLR,7,AMD-BLR
G8 805,BLR,JAI,7,BLR-JAI
G8 806,LKO,BLR,7,LKO-BLR
G8 807,IXC,BLR,2,IXC-BLR
G8 808,BLR,LKO,1,BLR-LKO
G8 813,BPM,GOI,1,BPM-GOI
G8 814,GOI,BPM,1,GOI-BPM
G8 815,BLR,PNQ,6,BLR-PNQ
G8 816,PNQ,BLR,7,PNQ-BLR
G8 817,BLR,CCU,7,BLR-CCU
G8 818,CCU,BLR,7,CCU-BLR
G8 873,BLR,PAT,1,BLR-PAT
G8 874,PAT,BLR,1,PAT-BLR
G8 881,NAG,PNQ,1,NAG-PNQ
G8 882,PNQ,NAG,6,PNQ-NAG
G8 911,AMD,IXC,6,AMD-IXC
G8 912,AMD,MAA,1,AMD-MAA
G8 913,AMD,GOI,7,AMD-GOI
G8 914,GOI,AMD,6,GOI-AMD
G8 915,AMD,GOI,7,AMD-GOI
G8 917,MAA,GOI,7,MAA-GOI
G8 918,GOI,MAA,1,GOI-MAA
G8 950,AMD,IXJ,6,AMD-IXJ
G8 953,AMD,VNS,6,AMD-VNS
G8 954,VNS,AMD,6,VNS-AMD
I5 1124,BLR,COK,6,BLR-COK
I5 1125,COK,BLR,6,COK-BLR
I5 1127,BLR,COK,6,BLR-COK
I5 1128,COK,BLR,6,COK-BLR
I5 1129,BLR,COK,6,BLR-COK
I5 1130,COK,BLR,1,COK-BLR
I5 1228,BLR,AMD,1,BLR-AMD
I5 1229,AMD,BLR,7,AMD-BLR
I5 1321,GOI,BLR,6,GOI-BLR
I5 1322,BLR,GOI,1,BLR-GOI
I5 1324,BLR,GOI,1,BLR-GOI
I5 1325,GOI,BLR,6,GOI-BLR
I5 1328,BLR,GOI,1,BLR-GOI
I5 1329,GOI,BLR,1,GOI-BLR
I5 1334,BLR,GOI,1,BLR-GOI
I5 1335,GOI,BLR,1,GOI-BLR
I5 1354,BLR,COK,1,BLR-COK
I5 1355,COK,BLR,1,COK-BLR
I5 1358,BLR,IDR,1,BLR-IDR
I5 1359,IDR,BLR,1,IDR-BLR
I5 1424,BLR,PNQ,7,BLR-PNQ
I5 1425,PNQ,BLR,7,PNQ-BLR
I5 1426,PNQ,JAI,1,PNQ-JAI
I5 1427,PNQ,BLR,1,PNQ-BLR
I5 1451,BLR,COK,1,BLR-COK
I5 1452,BLR,VTZ,1,BLR-VTZ
I5 1453,VTZ,BLR,1,VTZ-BLR
I5 1454,BLR,DEL,7,BLR-DEL
I5 1455,DEL,BLR,7,DEL-BLR
I5 1458,BLR,VTZ,1,BLR-VTZ
I5 1459,VTZ,BLR,7,VTZ-BLR
I5 1472,BLR,PNQ,1,BLR-PNQ
I5 1473,PNQ,BLR,1,PNQ-BLR
I5 1475,STV,BLR,7,STV-BLR
I5 1476,BLR,STV,1,BLR-STV
I5 1477,BLR,STV,7,BLR-STV
I5 1478,STV,BLR,7,STV-BLR
I5 1516,BLR,HYD,6,BLR-HYD
I5 1517,HYD,GOI,6,HYD-GOI
I5 1518,GOI,HYD,6,GOI-HYD
I5 1519,HYD,BLR,6,HYD-BLR
I5 1526,COK,HYD,1,COK-HYD
I5 1527,HYD,BLR,1,HYD-BLR
I5 1528,BLR,HYD,1,BLR-HYD
I5 1529,HYD,COK,1,HYD-COK
I5 1538,BLR,VTZ,7,BLR-VTZ
I5 1539,VTZ,BLR,7,VTZ-BLR
I5 1543,JAI,HYD,7,JAI-HYD
I5 1558,BLR,BBI,1,BLR-BBI
I5 1559,BBI,BLR,4,BBI-BLR
I5 1562,BLR,BBI,1,BLR-BBI
I5 1563,CCU,BBI,7,CCU-BBI
I5 1564,HYD,BBI,7,HYD-BBI
I5 1565,BBI,BLR,7,BBI-BLR
I5 1567,BLR,BBI,7,BLR-BBI
I5 1568,BBI,HYD,7,BBI-HYD
I5 1572,HYD,COK,7,HYD-COK
I5 1573,COK,HYD,6,COK-HYD
I5 1576,BLR,HYD,7,BLR-HYD
I5 1578,HYD,BLR,7,HYD-BLR
I5 1582,BLR,HYD,6,BLR-HYD
I5 1583,HYD,BLR,6,HYD-BLR
I5 1585,HYD,BLR,6,HYD-BLR
I5 1620,BLR,HYD,5,BLR-HYD
I5 1621,BLR,IXR,1,BLR-IXR
I5 1622,IXR,BLR,1,IXR-BLR
I5 1624,BLR,COK,6,BLR-COK
I5 1628,BLR,ATQ,1,BLR-ATQ
I5 1629,ATQ,BLR,7,ATQ-BLR
I5 1720,BLR,JAI,1,BLR-JAI
I5 1721,JAI,BLR,7,JAI-BLR
I5 1722,BLR,HYD,6,BLR-HYD
I5 1723,HYD,BLR,6,HYD-BLR
I5 1724,BLR,JAI,3,BLR-JAI
I5 1725,JAI,BLR,3,JAI-BLR
I5 1727,COK,BLR,6,COK-BLR
I5 1728,BLR,JAI,1,BLR-JAI
I5 1729,JAI,BLR,7,JAI-BLR
I5 1731,COK,BLR,1,COK-BLR
I5 1825,IXC,BLR,6,IXC-BLR
I5 1826,BLR,IXC,1,BLR-IXC
I5 1828,BLR,CCU,7,BLR-CCU
I5 1829,CCU,BLR,7,CCU-BLR
I5 1882,BLR,GAU,1,BLR-GAU
I5 1982,BLR,GAU,1,BLR-GAU
I5 1983,GAU,BLR,1,GAU-BLR
I5 2335,BLR,PNQ,5,BLR-PNQ
I5 2336,PNQ,BLR,7,PNQ-BLR
I5 2380,MAA,BLR,7,MAA-BLR
I5 2381,MAA,HYD,7,MAA-HYD
I5 2382,HYD,MAA,7,HYD-MAA
I5 2383,MAA,BBI,7,MAA-BBI
I5 2386,MAA,BLR,7,MAA-BLR
I5 2389,BLR,MAA,7,BLR-MAA
I5 2392,BLR,IXB,7,BLR-IXB
I5 2393,IXB,BLR,7,IXB-BLR
I5 2464,GOI,IDR,1,GOI-IDR
I5 2465,IDR,GOI,7,IDR-GOI
I5 2467,BLR,IDR,1,BLR-IDR
I5 2469,IDR,BLR,7,IDR-BLR
I5 2472,BLR,CCU,7,BLR-CCU
I5 2473,CCU,BLR,7,CCU-BLR
I5 2474,BLR,MAA,6,BLR-MAA
I5 2475,MAA,BLR,6,MAA-BLR
I5 2676,CCU,NAG,7,CCU-NAG
I5 2678,BLR,NAG,1,BLR-NAG
I5 2679,NAG,BLR,1,NAG-BLR
I5 2878,BLR,DEL,7,BLR-DEL
I5 2879,DEL,BLR,7,DEL-BLR
I5 2886,BLR,IDR,1,BLR-IDR
I5 2887,IDR,BLR,1,IDR-BLR
I5 2990,CCU,GAU,7,CCU-GAU
I5 2991,CCU,GAU,7,CCU-GAU
I5 302,BOM,BLR,7,BOM-BLR
I5 303,BLR,BOM,7,BLR-BOM
I5 304,BLR,BOM,7,BLR-BOM
I5 306,BLR,BOM,1,BLR-BOM
I5 308,BOM,BLR,5,BOM-BLR
I5 309,BOM,HYD,1,BOM-HYD
I5 310,HYD,BOM,1,HYD-BOM
I5 312,BOM,MAA,5,BOM-MAA
I5 313,MAA,BOM,5,MAA-BOM
I5 314,DEL,BOM,1,DEL-BOM
I5 315,BOM,DEL,6,BOM-DEL
I5 316,CCU,BOM,1,CCU-BOM
I5 317,BOM,CCU,7,BOM-CCU
I5 325,BOM,COK,5,BOM-COK
I5 326,COK,BOM,6,COK-BOM
I5 327,BOM,GOI,1,BOM-GOI
I5 328,GOI,BOM,1,GOI-BOM
I5 329,IXC,BOM,4,IXC-BOM
I5 330,BOM,DEL,7,BOM-DEL
I5 331,HYD,BOM,7,HYD-BOM
I5 332,IXC,DEL,6,IXC-DEL
I5 334,BLR,BOM,7,BLR-BOM
I5 335,BOM,BLR,5,BOM-BLR
I5 339,BOM,BLR,7,BOM-BLR
I5 344,BOM,HYD,1,BOM-HYD
I5 346,BLR,MAA,2,BLR-MAA
I5 347,MAA,BLR,7,MAA-BLR
I5 353,MAA,HYD,7,MAA-HYD
I5 354,HYD,MAA,7,HYD-MAA
I5 355,HYD,BLR,7,HYD-BLR
I5 359,BLR,AMD,1,BLR-AMD
I5 360,BLR,AMD,5,BLR-AMD
I5 361,AMD,BLR,2,AMD-BLR
I5 362,BLR,HYD,6,BLR-HYD
I5 364,BLR,HYD,1,BLR-HYD
I5 374,BOM,IDR,2,BOM-IDR
I5 375,IDR,BOM,2,IDR-BOM
I5 378,CCU,HYD,7,CCU-HYD
I5 379,HYD,CCU,7,HYD-CCU
I5 390,BOM,MAA,7,BOM-MAA
I5 391,MAA,BOM,7,MAA-BOM
I5 441,MAA,IXB,7,MAA-IXB
I5 442,IXB,MAA,7,IXB-MAA
I5 445,MAA,IDR,7,MAA-IDR
I5 446,MAA,COK,4,MAA-COK
I5 447,COK,MAA,7,COK-MAA
I5 448,MAA,GOI,7,MAA-GOI
I5 449,GOI,MAA,7,GOI-MAA
I5 450,MAA,VTZ,7,MAA-VTZ
I5 451,MAA,COK,7,MAA-COK
I5 452,MAA,AMD,6,MAA-AMD
I5 453,AMD,MAA,6,AMD-MAA
I5 454,MAA,PNQ,6,MAA-PNQ
I5 455,PNQ,MAA,7,PNQ-MAA
I5 456,COK,MAA,1,COK-MAA
I5 461,MAA,GOI,1,MAA-GOI
I5 462,GOI,MAA,1,GOI-MAA
I5 463,MAA,COK,1,MAA-COK
I5 464,COK,MAA,1,COK-MAA
I5 471,BOM,GOI,7,BOM-GOI
I5 472,GOI,BOM,7,GOI-BOM
I5 481,BOM,DEL,7,BOM-DEL
I5 482,IXC,DEL,7,IXC-DEL
I5 501,IXA,IMF,3,IXA-IMF
I5 502,IXA,CCU,3,IXA-CCU
I5 510,CCU,HYD,7,CCU-HYD
I5 511,IDR,HYD,6,IDR-HYD
I5 512,MAA,CCU,7,MAA-CCU
I5 513,IDR,HYD,7,IDR-HYD
I5 514,HYD,BLR,1,HYD-BLR
I5 515,BLR,HYD,6,BLR-HYD
I5 516,HYD,IDR,6,HYD-IDR
I5 517,MAA,HYD,5,MAA-HYD
I5 518,VTZ,CCU,7,VTZ-CCU
I5 519,CCU,VTZ,1,CCU-VTZ
I5 522,CCU,MAA,1,CCU-MAA
I5 524,CCU,IMF,7,CCU-IMF
I5 525,IMF,CCU,7,IMF-CCU
I5 529,GAU,CCU,1,GAU-CCU
I5 535,CCU,BBI,1,CCU-BBI
I5 536,BLR,BBI,1,BLR-BBI
I5 538,CCU,GAU,7,CCU-GAU
I5 539,GAU,CCU,7,GAU-CCU
I5 540,DEL,CCU,7,DEL-CCU
I5 541,CCU,GAU,7,CCU-GAU
I5 542,GAU,CCU,7,GAU-CCU
I5 543,BLR,BBI,2,BLR-BBI
I5 545,DEL,IXR,7,DEL-IXR
I5 546,BOM,DEL,1,BOM-DEL
I5 547,CCU,DEL,7,CCU-DEL
I5 548,DEL,CCU,1,DEL-CCU
I5 549,IXR,DEL,7,IXR-DEL
I5 550,DEL,CCU,7,DEL-CCU
I5 551,CCU,DEL,7,CCU-DEL
I5 552,CCU,DEL,1,CCU-DEL
I5 553,DEL,IXC,6,DEL-IXC
I5 554,JAI,DEL,7,JAI-DEL
I5 556,CCU,MAA,2,CCU-MAA
I5 557,MAA,CCU,7,MAA-CCU
I5 559,SXR,DEL,1,SXR-DEL
I5 562,JAI,DEL,1,JAI-DEL
I5 578,DEL,CCU,7,DEL-CCU
I5 579,CCU,DEL,7,CCU-DEL
I5 580,IXA,GAU,4,IXA-GAU
I5 581,IXA,CCU,4,IXA-CCU
I5 582,CCU,IXB,7,CCU-IXB
I5 583,IXB,CCU,7,IXB-CCU
I5 584,CCU,GAU,7,CCU-GAU
I5 585,GAU,CCU,7,GAU-CCU
I5 588,IXB,CCU,7,IXB-CCU
I5 589,CCU,IXB,7,CCU-IXB
I5 591,CCU,BLR,7,CCU-BLR
I5 592,BLR,CCU,7,BLR-CCU
I5 598,CCU,PNQ,7,CCU-PNQ
I5 599,PNQ,CCU,7,PNQ-CCU
I5 601,DEL,JAI,1,DEL-JAI
I5 602,JAI,DEL,1,JAI-DEL
I5 604,AMD,DEL,1,AMD-DEL
I5 605,IDR,DEL,1,IDR-DEL
I5 6050,IDR,DEL,1,IDR-DEL
I5 607,HYD,DEL,1,HYD-DEL
I5 609,DEL,IXC,1,DEL-IXC
I5 610,IXC,DEL,1,IXC-DEL
I5 612,DEL,IXC,1,DEL-IXC
I5 613,IXC,DEL,1,IXC-DEL
I5 629,BOM,BBI,3,BOM-BBI
I5 630,BBI,BOM,7,BBI-BOM
I5 631,BOM,IXR,4,BOM-IXR
I5 632,IXR,BOM,6,IXR-BOM
I5 637,HYD,CCU,4,HYD-CCU
I5 671,BOM,CCU,3,BOM-CCU
I5 672,CCU,BOM,3,CCU-BOM
I5 6722,BLR,DEL,1,BLR-DEL
I5 675,BLR,GAU,6,BLR-GAU
I5 676,GAU,BLR,7,GAU-BLR
I5 678,BOM,GAU,3,BOM-GAU
I5 679,GAU,BOM,4,GAU-BOM
I5 701,DEL,AMD,7,DEL-AMD
I5 702,AMD,DEL,7,AMD-DEL
I5 703,DEL,AMD,7,DEL-AMD
I5 704,AMD,DEL,7,AMD-DEL
I5 705,IXC,DEL,7,IXC-DEL
I5 706,BOM,DEL,7,BOM-DEL
I5 709,DEL,SXR,1,DEL-SXR
I5 710,SXR,DEL,7,SXR-DEL
I5 712,DEL,SXR,7,DEL-SXR
I5 713,SXR,DEL,7,SXR-DEL
I5 715,DEL,SXR,7,DEL-SXR
I5 716,SXR,DEL,7,SXR-DEL
I5 718,DEL,HYD,7,DEL-HYD
I5 719,HYD,DEL,7,HYD-DEL
I5 721,DEL,BLR,7,DEL-BLR
I5 722,BLR,DEL,7,BLR-DEL
I5 726,DEL,HYD,7,DEL-HYD
I5 727,HYD,DEL,7,HYD-DEL
I5 728,DEL,PNQ,7,DEL-PNQ
I5 729,PNQ,DEL,7,PNQ-DEL
I5 731,DEL,PNQ,7,DEL-PNQ
I5 732,PNQ,DEL,7,PNQ-DEL
I5 735,DEL,PNQ,4,DEL-PNQ
I5 736,PNQ,DEL,4,PNQ-DEL
I5 737,BLR,DEL,7,BLR-DEL
I5 738,DEL,BLR,7,DEL-BLR
I5 740,DEL,BLR,7,DEL-BLR
I5 741,BLR,DEL,1,BLR-DEL
I5 742,DEL,IXB,7,DEL-IXB
I5 743,IXB,DEL,7,IXB-DEL
I5 744,DEL,IXR,7,DEL-IXR
I5 745,IXR,DEL,7,IXR-DEL
I5 746,DEL,SXR,1,DEL-SXR
I5 747,SXR,DEL,1,SXR-DEL
I5 748,DEL,IDR,1,DEL-IDR
I5 749,IDR,DEL,7,IDR-DEL
I5 750,DEL,IDR,7,DEL-IDR
I5 751,IDR,DEL,7,IDR-DEL
I5 752,DEL,IDR,1,DEL-IDR
I5 753,IDR,DEL,7,IDR-DEL
I5 754,DEL,HYD,7,DEL-HYD
I5 755,HYD,DEL,7,HYD-DEL
I5 756,DEL,IXB,7,DEL-IXB
I5 757,IXB,DEL,7,IXB-DEL
I5 758,DEL,AMD,5,DEL-AMD
I5 761,DEL,MAA,1,DEL-MAA
I5 762,MAA,DEL,7,MAA-DEL
I5 763,DEL,MAA,7,DEL-MAA
I5 764,MAA,DEL,7,MAA-DEL
I5 765,DEL,MAA,7,DEL-MAA
I5 766,MAA,DEL,7,MAA-DEL
I5 767,DEL,IXB,7,DEL-IXB
I5 768,IXB,DEL,7,IXB-DEL
I5 771,AMD,HYD,5,AMD-HYD
I5 772,AMD,DEL,5,AMD-DEL
I5 773,DEL,GOI,7,DEL-GOI
I5 774,GOI,DEL,7,GOI-DEL
I5 775,DEL,GOI,1,DEL-GOI
I5 776,GOI,DEL,7,GOI-DEL
I5 778,GOI,DEL,7,GOI-DEL
I5 779,DEL,GOI,1,DEL-GOI
I5 780,IMF,DEL,7,IMF-DEL
I5 781,DEL,JAI,7,DEL-JAI
I5 782,JAI,DEL,7,JAI-DEL
I5 783,GAU,IMF,7,GAU-IMF
I5 784,GAU,DEL,7,GAU-DEL
I5 785,DEL,GAU,7,DEL-GAU
I5 786,GAU,DEL,7,GAU-DEL
I5 787,DEL,GAU,1,DEL-GAU
I5 788,DEL,IMF,7,DEL-IMF
I5 789,GAU,DEL,7,GAU-DEL
I5 791,DEL,COK,1,DEL-COK
I5 792,COK,DEL,7,COK-DEL
I5 793,AMD,DEL,7,AMD-DEL
I5 795,DEL,AMD,7,DEL-AMD
I5 796,AMD,DEL,7,AMD-DEL
I5 797,GOI,DEL,7,GOI-DEL
I5 798,DEL,GOI,7,DEL-GOI
I5 799,GOI,DEL,7,GOI-DEL
I5 802,MAA,VTZ,7,MAA-VTZ
I5 803,MAA,BOM,7,MAA-BOM
I5 810,MAA,AMD,5,MAA-AMD
I5 811,MAA,BLR,1,MAA-BLR
I5 813,BBI,DEL,7,BBI-DEL
I5 814,COK,DEL,7,COK-DEL
I5 816,DEL,PNQ,4,DEL-PNQ
I5 817,PNQ,DEL,3,PNQ-DEL
I5 871,CCU,BOM,3,CCU-BOM
I5 881,DEL,BOM,1,DEL-BOM
I5 882,IXB,DEL,1,IXB-DEL
I5 883,DEL,BOM,7,DEL-BOM
I5 884,BOM,DEL,7,BOM-DEL
I5 920,DEL,JAI,4,DEL-JAI
I5 921,JAI,CCU,4,JAI-CCU
I5 923,CCU,DEL,1,CCU-DEL
I5 941,BLR,BOM,1,BLR-BOM
I5 942,JAI,BOM,6,JAI-BOM
I5 950,DEL,JAI,7,DEL-JAI
I5 951,JAI,DEL,7,JAI-DEL
I5 960,DEL,GAU,7,DEL-GAU
I5 961,GAU,DEL,7,GAU-DEL
I5 966,DEL,IXB,3,DEL-IXB
I5 967,IXB,DEL,3,IXB-DEL
I5 968,DEL,COK,7,DEL-COK
I5 969,COK,DEL,7,COK-DEL
I5 970,GOI,MAA,6,GOI-MAA
I5 971,GOI,BLR,1,GOI-BLR
I5 972,BLR,HYD,1,BLR-HYD
I5 973,HYD,BLR,7,HYD-BLR
I5 975,BLR,PNQ,7,BLR-PNQ
I5 976,PNQ,BLR,2,PNQ-BLR
I5 978,DEL,CCU,3,DEL-CCU
I5 979,CCU,DEL,3,CCU-DEL
I5 980,DEL,GOI,7,DEL-GOI
I5 981,GOI,DEL,7,GOI-DEL
I5 983,BLR,BOM,7,BLR-BOM
I5 984,BOM,BLR,7,BOM-BLR
I5 990,BLR,CCU,7,BLR-CCU
S9 101,IDR,RAI,3,IDR-RAI
S9 102,IDR,AMD,1,IDR-AMD
S9 111,AMD,IDR,1,AMD-IDR
S9 121,AMD,BHO,5,AMD-BHO
S9 122,BHO,AMD,5,BHO-AMD
S9 131,AMD,IDR,6,AMD-IDR
S9 132,IDR,AMD,6,IDR-AMD
SG  103,MAA,IXM,6,MAA-IXM
SG  106,MAA,DEL,6,MAA-DEL
SG  107,DEL,MAA,7,DEL-MAA
SG  108,MAA,DEL,5,MAA-DEL
SG  113,BPM,DBR,7,BPM-DBR
SG  114,DBR,BOM,6,DBR-BOM
SG  115,BOM,DBR,6,BOM-DBR
SG  116,DBR,BPM,6,DBR-BPM
SG  117,BPM,CCU,7,BPM-CCU
SG  118,CCU,BPM,7,CCU-BPM
SG  121,DEL,IXL,7,DEL-IXL
SG  122,DEL,JSA,3,DEL-JSA
SG  123,DEL,IXL,7,DEL-IXL
SG  124,IXL,DEL,7,IXL-DEL
SG  125,IXB,DEL,7,IXB-DEL
SG  136,BLR,DEL,6,BLR-DEL
SG  143,DEL,BLR,7,DEL-BLR
SG  150,GOI,BOM,3,GOI-BOM
SG  151,DEL,IXL,7,DEL-IXL
SG  152,GOI,CCU,4,GOI-CCU
SG  154,GOI,CCU,3,GOI-CCU
SG  163,BOM,IXB,4,BOM-IXB
SG  168,IXB,BOM,4,IXB-BOM
SG  170,DEL,SXR,1,DEL-SXR
SG  183,MAA,VNS,6,MAA-VNS
SG  184,VNS,MAA,6,VNS-MAA
SG  185,MAA,AMD,4,MAA-AMD
SG  186,AMD,MAA,4,AMD-MAA
SG  190,BLR,DEL,7,BLR-DEL
SG  191,DEL,BLR,6,DEL-BLR
SG  192,BLR,DEL,7,BLR-DEL
SG  197,DEL,BLR,6,DEL-BLR
SG  198,BLR,DEL,6,BLR-DEL
SG  201,BOM,VNS,3,BOM-VNS
SG  202,VNS,BOM,3,VNS-BOM
SG  203,MAA,GAU,4,MAA-GAU
SG  204,GAU,MAA,4,GAU-MAA
SG  205,DEL,IXG,2,DEL-IXG
SG  206,IXG,DEL,2,IXG-DEL
SG  207,BLR,RAJ,7,BLR-RAJ
SG  208,RAJ,BLR,7,RAJ-BLR
SG  209,BLR,JRG,1,BLR-JRG
SG  210,JRG,BLR,1,JRG-BLR
SG  211,BOM,JAI,4,BOM-JAI
SG  212,JAI,BOM,4,JAI-BOM
SG  223,BOM,RAJ,7,BOM-RAJ
SG  224,RAJ,BOM,7,RAJ-BOM
SG  236,BOM,JAI,7,BOM-JAI
SG  237,JAI,BOM,7,JAI-BOM
SG  241,BOM,CCU,3,BOM-CCU
SG  242,CCU,BOM,3,CCU-BOM
SG  246,BOM,VNS,3,BOM-VNS
SG  247,VNS,BOM,3,VNS-BOM
SG  248,BLR,CCU,1,BLR-CCU
SG  249,CCU,BLR,1,CCU-BLR
SG  251,BOM,MAA,4,BOM-MAA
SG  252,MAA,BOM,4,MAA-BOM
SG  253,DEL,CCU,7,DEL-CCU
SG  254,CCU,DEL,7,CCU-DEL
SG  258,BOM,PAT,7,BOM-PAT
SG  261,DEL,IXL,7,DEL-IXL
SG  262,DEL,MAA,7,DEL-MAA
SG  263,DEL,CCU,7,DEL-CCU
SG  264,CCU,DEL,7,CCU-DEL
SG  265,MAA,DEL,7,MAA-DEL
SG  272,DEL,CCU,6,DEL-CCU
SG  274,CCU,PNQ,3,CCU-PNQ
SG  275,PNQ,CCU,3,PNQ-CCU
SG  276,BOM,ATQ,3,BOM-ATQ
SG  277,CCU,MAA,7,CCU-MAA
SG  278,MAA,CCU,7,MAA-CCU
SG  279,ATQ,BOM,3,ATQ-BOM
SG  280,BOM,SXR,1,BOM-SXR
SG  281,IXJ,BOM,4,IXJ-BOM
SG  282,BOM,COK,4,BOM-COK
SG  283,COK,BOM,4,COK-BOM
SG  284,PAT,BOM,7,PAT-BOM
SG  285,BOM,DED,3,BOM-DED
SG  290,DED,BOM,3,DED-BOM
SG  292,DEL,CCU,7,DEL-CCU
SG  296,MAA,RDP,3,MAA-RDP
SG  297,DBR,MAA,4,DBR-MAA
SG  323,MAA,IXB,3,MAA-IXB
SG  324,IXB,MAA,3,IXB-MAA
SG  327,BLR,IXB,3,BLR-IXB
SG  328,IXB,BLR,1,IXB-BLR
SG  329,MAA,SAG,3,MAA-SAG
SG  330,SAG,MAA,3,SAG-MAA
SG  331,MAA,RDP,4,MAA-RDP
SG  332,RDP,MAA,4,RDP-MAA
SG  337,CCU,SXR,6,CCU-SXR
SG  338,SXR,CCU,6,SXR-CCU
SG  341,JAI,GAU,7,JAI-GAU
SG  342,GAU,JAI,7,GAU-JAI
SG  343,CCU,PAT,4,CCU-PAT
SG  344,PAT,CCU,4,PAT-CCU
SG  345,MAA,GAU,5,MAA-GAU
SG  346,GAU,MAA,5,GAU-MAA
SG  347,BPM,AMD,6,BPM-AMD
SG  348,AMD,BPM,6,AMD-BPM
SG  349,BOM,GOI,7,BOM-GOI
SG  353,IXE,BOM,7,IXE-BOM
SG  354,BOM,RDP,3,BOM-RDP
SG  355,RDP,BOM,3,RDP-BOM
SG  356,BOM,IXE,7,BOM-IXE
SG  357,VNS,BOM,4,VNS-BOM
SG  361,BLR,DEL,7,BLR-DEL
SG  362,DEL,BLR,7,DEL-BLR
SG  363,GAU,BPM,2,GAU-BPM
SG  364,BPM,GAU,2,BPM-GAU
SG  365,BOM,CCU,7,BOM-CCU
SG  366,CCU,BOM,7,CCU-BOM
SG  371,BOM,ATQ,7,BOM-ATQ
SG  372,ATQ,BOM,7,ATQ-BOM
SG  373,DEL,SXR,7,DEL-SXR
SG  374,SXR,DEL,7,SXR-DEL
SG  376,CCU,STV,4,CCU-STV
SG  377,CCU,PAT,6,CCU-PAT
SG  378,BOM,JRG,3,BOM-JRG
SG  379,JRG,BOM,3,JRG-BOM
SG  385,BOM,GOP,7,BOM-GOP
SG  386,GOP,BOM,7,GOP-BOM
SG  387,CCU,MAA,3,CCU-MAA
SG  388,MAA,CCU,3,MAA-CCU
SG  389,DEL,PAT,7,DEL-PAT
SG  390,PAT,DEL,7,PAT-DEL
SG  391,AMD,DBR,6,AMD-DBR
SG  392,DBR,AMD,6,DBR-AMD
SG  393,CCU,DEL,1,CCU-DEL
SG  394,DEL,CCU,2,DEL-CCU
SG  395,MAA,PNQ,3,MAA-PNQ
SG  396,GAU,PNQ,3,GAU-PNQ
SG  401,BLR,CCU,7,BLR-CCU
SG  406,CCU,BLR,7,CCU-BLR
SG  411,DEL,GOP,7,DEL-GOP
SG  412,GOP,DEL,7,GOP-DEL
SG  415,GOP,BOM,7,GOP-BOM
SG  421,BPM,VTZ,7,BPM-VTZ
SG  422,BPM,PAT,7,BPM-PAT
SG  423,PNQ,MAA,2,PNQ-MAA
SG  424,BLR,PNQ,4,BLR-PNQ
SG  429,BOM,KNU,7,BOM-KNU
SG  430,KNU,BOM,7,KNU-BOM
SG  435,BOM,RAJ,7,BOM-RAJ
SG  436,RAJ,BOM,7,RAJ-BOM
SG  438,BLR,BOM,7,BLR-BOM
SG  439,BOM,GOI,7,BOM-GOI
SG  442,GOI,BOM,7,GOI-BOM
SG  445,MAA,CCU,3,MAA-CCU
SG  446,MAA,BPM,3,MAA-BPM
SG  450,IXB,CCU,3,IXB-CCU
SG  451,MAA,IXB,3,MAA-IXB
SG  452,IXB,MAA,3,IXB-MAA
SG  454,GOI,BOM,7,GOI-BOM
SG  455,BOM,GOI,4,BOM-GOI
SG  456,BLR,BOM,6,BLR-BOM
SG  467,BPM,TIR,6,BPM-TIR
SG  468,BPM,BOM,6,BPM-BOM
SG  471,DEL,SAG,3,DEL-SAG
SG  472,DEL,BPM,7,DEL-BPM
SG  478,BOM,GOP,7,BOM-GOP
SG  479,GOP,BOM,7,GOP-BOM
SG  487,GOI,BOM,4,GOI-BOM
SG  488,CCU,BOM,7,CCU-BOM
SG  489,CCU,BOM,3,CCU-BOM
SG  490,BOM,CCU,4,BOM-CCU
SG  493,BLR,DBR,1,BLR-DBR
SG  494,DBR,BLR,7,DBR-BLR
SG  497,BOM,BLR,6,BOM-BLR
SG  501,AMD,MAA,6,AMD-MAA
SG  502,MAA,AMD,6,MAA-AMD
SG  506,DEL,RDP,7,DEL-RDP
SG  507,DEL,BOM,7,DEL-BOM
SG  508,DEL,RDP,4,DEL-RDP
SG  514,DEL,ISK,7,DEL-ISK
SG  515,ISK,DEL,7,ISK-DEL
SG  516,BLR,PNQ,5,BLR-PNQ
SG  517,BLR,CCU,7,BLR-CCU
SG  519,PNQ,BLR,4,PNQ-BLR
SG  520,MAA,GOI,7,MAA-GOI
SG  521,GOI,MAA,7,GOI-MAA
SG  523,AMD,PNQ,4,AMD-PNQ
SG  524,PNQ,AMD,4,PNQ-AMD
SG  530,MAA,PNQ,2,MAA-PNQ
SG  539,AMD,IXJ,6,AMD-IXJ
SG  540,IXJ,AMD,6,IXJ-AMD
SG  541,AMD,IXB,6,AMD-IXB
SG  542,IXB,AMD,6,IXB-AMD
SG  547,MAA,PAT,4,MAA-PAT
SG  548,PAT,MAA,4,PAT-MAA
SG  549,BOM,GAU,4,BOM-GAU
SG  550,GAU,BOM,4,GAU-BOM
SG  563,BLR,DED,6,BLR-DED
SG  564,DED,BLR,6,DED-BLR
SG  583,BLR,DED,6,BLR-DED
SG  584,DED,BLR,6,DED-BLR
SG  585,BLR,SXR,6,BLR-SXR
SG  586,SXR,BLR,4,SXR-BLR
SG  601,BOM,GOI,7,BOM-GOI
SG  605,MAA,COK,5,MAA-COK
SG  606,COK,MAA,5,COK-MAA
SG  607,IXZ,MAA,3,IXZ-MAA
SG  608,MAA,GAU,5,MAA-GAU
SG  609,MAA,IXZ,7,MAA-IXZ
SG  610,IXZ,MAA,7,IXZ-MAA
SG  611,MAA,IXM,6,MAA-IXM
SG  612,MAA,BOM,2,MAA-BOM
SG  623,MAA,CCU,7,MAA-CCU
SG  626,CCU,MAA,7,CCU-MAA
SG  634,BOM,BLR,7,BOM-BLR
SG  635,BLR,BOM,7,BLR-BOM
SG  636,AMD,BOM,7,AMD-BOM
SG  637,BOM,AMD,7,BOM-AMD
SG  638,AMD,BOM,6,AMD-BOM
SG  639,BPM,AMD,6,BPM-AMD
SG  647,CCU,ISK,6,CCU-ISK
SG  648,ISK,CCU,6,ISK-CCU
SG  649,CCU,IXB,4,CCU-IXB
SG  650,IXB,CCU,4,IXB-CCU
SG  651,CCU,KNU,7,CCU-KNU
SG  652,KNU,CCU,7,KNU-CCU
SG  657,BLR,CCU,7,BLR-CCU
SG  658,GAU,CCU,7,GAU-CCU
SG  678,MAA,BOM,6,MAA-BOM
SG  679,CCU,GOI,7,CCU-GOI
SG  680,GOI,CCU,7,GOI-CCU
SG  693,BLR,DBR,7,BLR-DBR
SG  694,DBR,BLR,7,DBR-BLR
SG  695,MAA,GAU,7,MAA-GAU
SG  696,GAU,MAA,1,GAU-MAA
SG  699,MAA,GAU,7,MAA-GAU
SG  703,BOM,BPM,6,BOM-BPM
SG  704,BPM,BOM,6,BPM-BOM
SG  705,BPM,BLR,5,BPM-BLR
SG  708,BLR,BPM,5,BLR-BPM
SG  714,BLR,IXB,5,BLR-IXB
SG  731,MAA,BPM,7,MAA-BPM
SG  732,BPM,MAA,7,BPM-MAA
SG  741,BLR,CCU,7,BLR-CCU
SG  742,CCU,BLR,7,CCU-BLR
SG  744,BLR,BPM,7,BLR-BPM
SG  749,IXL,SXR,7,IXL-SXR
SG  750,SXR,BOM,7,SXR-BOM
SG  756,PAT,PNQ,6,PAT-PNQ
SG  757,PNQ,PAT,6,PNQ-PAT
SG  760,IXB,BLR,5,IXB-BLR
SG  765,MAA,JRG,7,MAA-JRG
SG  766,JRG,MAA,7,JRG-MAA
SG  767,PAT,BLR,1,PAT-BLR
SG  768,BLR,PAT,7,BLR-PAT
SG  788,BLR,BOM,3,BLR-BOM
SG  789,BOM,BLR,3,BOM-BLR
SG  816,DEL,SXR,6,DEL-SXR
SG  817,DEL,BPM,6,DEL-BPM
SG  901,DEL,BLR,7,DEL-BLR
SG  902,BLR,DEL,7,BLR-DEL
SG  903,DEL,BLR,7,DEL-BLR
SG  904,BOM,DEL,7,BOM-DEL
SG  905,DEL,BOM,7,DEL-BOM
SG  906,MAA,BLR,7,MAA-BLR
SG  907,BLR,MAA,7,BLR-MAA
SG  908,MAA,BLR,7,MAA-BLR
SG  909,CCU,DEL,7,CCU-DEL
SG  910,DEL,AMD,7,DEL-AMD
SG  911,BOM,CCU,7,BOM-CCU
SG  912,CCU,BOM,7,CCU-BOM
SG  913,MAA,CCU,7,MAA-CCU
SG  914,DEL,MAA,7,DEL-MAA
SG  915,MAA,DEL,7,MAA-DEL
SG  916,BOM,GAU,7,BOM-GAU
SG  917,GAU,BOM,7,GAU-BOM
SG  918,AMD,DEL,7,AMD-DEL
SG  919,BOM,PAT,7,BOM-PAT
SG  920,DEL,PAT,7,DEL-PAT
SG  921,DEL,PAT,7,DEL-PAT
SG  922,AMD,JAI,5,AMD-JAI
SG  923,AMD,GOI,6,AMD-GOI
SG  924,DEL,GAU,7,DEL-GAU
SG  925,GAU,DEL,7,GAU-DEL
SG  926,MAA,PAT,4,MAA-PAT
SG  927,DEL,PNQ,7,DEL-PNQ
SG  928,PNQ,DEL,7,PNQ-DEL
SG  929,BLR,MAA,7,BLR-MAA
SG  930,BLR,COK,7,BLR-COK
SG  931,AMD,GOI,1,AMD-GOI
SG  932,DED,BOM,4,DED-BOM
SG  933,GOI,DEL,1,GOI-DEL
SG  934,DEL,GOI,1,DEL-GOI
SG  935,BLR,RDP,4,BLR-RDP
SG  936,RDP,BLR,4,RDP-BLR
SG  937,AMD,BLR,7,AMD-BLR
SG  938,AMD,BLR,7,AMD-BLR
SG  942,SAG,DEL,7,SAG-DEL
SG  944,BOM,DBR,7,BOM-DBR
SG  945,DBR,BOM,7,DBR-BOM
SG  946,DEL,SAG,6,DEL-SAG
SG  947,BLR,PAT,3,BLR-PAT
SG  948,PAT,BLR,3,PAT-BLR
SG  954,AMD,PAT,6,AMD-PAT
SG  955,AMD,MAA,6,AMD-MAA
SG  956,MAA,AMD,3,MAA-AMD
SG  957,DEL,SXR,7,DEL-SXR
SG  958,SXR,DEL,7,SXR-DEL
SG  960,DEL,GOP,4,DEL-GOP
SG  961,CCU,MAA,1,CCU-MAA
SG  962,MAA,CCU,1,MAA-CCU
SG  963,DEL,SXR,6,DEL-SXR
SG  964,IXJ,SXR,6,IXJ-SXR
SG  965,PNQ,STV,5,PNQ-STV
SG  966,AMD,JAI,7,AMD-JAI
SG  967,BLR,JRG,4,BLR-JRG
SG  968,JAI,AMD,7,JAI-AMD
SG  969,DED,DEL,7,DED-DEL
SG  970,DEL,DED,7,DEL-DED
SG  971,AMD,VNS,3,AMD-VNS
SG  972,BOM,BLR,7,BOM-BLR
SG  973,BOM,GOP,7,BOM-GOP
SG  974,GOP,BOM,7,GOP-BOM
SG  975,ATQ,BOM,3,ATQ-BOM
SG  976,BOM,ATQ,3,BOM-ATQ
SG  977,BOM,DBR,7,BOM-DBR
SG  978,BOM,DBR,7,BOM-DBR
SG  979,CCU,PAT,7,CCU-PAT
SG  980,PAT,CCU,7,PAT-CCU
SG  981,BLR,PAT,7,BLR-PAT
SG  982,RAJ,BPM,7,RAJ-BPM
SG 1003,BPM,VGA,4,BPM-VGA
SG 1004,BPM,PNY,4,BPM-PNY
SG 1006,BPM,KQH,6,BPM-KQH
SG 1007,KQH,BPM,7,KQH-BPM
SG 1027,BLR,IXG,7,BLR-IXG
SG 1028,IXG,BLR,7,IXG-BLR
SG 1035,BLR,IXE,2,BLR-IXE
SG 1036,IXE,BLR,4,IXE-BLR
SG 1041,BPM,TIR,1,BPM-TIR
SG 1042,BPM,IXM,1,BPM-IXM
SG 1047,BPM,TIR,5,BPM-TIR
SG 1048,TIR,BPM,5,TIR-BPM
SG 1059,BPM,VTZ,5,BPM-VTZ
SG 1060,VTZ,BPM,5,VTZ-BPM
SG 1061,BPM,VGA,5,BPM-VGA
SG 1063,BLR,BPM,6,BLR-BPM
SG 1073,BPM,TIR,7,BPM-TIR
SG 1074,TIR,BPM,7,TIR-BPM
SG 1075,BPM,TIR,2,BPM-TIR
SG 1076,TIR,BPM,2,TIR-BPM
SG 1077,BPM,STV,4,BPM-STV
SG 1078,STV,BPM,4,STV-BPM
SG 1079,BPM,TIR,3,BPM-TIR
SG 1080,TIR,BPM,3,TIR-BPM
SG 1092,SAG,BPM,4,SAG-BPM
SG 1093,TIR,BPM,5,TIR-BPM
SG 1094,BPM,TIR,5,BPM-TIR
SG 1096,BPM,SAG,4,BPM-SAG
SG 1110,JRG,PAT,7,JRG-PAT
SG 1112,PAT,JRG,7,PAT-JRG
SG 1198,BLR,DEL,7,BLR-DEL
SG 1215,BLR,SAG,1,BLR-SAG
SG 1216,SAG,BLR,1,SAG-BLR
SG 1233,BLR,MAA,4,BLR-MAA
SG 1238,BPM,BLR,6,BPM-BLR
SG 1239,BLR,BPM,7,BLR-BPM
SG 1268,SAG,BLR,2,SAG-BLR
SG 1314,IXM,BPM,1,IXM-BPM
SG 1366,CCU,BOM,3,CCU-BOM
SG 1388,MAA,CCU,3,MAA-CCU
SG 1602,VGA,BPM,5,VGA-BPM
SG 2033,DEL,DED,7,DEL-DED
SG 2034,DED,DEL,7,DED-DEL
SG 2035,JAI,DED,3,JAI-DED
SG 2036,DED,JAI,3,DED-JAI
SG 2327,DEL,DED,4,DEL-DED
SG 2328,DED,DEL,4,DED-DEL
SG 2345,DEL,DHM,1,DEL-DHM
SG 2346,DHM,DEL,1,DHM-DEL
SG 2348,DEL,IXY,7,DEL-IXY
SG 2349,IXY,DEL,7,IXY-DEL
SG 2420,VNS,DEL,4,VNS-DEL
SG 2468,DEL,DHM,6,DEL-DHM
SG 2469,DHM,DEL,6,DHM-DEL
SG 2471,DEL,DED,6,DEL-DED
SG 2472,DED,DEL,6,DED-DEL
SG 2508,CCU,VTZ,7,CCU-VTZ
SG 2509,VTZ,CCU,7,VTZ-CCU
SG 2538,DEL,VNS,4,DEL-VNS
SG 2548,IXG,BOM,7,IXG-BOM
SG 2642,JLR,DEL,7,JLR-DEL
SG 2643,DEL,RAJ,7,DEL-RAJ
SG 2644,RAJ,DEL,7,RAJ-DEL
SG 2684,BOM,STV,7,BOM-STV
SG 2695,DEL,JDH,5,DEL-JDH
SG 2696,JDH,DEL,5,JDH-DEL
SG 2745,DEL,KNU,7,DEL-KNU
SG 2746,KNU,DEL,7,KNU-DEL
SG 2763,JAI,STV,7,JAI-STV
SG 2768,DEL,KQH,7,DEL-KQH
SG 2769,KQH,DEL,7,KQH-DEL
SG 2770,DEL,DED,6,DEL-DED
SG 2772,DEL,VNS,7,DEL-VNS
SG 2773,JAI,STV,7,JAI-STV
SG 2774,BOM,STV,7,BOM-STV
SG 2775,STV,BOM,7,STV-BOM
SG 2778,DEL,DHM,7,DEL-DHM
SG 2779,DHM,DEL,7,DHM-DEL
SG 2789,BPM,ISK,7,BPM-ISK
SG 2790,ISK,BPM,7,ISK-BPM
SG 2861,DED,DEL,6,DED-DEL
SG 2871,DEL,JLR,7,DEL-JLR
SG 2872,JLR,BOM,7,JLR-BOM
SG 2873,BOM,PBD,7,BOM-PBD
SG 2874,PBD,BOM,7,PBD-BOM
SG 2875,BOM,IXY,6,BOM-IXY
SG 2876,IXY,BOM,6,IXY-BOM
SG 2891,MAA,GOI,6,MAA-GOI
SG 2892,GOI,MAA,6,GOI-MAA
SG 2931,AMD,ATQ,6,AMD-ATQ
SG 2932,ATQ,AMD,6,ATQ-AMD
SG 2937,AMD,DED,7,AMD-DED
SG 2938,DED,AMD,7,DED-AMD
SG 2948,JAI,AMD,1,JAI-AMD
SG 2951,BPM,JLR,7,BPM-JLR
SG 2952,JLR,BPM,7,JLR-BPM
SG 2956,JLR,DEL,7,JLR-DEL
SG 2957,DEL,JLR,7,DEL-JLR
SG 2971,AMD,VNS,3,AMD-VNS
SG 2972,VNS,AMD,3,VNS-AMD
SG 2973,AMD,GOI,1,AMD-GOI
SG 2974,GOI,AMD,1,GOI-AMD
SG 2976,AMD,KQH,4,AMD-KQH
SG 2977,AMD,GOI,3,AMD-GOI
SG 2978,GOI,AMD,3,GOI-AMD
SG 2979,DHM,DEL,7,DHM-DEL
SG 2980,DEL,JAI,7,DEL-JAI
SG 2981,DEL,VNS,7,DEL-VNS
SG 2982,DEL,DHM,7,DEL-DHM
SG 2985,JAI,VNS,7,JAI-VNS
SG 2986,VNS,DEL,7,VNS-DEL
SG 2987,JAI,AMD,5,JAI-AMD
SG 2988,AMD,JAI,5,AMD-JAI
SG 3001,BHU,BOM,6,BHU-BOM
SG 3002,BOM,KQH,4,BOM-KQH
SG 3003,KQH,BOM,4,KQH-BOM
SG 3004,BHU,DEL,6,BHU-DEL
SG 3008,BLR,IXE,1,BLR-IXE
SG 3009,IXE,BLR,7,IXE-BLR
SG 3010,BLR,MAA,1,BLR-MAA
SG 3011,MAA,BLR,7,MAA-BLR
SG 3012,PNQ,JLR,4,PNQ-JLR
SG 3013,JLR,PNQ,4,JLR-PNQ
SG 3014,AMD,KQH,3,AMD-KQH
SG 3015,KQH,AMD,3,KQH-AMD
SG 3016,BLR,COK,6,BLR-COK
SG 3017,COK,BLR,6,COK-BLR
SG 3018,AMD,UDR,2,AMD-UDR
SG 3019,UDR,AMD,2,UDR-AMD
SG 3021,MAA,CJB,4,MAA-CJB
SG 3022,CJB,MAA,4,CJB-MAA
SG 3023,BLR,JLR,1,BLR-JLR
SG 3024,CJB,MAA,2,CJB-MAA
SG 3025,MAA,BLR,7,MAA-BLR
SG 3026,BLR,MAA,7,BLR-MAA
SG 3029,DEL,JLR,7,DEL-JLR
SG 3030,JLR,DEL,7,JLR-DEL
SG 3031,COK,MAA,6,COK-MAA
SG 3032,MAA,COK,6,MAA-COK
SG 3071,MAA,IXM,4,MAA-IXM
SG 3072,IXM,MAA,4,IXM-MAA
SG 3073,BLR,VGA,3,BLR-VGA
SG 3074,BLR,MAA,3,BLR-MAA
SG 3083,CJB,BLR,3,CJB-BLR
SG 3084,BLR,CJB,3,BLR-CJB
SG 3091,MAA,IXM,7,MAA-IXM
SG 3092,IXM,MAA,7,IXM-MAA
SG 3105,MAA,GOI,5,MAA-GOI
SG 3106,GOI,MAA,5,GOI-MAA
SG 3217,IXB,CCU,6,IXB-CCU
SG 3218,CCU,IXS,7,CCU-IXS
SG 3219,IXS,CCU,7,IXS-CCU
SG 3220,CCU,IXB,7,CCU-IXB
SG 3221,IXB,CCU,7,IXB-CCU
SG 3222,CCU,KNU,7,CCU-KNU
SG 3223,KNU,CCU,7,KNU-CCU
SG 3224,GWL,IXJ,7,GWL-IXJ
SG 3225,IXJ,GWL,7,IXJ-GWL
SG 3229,CCU,IXB,7,CCU-IXB
SG 3230,IXB,CCU,7,IXB-CCU
SG 3231,MAA,VGA,7,MAA-VGA
SG 3232,VGA,MAA,7,VGA-MAA
SG 3233,BLR,GOI,7,BLR-GOI
SG 3234,GOI,BLR,7,GOI-BLR
SG 3235,DEL,DHM,6,DEL-DHM
SG 3236,DHM,DEL,6,DHM-DEL
SG 3237,DEL,RAJ,7,DEL-RAJ
SG 3238,RAJ,DEL,7,RAJ-DEL
SG 3239,BPM,VTZ,7,BPM-VTZ
SG 3240,VTZ,BPM,7,VTZ-BPM
SG 3241,AMD,GOP,3,AMD-GOP
SG 3242,GOP,AMD,3,GOP-AMD
SG 3245,AMD,GWL,3,AMD-GWL
SG 3246,GWL,AMD,3,GWL-AMD
SG 3247,GWL,BOM,3,GWL-BOM
SG 3248,BOM,GWL,3,BOM-GWL
SG 3265,MAA,GOI,3,MAA-GOI
SG 3266,GOI,MAA,3,GOI-MAA
SG 3272,CCU,IXB,6,CCU-IXB
SG 3281,CCU,JRG,7,CCU-JRG
SG 3282,JRG,CCU,7,JRG-CCU
SG 3283,BPM,JRG,7,BPM-JRG
SG 3284,JRG,BPM,7,JRG-BPM
SG 3301,MAA,BLR,4,MAA-BLR
SG 3302,BLR,MAA,3,BLR-MAA
SG 3307,MAA,BLR,4,MAA-BLR
SG 3309,BLR,VGA,5,BLR-VGA
SG 3310,BLR,MAA,6,BLR-MAA
SG 3318,BLR,MAA,4,BLR-MAA
SG 3321,CCU,IXB,7,CCU-IXB
SG 3322,IXB,CCU,7,IXB-CCU
SG 3323,BOM,IXY,1,BOM-IXY
SG 3324,IXY,BOM,1,IXY-BOM
SG 3325,BLR,GWL,1,BLR-GWL
SG 3326,GWL,BLR,1,GWL-BLR
SG 3347,CCU,GAU,6,CCU-GAU
SG 3348,GAU,CCU,6,GAU-CCU
SG 3407,BLR,MAA,5,BLR-MAA
SG 3408,BLR,VGA,3,BLR-VGA
SG 3417,BLR,IXG,7,BLR-IXG
SG 3418,IXG,BLR,7,IXG-BLR
SG 3419,JAI,STV,4,JAI-STV
SG 3420,JLR,STV,3,JLR-STV
SG 3421,PNQ,STV,4,PNQ-STV
SG 3422,STV,BHU,3,STV-BHU
SG 3423,BHU,STV,3,BHU-STV
SG 3424,STV,BLR,3,STV-BLR
SG 3425,BLR,STV,3,BLR-STV
SG 3426,STV,JAI,7,STV-JAI
SG 3427,BLR,IXE,7,BLR-IXE
SG 3428,IXE,BLR,7,IXE-BLR
SG 3431,BLR,IXE,4,BLR-IXE
SG 3432,TRV,BLR,1,TRV-BLR
SG 3433,AMD,PNQ,3,AMD-PNQ
SG 3434,AMD,JAI,4,AMD-JAI
SG 3435,AMD,GWL,4,AMD-GWL
SG 3436,GWL,BOM,4,GWL-BOM
SG 3437,BOM,GWL,4,BOM-GWL
SG 3438,GWL,AMD,4,GWL-AMD
SG 3439,PNQ,GWL,3,PNQ-GWL
SG 3440,GWL,PNQ,3,GWL-PNQ
SG 3461,BLR,GOI,1,BLR-GOI
SG 3462,GOI,BLR,1,GOI-BLR
SG 3464,AMD,JSA,6,AMD-JSA
SG 3465,BLR,CJB,3,BLR-CJB
SG 3466,BLR,MAA,6,BLR-MAA
SG 3467,MAA,BLR,6,MAA-BLR
SG 3468,BLR,COK,6,BLR-COK
SG 3469,MAA,BPM,6,MAA-BPM
SG 3470,BLR,VTZ,7,BLR-VTZ
SG 3471,VTZ,BLR,7,VTZ-BLR
SG 3472,BLR,CJB,1,BLR-CJB
SG 3473,CJB,BLR,1,CJB-BLR
SG 3474,DED,JAI,3,DED-JAI
SG 3477,BLR,TRV,1,BLR-TRV
SG 3478,TRV,BLR,1,TRV-BLR
SG 3507,CCU,PAT,7,CCU-PAT
SG 3508,PAT,CCU,7,PAT-CCU
SG 3521,ATQ,JAI,4,ATQ-JAI
SG 3525,MAA,IXM,2,MAA-IXM
SG 3526,IXM,MAA,2,IXM-MAA
SG 3562,JAI,ATQ,4,JAI-ATQ
SG 3564,CCU,GWL,7,CCU-GWL
SG 3565,GWL,CCU,7,GWL-CCU
SG 3568,STV,GOI,4,STV-GOI
SG 3569,GOI,STV,4,GOI-STV
SG 3576,BPM,SAG,2,BPM-SAG
SG 3577,SAG,BPM,2,SAG-BPM
SG 3598,VGA,BPM,1,VGA-BPM
SG 3603,BPM,GOI,6,BPM-GOI
SG 3604,GOI,BPM,6,GOI-BPM
SG 3614,BLR,IXE,7,BLR-IXE
SG 3615,IXE,BLR,7,IXE-BLR
SG 3639,BLR,SAG,1,BLR-SAG
SG 3701,DEL,RAJ,4,DEL-RAJ
SG 3702,GOI,RAJ,4,GOI-RAJ
SG 3703,BPM,PNQ,3,BPM-PNQ
SG 3706,BPM,MAA,6,BPM-MAA
SG 3710,BPM,VGA,1,BPM-VGA
SG 3717,GOI,BPM,2,GOI-BPM
SG 3718,BPM,GOI,3,BPM-GOI
SG 3719,BLR,GOI,6,BLR-GOI
SG 3720,GOI,BLR,5,GOI-BLR
SG 3723,GAU,PAT,7,GAU-PAT
SG 3724,ATQ,PAT,3,ATQ-PAT
SG 3725,ATQ,AMD,6,ATQ-AMD
SG 3726,AMD,ATQ,6,AMD-ATQ
SG 3727,SAG,BPM,7,SAG-BPM
SG 3728,BPM,SAG,7,BPM-SAG
SG 3731,BPM,GWL,7,BPM-GWL
SG 3732,IXJ,GWL,6,IXJ-GWL
SG 3733,BPM,IXG,7,BPM-IXG
SG 3734,IXG,BPM,7,IXG-BPM
SG 3735,GWL,IXJ,6,GWL-IXJ
SG 3736,GWL,BPM,7,GWL-BPM
SG 3737,BLR,GWL,6,BLR-GWL
SG 3738,GWL,BLR,6,GWL-BLR
SG 3740,BOM,KQH,7,BOM-KQH
SG 3741,KQH,BOM,7,KQH-BOM
SG 3742,GOI,BLR,3,GOI-BLR
SG 3743,BLR,IXE,1,BLR-IXE
SG 3744,IXE,BLR,1,IXE-BLR
SG 3745,IXG,BOM,7,IXG-BOM
SG 3746,BOM,IXG,7,BOM-IXG
SG 3747,BPM,JLR,7,BPM-JLR
SG 3748,JLR,BPM,7,JLR-BPM
SG 3749,BPM,RAJ,7,BPM-RAJ
SG 3750,IXE,BPM,3,IXE-BPM
SG 3751,BPM,TIR,7,BPM-TIR
SG 3752,TIR,BPM,6,TIR-BPM
SG 3753,BPM,GOI,6,BPM-GOI
SG 3754,GOI,BPM,4,GOI-BPM
SG 3755,DEL,VNS,7,DEL-VNS
SG 3756,VNS,DEL,7,VNS-DEL
SG 3757,DEL,PYG,7,DEL-PYG
SG 3758,PYG,DEL,7,PYG-DEL
SG 3759,JAI,ATQ,1,JAI-ATQ
SG 3760,ATQ,AMD,3,ATQ-AMD
SG 3761,AMD,DED,1,AMD-DED
SG 3762,DED,AMD,1,DED-AMD
SG 3763,AMD,ATQ,7,AMD-ATQ
SG 3764,ATQ,JAI,1,ATQ-JAI
SG 3783,AMD,UDR,4,AMD-UDR
SG 3784,UDR,AMD,4,UDR-AMD
SG 3785,AMD,KNU,6,AMD-KNU
SG 3786,KNU,AMD,6,KNU-AMD
SG 3788,DEL,ATQ,7,DEL-ATQ
SG 3789,ATQ,DEL,7,ATQ-DEL
SG 3790,GAU,VNS,7,GAU-VNS
SG 3791,BLR,IXE,3,BLR-IXE
SG 3792,IXE,BLR,3,IXE-BLR
SG 3831,MAA,VTZ,7,MAA-VTZ
SG 3832,CCU,VTZ,7,CCU-VTZ
SG 3834,BPM,VTZ,7,BPM-VTZ
SG 3835,VTZ,MAA,7,VTZ-MAA
SG 3836,GAU,IXS,7,GAU-IXS
SG 3837,IXS,GAU,7,IXS-GAU
SG 3971,AMD,UDR,1,AMD-UDR
SG 3972,UDR,AMD,1,UDR-AMD
SG 6236,BOM,JAI,4,BOM-JAI
SG 6237,JAI,BOM,4,JAI-BOM
SG 6245,BOM,CJB,1,BOM-CJB
SG 6248,CJB,BOM,1,CJB-BOM
SG 6249,BOM,IXE,5,BOM-IXE
SG 6250,IXE,BOM,5,IXE-BOM
SG 6258,BOM,PAT,7,BOM-PAT
SG 6265,BOM,GAU,7,BOM-GAU
SG 6266,GAU,BOM,7,GAU-BOM
SG 6267,BOM,DEL,7,BOM-DEL
SG 6276,BOM,JAI,5,BOM-JAI
SG 6279,JAI,BOM,5,JAI-BOM
SG 6280,BOM,SXR,7,BOM-SXR
SG 6281,IXJ,BOM,7,IXJ-BOM
SG 6282,BOM,COK,5,BOM-COK
SG 6283,COK,BOM,5,COK-BOM
SG 6284,PAT,BOM,7,PAT-BOM
SG 6285,BOM,DED,5,BOM-DED
SG 6287,BOM,MAA,7,BOM-MAA
SG 6289,MAA,BOM,7,MAA-BOM
SG 6290,DED,BOM,5,DED-BOM
SG 6351,BLR,BOM,5,BLR-BOM
SG 6352,BOM,BLR,5,BOM-BLR
SG 6353,IXE,BOM,6,IXE-BOM
SG 6354,BOM,RDP,7,BOM-RDP
SG 6355,RDP,BOM,7,RDP-BOM
SG 6356,BOM,IXE,6,BOM-IXE
SG 6361,BOM,CJB,5,BOM-CJB
SG 6362,CJB,BOM,5,CJB-BOM
SG 6363,BPM,BOM,5,BPM-BOM
SG 6364,BOM,BPM,5,BOM-BPM
SG 6365,BOM,CCU,7,BOM-CCU
SG 6366,CCU,BOM,7,CCU-BOM
SG 6371,BOM,ATQ,6,BOM-ATQ
SG 6372,ATQ,BOM,6,ATQ-BOM
SG 6373,BOM,IXB,7,BOM-IXB
SG 6374,IXB,BOM,7,IXB-BOM
SG 6378,BOM,IXM,3,BOM-IXM
SG 6379,IXM,BOM,3,IXM-BOM
SG 6421,BOM,CCU,5,BOM-CCU
SG 6422,CCU,BOM,5,CCU-BOM
SG 6425,CCU,PAT,6,CCU-PAT
SG 6426,BOM,PAT,6,BOM-PAT
SG 6429,BOM,KNU,7,BOM-KNU
SG 6430,KNU,BOM,7,KNU-BOM
SG 6431,BOM,BPM,3,BOM-BPM
SG 6432,BPM,BOM,3,BPM-BOM
SG 6435,BOM,RAJ,6,BOM-RAJ
SG 6436,RAJ,BOM,6,RAJ-BOM
SG 6437,BOM,TRV,3,BOM-TRV
SG 6438,TRV,BOM,3,TRV-BOM
SG 6439,BOM,GOI,6,BOM-GOI
SG 6442,GOI,BOM,6,GOI-BOM
SG 6443,GOI,BOM,1,GOI-BOM
SG 6446,UDR,BOM,6,UDR-BOM
SG 6472,BOM,UDR,6,BOM-UDR
SG 6475,COK,BOM,5,COK-BOM
SG 6476,BOM,COK,5,BOM-COK
SG 6477,BOM,DEL,4,BOM-DEL
SG 6480,BOM,GAU,2,BOM-GAU
SG 6481,GAU,BOM,2,GAU-BOM
SG 6629,PNQ,AMD,4,PNQ-AMD
SG 6630,AMD,PNQ,4,AMD-PNQ
SG 6631,AMD,JAI,7,AMD-JAI
SG 6632,JAI,UDR,5,JAI-UDR
SG 6635,UDR,JAI,5,UDR-JAI
SG 6636,AMD,PNQ,3,AMD-PNQ
SG 6637,PNQ,BLR,6,PNQ-BLR
SG 6638,BLR,PNQ,6,BLR-PNQ
SG 6639,AMD,JAI,3,AMD-JAI
SG 6702,BOM,DEL,5,BOM-DEL
SG 6704,BOM,DEL,5,BOM-DEL
SG 6710,BOM,DEL,5,BOM-DEL
SG 6920,BOM,DEL,6,BOM-DEL
SG 6932,BOM,DED,3,BOM-DED
SG 6933,DED,BOM,3,DED-BOM
SG 8103,DEL,MAA,7,DEL-MAA
SG 8104,MAA,DEL,7,MAA-DEL
SG 8105,DEL,MAA,6,DEL-MAA
SG 8106,DEL,BPM,7,DEL-BPM
SG 8108,MAA,DEL,7,MAA-DEL
SG 8125,CCU,DEL,1,CCU-DEL
SG 8130,DEL,SXR,6,DEL-SXR
SG 8131,DEL,AMD,5,DEL-AMD
SG 8132,AMD,DEL,5,AMD-DEL
SG 8133,BOM,JDH,6,BOM-JDH
SG 8144,DEL,GOI,4,DEL-GOI
SG 8145,GOI,DEL,4,GOI-DEL
SG 8152,DEL,GAU,7,DEL-GAU
SG 8153,DEL,BOM,5,DEL-BOM
SG 8158,BOM,DEL,4,BOM-DEL
SG 8159,DEL,BOM,5,DEL-BOM
SG 8160,DEL,IXJ,7,DEL-IXJ
SG 8161,DEL,BOM,3,DEL-BOM
SG 8162,BOM,DEL,6,BOM-DEL
SG 8163,BOM,JAI,5,BOM-JAI
SG 8164,JDH,BOM,6,JDH-BOM
SG 8168,JAI,BOM,5,JAI-BOM
SG 8169,DEL,BOM,7,DEL-BOM
SG 8170,DEL,SXR,7,DEL-SXR
SG 8171,DEL,GOI,7,DEL-GOI
SG 8172,GOI,DEL,7,GOI-DEL
SG 8179,DEL,BOM,5,DEL-BOM
SG 8184,PNQ,DEL,6,PNQ-DEL
SG 8185,DEL,PNQ,6,DEL-PNQ
SG 8187,DEL,IXB,7,DEL-IXB
SG 8189,DEL,PNQ,4,DEL-PNQ
SG 8190,PNQ,DEL,4,PNQ-DEL
SG 8191,DEL,BLR,1,DEL-BLR
SG 8192,BLR,DEL,7,BLR-DEL
SG 8193,DEL,AMD,7,DEL-AMD
SG 8194,AMD,DEL,7,AMD-DEL
SG 8195,DEL,IXB,6,DEL-IXB
SG 8196,IXB,DEL,6,IXB-DEL
SG 8199,IXB,DEL,7,IXB-DEL
SG 8211,DEL,GOI,1,DEL-GOI
SG 8212,GOI,DEL,1,GOI-DEL
SG 8253,DEL,CCU,6,DEL-CCU
SG 8287,DEL,BOM,6,DEL-BOM
SG 8373,DEL,SXR,7,DEL-SXR
SG 8374,SXR,DEL,7,SXR-DEL
SG 8391,CCU,DEL,2,CCU-DEL
SG 8392,DEL,CCU,5,DEL-CCU
SG 8393,CCU,DEL,5,CCU-DEL
SG 8394,DEL,CCU,5,DEL-CCU
SG 8411,MAA,DEL,7,MAA-DEL
SG 8412,GOP,DEL,7,GOP-DEL
SG 8473,DEL,STV,4,DEL-STV
SG 8475,DEL,GOP,7,DEL-GOP
SG 8476,GOP,DEL,7,GOP-DEL
SG 8477,DEL,GOP,7,DEL-GOP
SG 8480,DEL,PAT,7,DEL-PAT
SG 8481,PAT,DEL,7,PAT-DEL
SG 8482,STV,DEL,5,STV-DEL
SG 8483,DEL,STV,5,DEL-STV
SG 8495,DEL,DBR,7,DEL-DBR
SG 8496,DBR,DEL,7,DBR-DEL
SG 8645,DEL,GOI,7,DEL-GOI
SG 8646,GOI,DEL,7,GOI-DEL
SG 8663,DEL,IXJ,1,DEL-IXJ
SG 8664,IXJ,DEL,1,IXJ-DEL
SG 8701,DEL,BOM,2,DEL-BOM
SG 8702,BOM,DEL,7,BOM-DEL
SG 8709,DEL,BOM,5,DEL-BOM
SG 8715,DEL,BOM,5,DEL-BOM
SG 8717,DEL,BLR,6,DEL-BLR
SG 8718,BLR,DEL,6,BLR-DEL
SG 8719,DEL,BLR,5,DEL-BLR
SG 8720,BLR,DEL,5,BLR-DEL
SG 8721,DEL,PAT,7,DEL-PAT
SG 8722,PAT,DEL,7,PAT-DEL
SG 8723,DEL,BOM,7,DEL-BOM
SG 8751,DEL,DBR,7,DEL-DBR
SG 8752,DBR,DEL,7,DBR-DEL
SG 8767,DEL,JRG,5,DEL-JRG
SG 8903,DEL,IXB,1,DEL-IXB
SG 8904,IXB,DEL,1,IXB-DEL
SG 8905,DEL,BLR,7,DEL-BLR
SG 8906,BLR,DEL,7,BLR-DEL
SG 8911,DEL,BOM,4,DEL-BOM
SG 8912,AMD,DEL,7,AMD-DEL
SG 8913,DEL,AMD,2,DEL-AMD
SG 8935,BPM,DEL,7,BPM-DEL
SG 8937,BPM,PNQ,7,BPM-PNQ
SG 8938,DEL,PNQ,6,DEL-PNQ
SG 8939,SXR,DEL,7,SXR-DEL
SG 8941,DEL,JRG,7,DEL-JRG
SG 8942,JRG,DEL,7,JRG-DEL
SG 8963,SXR,DEL,1,SXR-DEL
SG 8964,IXJ,SXR,6,IXJ-SXR
SG 8968,DEL,JRG,7,DEL-JRG
SG 8969,JRG,DEL,5,JRG-DEL
SG 9772,JDH,DEL,7,JDH-DEL
SG 9773,DEL,JDH,7,DEL-JDH
SG 9882,JSA,BPM,7,JSA-BPM
SG 9883,BPM,JSA,7,BPM-JSA
