id,origin,destination,departure,arrival
AI 453,DEL,ATQ,04:55 IST,06:10 IST
AI 803,DEL,BLR,06:10 IST,08:55 IST
AI 485,DEL,IXZ,05:30 IST,09:05 IST
AI 659,BOM,HSR,06:35 IST,07:55 IST
AI 787,CCU,IXZ,05:40 IST,07:50 IST
AI 753,CCU,IXS,05:45 IST,07:05 IST
AI 459,DEL,VGA,05:55 IST,08:25 IST
AI 440,MAA,DEL,06:00 IST,08:55 IST
AI 675,BOM,CCU,05:55 IST,08:50 IST
AI 469,DEL,UDR,13:00 IST,14:15 IST
AI 804,BLR,DEL,05:45 IST,08:30 IST
AI 851,DEL,PNQ,04:50 IST,06:55 IST
AI 559,HYD,DEL,06:20 IST,08:40 IST
AI 640,BLR,BOM,06:40 IST,08:35 IST
AI 887,DEL,BOM,07:00 IST,09:15 IST
AI 523,HYD,DEL,14:10 IST,16:25 IST
AI 688,HSR,BOM,08:40 IST,10:00 IST
AI 866,BOM,DEL,09:00 IST,11:20 IST
AI 411,DEL,LKO,07:05 IST,08:15 IST
AI 563,MAA,BLR,11:10 IST,12:10 IST
AI 401,DEL,CCU,06:45 IST,09:00 IST
AI 560,DEL,HYD,07:10 IST,09:20 IST
AI 679,BOM,IXE,05:45 IST,07:15 IST
AI 454,ATQ,DEL,06:45 IST,07:55 IST
AI 445,DEL,IXL,06:40 IST,08:10 IST
AI 516,BLR,HYD,07:25 IST,08:40 IST
AI 754,IXS,CCU,07:55 IST,09:05 IST
AI 821,IXJ,SXR,12:40 IST,13:40 IST
AI 776,BOM,CCU,20:00 IST,22:45 IST
AI 660,BOM,DEL,18:00 IST,20:20 IST
AI 412,LKO,DEL,08:55 IST,10:15 IST
AI 564,BLR,MAA,13:10 IST,14:20 IST
AI 481,DEL,AMD,11:20 IST,13:00 IST
AI 460,VGA,DEL,09:10 IST,11:35 IST
AI 505,BLR,DEL,09:50 IST,12:40 IST
AI 788,IXZ,CCU,08:35 IST,10:40 IST
AI 671,MAA,IXM,11:45 IST,12:55 IST
AI 549,MAA,IXZ,05:05 IST,07:15 IST
AI 651,BOM,HYD,15:00 IST,16:30 IST
AI 407,DEL,PAT,13:40 IST,15:25 IST
AI 639,BOM,BLR,09:25 IST,11:15 IST
AI 676,CCU,BOM,09:45 IST,12:30 IST
AI 851,DEL,PNQ,04:50 IST,06:55 IST
AI 470,UDR,DEL,15:00 IST,16:20 IST
AI 679,BOM,IXE,05:45 IST,07:15 IST
AI 429,MAA,CJB,13:30 IST,14:30 IST
AI 809,BOM,DEL,10:00 IST,12:15 IST
AI 486,VTZ,DEL,12:35 IST,14:55 IST
AI 515,HYD,BLR,09:55 IST,11:20 IST
AI 647,BOM,JGA,10:45 IST,12:15 IST
AI 821,IXJ,SXR,12:40 IST,13:40 IST
AI 445,DEL,IXL,06:40 IST,08:10 IST
AI 657,BOM,TRV,05:45 IST,08:10 IST
AI 865,DEL,BOM,10:15 IST,12:35 IST
AI 477,DEL,IXL,04:55 IST,06:20 IST
AI 512,DEL,BLR,20:00 IST,22:55 IST
AI 543,HYD,DEL,10:05 IST,12:30 IST
AI 889,GAU,IMF,13:35 IST,14:40 IST
AI 482,AMD,DEL,13:45 IST,15:30 IST
AI 680,IXE,BOM,07:50 IST,09:35 IST
AI 506,DEL,BLR,09:55 IST,12:45 IST
AI 822,IXJ,DEL,15:45 IST,17:20 IST
AI 851,DEL,PNQ,04:50 IST,06:55 IST
AI 417,DEL,HYD,14:45 IST,16:45 IST
AI 669,BOM,BDQ,05:15 IST,06:30 IST
AI 651,BOM,HYD,15:00 IST,16:30 IST
AI 671,MAA,IXM,11:45 IST,12:55 IST
AI 408,PAT,DEL,16:00 IST,17:50 IST
AI 648,JGA,BOM,13:05 IST,14:35 IST
AI 775,CCU,BOM,16:20 IST,19:15 IST
AI 445,DEL,IXL,06:40 IST,08:10 IST
AI 550,IXZ,MAA,07:55 IST,10:10 IST
AI 663,BOM,GOI,13:35 IST,14:50 IST
AI 677,BOM,DEL,13:00 IST,15:15 IST
AI 678,DEL,BOM,09:00 IST,11:20 IST
AI 727,CCU,GAU,05:45 IST,07:00 IST
AI 883,DEL,BDQ,16:00 IST,17:40 IST
AI 680,IXE,BOM,07:50 IST,09:35 IST
AI 822,IXJ,DEL,15:45 IST,17:20 IST
AI 521,DEL,BLR,21:10 IST,00:05 IST
AI 658,TRV,BOM,08:45 IST,10:55 IST
AI 429,MAA,CJB,13:30 IST,14:30 IST
AI 478,IXL,DEL,06:55 IST,08:20 IST
AI 672,IXM,MAA,13:30 IST,14:45 IST
AI 527,COK,DEL,06:05 IST,09:25 IST
AI 403,DEL,HSR,17:20 IST,19:15 IST
AI 651,BOM,HYD,15:00 IST,16:30 IST
AI 681,BOM,COK,17:15 IST,19:15 IST
AI 849,DEL,PNQ,15:55 IST,18:05 IST
AI 418,HYD,DEL,17:35 IST,19:55 IST
AI 475,DEL,JDH,12:55 IST,14:20 IST
AI 890,IMF,GAU,15:20 IST,16:15 IST
AI 664,GOI,BOM,15:25 IST,16:45 IST
AI 571,MAA,BOM,07:55 IST,09:55 IST
AI 697,GOI,BOM,22:45 IST,00:10 IST
AI 670,BDQ,BOM,07:00 IST,08:10 IST
AI 539,CJB,MAA,15:10 IST,16:15 IST
AI 672,IXM,MAA,13:30 IST,14:45 IST
AI 773,CCU,BOM,17:55 IST,20:50 IST
AI 655,BOM,HSR,16:05 IST,17:20 IST
AI 513,BLR,DEL,07:45 IST,10:35 IST
AI 544,DEL,HYD,17:00 IST,19:10 IST
AI 522,DEL,HYD,11:10 IST,13:25 IST
AI 631,BOM,AMD,15:30 IST,16:50 IST
AI 528,DEL,COK,16:45 IST,20:00 IST
AI 531,DEL,AMD,19:45 IST,21:20 IST
AI 687,BOM,DEL,16:00 IST,18:30 IST
AI 884,BDQ,DEL,18:30 IST,20:10 IST
AI 404,HSR,DEL,20:00 IST,21:45 IST
AI 415,DEL,PAT,16:45 IST,18:35 IST
AI 476,JDH,DEL,15:00 IST,16:10 IST
AI 503,BLR,DEL,17:15 IST,20:05 IST
AI 537,DEL,MAA,16:15 IST,19:10 IST
AI 441,DEL,BOM,17:15 IST,20:05 IST
AI 501,BLR,DEL,13:20 IST,16:10 IST
AI 553,DEL,HYD,02:30 IST,04:50 IST
AI 608,CJB,BOM,09:00 IST,10:50 IST
AI 637,BOM,AMD,18:35 IST,19:50 IST
AI 427,DEL,BLR,08:30 IST,11:20 IST
AI 467,DEL,VGA,17:55 IST,20:20 IST
AI 682,COK,BOM,07:50 IST,09:55 IST
AI 811,DEL,LKO,18:50 IST,20:05 IST
AI 465,DEL,NAG,19:10 IST,20:45 IST
AI 539,CJB,MAA,15:10 IST,16:15 IST
AI 571,MAA,BOM,07:55 IST,09:55 IST
AI 656,HSR,BOM,18:05 IST,19:25 IST
AI 451,DEL,VTZ,15:00 IST,17:15 IST
AI 698,HYD,BOM,21:10 IST,22:55 IST
AI 685,BOM,GOI,05:10 IST,06:20 IST
AI 850,PNQ,DEL,18:40 IST,21:10 IST
AI 483,DEL,MAA,12:30 IST,15:15 IST
AI 888,BOM,DEL,19:00 IST,21:15 IST
AI 416,PAT,DEL,19:10 IST,21:10 IST
AI 545,MAA,HYD,16:10 IST,17:25 IST
AI 437,DEL,IXC,05:50 IST,07:00 IST
AI 531,DEL,AMD,19:45 IST,21:20 IST
AI 774,BOM,CCU,21:35 IST,00:20 IST
AI 638,AMD,BOM,20:30 IST,22:00 IST
AI 624,DEL,BOM,19:10 IST,21:20 IST
AI 632,AMD,BOM,17:35 IST,19:05 IST
AI 812,LKO,DEL,20:45 IST,21:55 IST
AI 840,HYD,DEL,20:40 IST,23:00 IST
AI 571,MAA,BOM,07:55 IST,09:55 IST
AI 442,BOM,DEL,15:10 IST,17:25 IST
AI 479,DEL,ATQ,21:15 IST,22:30 IST
AI 468,VGA,DEL,21:10 IST,23:40 IST
AI 609,BOM,CJB,06:30 IST,08:25 IST
AI 502,DEL,BLR,13:30 IST,16:25 IST
AI 538,MAA,DEL,20:40 IST,23:25 IST
AI 531,DEL,AMD,19:45 IST,21:20 IST
AI 617,BOM,HYD,11:00 IST,12:25 IST
AI 702,DEL,CCU,02:20 IST,04:35 IST
AI 452,VTZ,DEL,17:55 IST,20:30 IST
AI 554,HYD,DEL,05:30 IST,07:45 IST
AI 546,HYD,MAA,05:35 IST,07:10 IST
AI 484,MAA,DEL,15:55 IST,18:45 IST
AI 540,DEL,MAA,20:45 IST,23:35 IST
AI 466,NAG,DEL,21:25 IST,23:10 IST
AI 438,IXC,DEL,07:40 IST,08:50 IST
AI 863,DEL,BOM,14:00 IST,16:15 IST
AI 480,ATQ,DEL,23:00 IST,00:10 IST
AI 618,HYD,BOM,13:20 IST,14:50 IST
AI 787,CCU,IXZ,05:40 IST,07:50 IST
AI 453,DEL,ATQ,04:55 IST,06:10 IST
AI 459,DEL,VGA,05:55 IST,08:25 IST
AI 469,DEL,UDR,13:00 IST,14:15 IST
AI 542,HYD,TIR,12:45 IST,14:00 IST
AI 507,BLR,DEL,12:30 IST,15:20 IST
AI 804,BLR,DEL,05:45 IST,08:30 IST
AI 866,BOM,DEL,09:00 IST,11:20 IST
AI 401,DEL,CCU,06:45 IST,09:00 IST
AI 560,DEL,HYD,07:10 IST,09:20 IST
AI 827,DEL,SXR,07:30 IST,08:45 IST
AI 611,BOM,JAI,11:00 IST,12:50 IST
AI 625,BOM,LKO,11:15 IST,13:20 IST
AI 649,BOM,ATQ,05:55 IST,08:15 IST
AI 788,IXZ,CCU,08:35 IST,10:40 IST
AI 453,DEL,ATQ,04:55 IST,06:10 IST
AI 411,DEL,LKO,07:05 IST,08:15 IST
AI 481,DEL,AMD,11:20 IST,13:00 IST
AI 460,VGA,DEL,09:10 IST,11:35 IST
AI 470,UDR,DEL,15:00 IST,16:20 IST
AI 406,DEL,VNS,10:40 IST,12:05 IST
AI 651,BOM,HYD,15:00 IST,16:30 IST
AI 612,JAI,BOM,13:35 IST,15:25 IST
AI 828,SXR,DEL,09:30 IST,11:20 IST
AI 865,DEL,BOM,10:15 IST,12:35 IST
AI 477,DEL,IXL,04:55 IST,06:20 IST
AI 541,TIR,HYD,14:35 IST,15:40 IST
AI 626,LKO,BOM,14:00 IST,16:25 IST
AI 543,HYD,DEL,10:05 IST,12:30 IST
AI 645,BOM,JDH,09:15 IST,11:05 IST
AI 411,DEL,LKO,07:05 IST,08:15 IST
AI 482,AMD,DEL,13:45 IST,15:30 IST
AI 573,BOM,MAA,18:10 IST,20:15 IST
AI 405,VNS,DEL,12:45 IST,14:20 IST
AI 650,ATQ,BOM,08:55 IST,11:40 IST
AI 454,ATQ,DEL,06:45 IST,07:55 IST
AI 709,GAU,DMU,12:00 IST,13:00 IST
AI 417,DEL,HYD,14:45 IST,16:45 IST
AI 651,BOM,HYD,15:00 IST,16:30 IST
AI 669,BOM,BDQ,05:15 IST,06:30 IST
AI 506,DEL,BLR,09:55 IST,12:45 IST
AI 663,BOM,GOI,13:35 IST,14:50 IST
AI 883,DEL,BDQ,16:00 IST,17:40 IST
AI 471,DEL,VTZ,17:55 IST,20:10 IST
AI 549,MAA,IXZ,05:05 IST,07:15 IST
AI 512,DEL,BLR,20:00 IST,22:55 IST
AI 478,IXL,DEL,06:55 IST,08:20 IST
AI 646,JDH,BOM,11:45 IST,13:30 IST
AI 403,DEL,HSR,17:20 IST,19:15 IST
AI 651,BOM,HYD,15:00 IST,16:30 IST
AI 710,GAU,CCU,15:20 IST,16:50 IST
AI 418,HYD,DEL,17:35 IST,19:55 IST
AI 475,DEL,JDH,12:55 IST,14:20 IST
AI 574,MAA,BOM,21:15 IST,23:25 IST
AI 472,VTZ,DEL,20:55 IST,23:10 IST
AI 664,GOI,BOM,15:25 IST,16:45 IST
AI 697,GOI,BOM,22:45 IST,00:10 IST
AI 454,ATQ,DEL,06:45 IST,07:55 IST
AI 670,BDQ,BOM,07:00 IST,08:10 IST
AI 565,BLR,PNQ,09:25 IST,10:50 IST
AI 550,IXZ,MAA,07:55 IST,10:10 IST
AI 655,BOM,HSR,16:05 IST,17:20 IST
AI 687,BOM,DEL,16:00 IST,18:30 IST
AI 884,BDQ,DEL,18:30 IST,20:10 IST
AI 415,DEL,PAT,16:45 IST,18:35 IST
AI 476,JDH,DEL,15:00 IST,16:10 IST
AI 553,DEL,HYD,02:30 IST,04:50 IST
AI 637,BOM,AMD,18:35 IST,19:50 IST
AI 427,DEL,BLR,08:30 IST,11:20 IST
AI 513,BLR,DEL,07:45 IST,10:35 IST
AI 652,HYD,BOM,17:05 IST,18:35 IST
AI 641,BOM,BLR,18:50 IST,20:40 IST
AI 451,DEL,VTZ,15:00 IST,17:15 IST
AI 698,HYD,BOM,21:10 IST,22:55 IST
AI 656,HSR,BOM,18:05 IST,19:25 IST
AI 888,BOM,DEL,19:00 IST,21:15 IST
AI 566,PNQ,BLR,11:20 IST,12:50 IST
AI 416,PAT,DEL,19:10 IST,21:10 IST
AI 638,AMD,BOM,20:30 IST,22:00 IST
AI 624,DEL,BOM,19:10 IST,21:20 IST
AI 531,DEL,AMD,19:45 IST,21:20 IST
AI 642,BLR,BOM,21:25 IST,23:20 IST
AI 653,BOM,VTZ,13:10 IST,15:15 IST
AI 693,BOM,COK,19:05 IST,21:00 IST
AI 452,VTZ,DEL,17:55 IST,20:30 IST
AI 554,HYD,DEL,05:30 IST,07:45 IST
AI 863,DEL,BOM,14:00 IST,16:15 IST
AI 532,AMD,DEL,22:05 IST,23:45 IST
AI 787,CCU,IXZ,05:40 IST,07:50 IST
AI 453,DEL,ATQ,04:55 IST,06:10 IST
AI 568,TRV,BLR,16:55 IST,18:10 IST
AI 445,DEL,IXL,06:40 IST,08:10 IST
AI 453,DEL,ATQ,04:55 IST,06:10 IST
AI 512,DEL,BLR,20:00 IST,22:55 IST
AI 549,MAA,IXZ,05:05 IST,07:15 IST
AI 481,DEL,AMD,11:20 IST,13:00 IST
AI 449,IXL,IXJ,08:45 IST,09:45 IST
AI 651,BOM,HYD,15:00 IST,16:30 IST
AI 788,IXZ,CCU,08:35 IST,10:40 IST
AI 568,TRV,BLR,16:55 IST,18:10 IST
AI 450,IXJ,IXL,10:25 IST,11:20 IST
AI 482,AMD,DEL,13:45 IST,15:30 IST
AI 550,IXZ,MAA,07:55 IST,10:10 IST
AI 454,ATQ,DEL,06:45 IST,07:55 IST
AI 485,DEL,IXZ,05:30 IST,09:05 IST
AI 651,BOM,HYD,15:00 IST,16:30 IST
AI 446,IXL,DEL,12:00 IST,13:25 IST
AI 883,DEL,BDQ,16:00 IST,17:40 IST
AI 521,DEL,BLR,21:10 IST,00:05 IST
AI 568,TRV,BLR,16:55 IST,18:10 IST
AI 403,DEL,HSR,17:20 IST,19:15 IST
AI 651,BOM,HYD,15:00 IST,16:30 IST
AI 475,DEL,JDH,12:55 IST,14:20 IST
AI 454,ATQ,DEL,06:45 IST,07:55 IST
AI 486,VTZ,DEL,12:35 IST,14:55 IST
AI 522,DEL,HYD,11:10 IST,13:25 IST
AI 884,BDQ,DEL,18:30 IST,20:10 IST
AI 404,HSR,DEL,20:00 IST,21:45 IST
AI 476,JDH,DEL,15:00 IST,16:10 IST
AI 553,DEL,HYD,02:30 IST,04:50 IST
AI 637,BOM,AMD,18:35 IST,19:50 IST
AI 427,DEL,BLR,08:30 IST,11:20 IST
AI 467,DEL,VGA,17:55 IST,20:20 IST
AI 451,DEL,VTZ,15:00 IST,17:15 IST
AI 513,BLR,DEL,07:45 IST,10:35 IST
AI 437,DEL,IXC,05:50 IST,07:00 IST
AI 638,AMD,BOM,20:30 IST,22:00 IST
AI 468,VGA,DEL,21:10 IST,23:40 IST
AI 452,VTZ,DEL,17:55 IST,20:30 IST
AI 554,HYD,DEL,05:30 IST,07:45 IST
AI 438,IXC,DEL,07:40 IST,08:50 IST
AI 549,MAA,IXZ,05:05 IST,07:15 IST
AI 469,DEL,UDR,13:00 IST,14:15 IST
AI 542,HYD,TIR,12:45 IST,14:00 IST
AI 688,HSR,BOM,08:40 IST,10:00 IST
AI 827,DEL,SXR,07:30 IST,08:45 IST
AI 787,CCU,IXZ,05:40 IST,07:50 IST
AI 550,IXZ,MAA,07:55 IST,10:10 IST
AI 407,DEL,PAT,13:40 IST,15:25 IST
AI 470,UDR,DEL,15:00 IST,16:20 IST
AI 828,SXR,DEL,09:30 IST,11:20 IST
AI 541,TIR,HYD,14:35 IST,15:40 IST
AI 788,IXZ,CCU,08:35 IST,10:40 IST
AI 889,GAU,IMF,13:35 IST,14:40 IST
AI 709,GAU,DMU,12:00 IST,13:00 IST
AI 408,PAT,DEL,16:00 IST,17:50 IST
AI 883,DEL,BDQ,16:00 IST,17:40 IST
AI 710,GAU,CCU,15:20 IST,16:50 IST
AI 475,DEL,JDH,12:55 IST,14:20 IST
AI 890,IMF,GAU,15:20 IST,16:15 IST
AI 670,BDQ,BOM,07:00 IST,08:10 IST
AI 544,DEL,HYD,17:00 IST,19:10 IST
AI 819,DEL,BDQ,18:35 IST,20:20 IST
AI 884,BDQ,DEL,18:30 IST,20:10 IST
AI 476,JDH,DEL,15:00 IST,16:10 IST
AI 441,DEL,BOM,17:15 IST,20:05 IST
AI 553,DEL,HYD,02:30 IST,04:50 IST
AI 637,BOM,AMD,18:35 IST,19:50 IST
AI 427,DEL,BLR,08:30 IST,11:20 IST
AI 641,BOM,BLR,18:50 IST,20:40 IST
AI 483,DEL,MAA,12:30 IST,15:15 IST
AI 820,BDQ,DEL,20:50 IST,22:35 IST
AI 638,AMD,BOM,20:30 IST,22:00 IST
AI 840,HYD,DEL,20:40 IST,23:00 IST
AI 442,BOM,DEL,15:10 IST,17:25 IST
AI 642,BLR,BOM,21:25 IST,23:20 IST
AI 683,BOM,GOI,21:00 IST,22:00 IST
AI 702,DEL,CCU,02:20 IST,04:35 IST
AI 554,HYD,DEL,05:30 IST,07:45 IST
AI 484,MAA,DEL,15:55 IST,18:45 IST
AI 684,GOI,BOM,07:05 IST,08:15 IST
AI 459,DEL,VGA,05:55 IST,08:25 IST
AI 518,BOM,COK,23:55 IST,01:55 IST
AI 560,DEL,HYD,07:10 IST,09:20 IST
AI 459,DEL,VGA,05:55 IST,08:25 IST
AI 649,BOM,ATQ,05:55 IST,08:15 IST
AI 406,DEL,VNS,10:40 IST,12:05 IST
AI 460,VGA,DEL,09:10 IST,11:35 IST
AI 485,DEL,IXZ,05:30 IST,09:05 IST
AI 543,HYD,DEL,10:05 IST,12:30 IST
AI 405,VNS,DEL,12:45 IST,14:20 IST
AI 460,VGA,DEL,09:10 IST,11:35 IST
AI 650,ATQ,BOM,08:55 IST,11:40 IST
AI 471,DEL,VTZ,17:55 IST,20:10 IST
AI 565,BLR,PNQ,09:25 IST,10:50 IST
AI 472,VTZ,DEL,20:55 IST,23:10 IST
AI 486,VTZ,DEL,12:35 IST,14:55 IST
AI 415,DEL,PAT,16:45 IST,18:35 IST
AI 637,BOM,AMD,18:35 IST,19:50 IST
AI 566,PNQ,BLR,11:20 IST,12:50 IST
AI 451,DEL,VTZ,15:00 IST,17:15 IST
AI 416,PAT,DEL,19:10 IST,21:10 IST
AI 638,AMD,BOM,20:30 IST,22:00 IST
AI 452,VTZ,DEL,17:55 IST,20:30 IST
AI 753,CCU,IXS,05:45 IST,07:05 IST
AI 883,DEL,BDQ,16:00 IST,17:40 IST
AI 866,BOM,DEL,09:00 IST,11:20 IST
AI 573,BOM,MAA,18:10 IST,20:15 IST
AI 754,IXS,CCU,07:55 IST,09:05 IST
AI 827,DEL,SXR,07:30 IST,08:45 IST
AI 883,DEL,BDQ,16:00 IST,17:40 IST
AI 865,DEL,BOM,10:15 IST,12:35 IST
AI 574,MAA,BOM,21:15 IST,23:25 IST
AI 828,SXR,DEL,09:30 IST,11:20 IST
AI 889,GAU,IMF,13:35 IST,14:40 IST
AI 445,DEL,IXL,06:40 IST,08:10 IST
AI 883,DEL,BDQ,16:00 IST,17:40 IST
AI 471,DEL,VTZ,17:55 IST,20:10 IST
AI 565,BLR,PNQ,09:25 IST,10:50 IST
AI 403,DEL,HSR,17:20 IST,19:15 IST
AI 890,IMF,GAU,15:20 IST,16:15 IST
AI 472,VTZ,DEL,20:55 IST,23:10 IST
AI 404,HSR,DEL,20:00 IST,21:45 IST
AI 566,PNQ,BLR,11:20 IST,12:50 IST
AI 427,DEL,BLR,08:30 IST,11:20 IST
AI 451,DEL,VTZ,15:00 IST,17:15 IST
AI 452,VTZ,DEL,17:55 IST,20:30 IST
AI 485,DEL,IXZ,05:30 IST,09:05 IST
AI 459,DEL,VGA,05:55 IST,08:25 IST
AI 469,DEL,UDR,13:00 IST,14:15 IST
AI 568,TRV,BLR,16:55 IST,18:10 IST
AI 688,HSR,BOM,08:40 IST,10:00 IST
AI 573,BOM,MAA,18:10 IST,20:15 IST
AI 445,DEL,IXL,06:40 IST,08:10 IST
AI 625,BOM,LKO,11:15 IST,13:20 IST
AI 649,BOM,ATQ,05:55 IST,08:15 IST
AI 568,TRV,BLR,16:55 IST,18:10 IST
AI 460,VGA,DEL,09:10 IST,11:35 IST
AI 470,UDR,DEL,15:00 IST,16:20 IST
AI 788,IXZ,CCU,08:35 IST,10:40 IST
AI 852,PNQ,DEL,07:40 IST,10:00 IST
AI 486,VTZ,DEL,12:35 IST,14:55 IST
AI 449,IXL,IXJ,08:45 IST,09:45 IST
AI 574,MAA,BOM,21:15 IST,23:25 IST
AI 626,LKO,BOM,14:00 IST,16:25 IST
AI 667,BOM,TRV,17:40 IST,20:00 IST
AI 650,ATQ,BOM,08:55 IST,11:40 IST
AI 450,IXJ,IXL,10:25 IST,11:20 IST
AI 568,TRV,BLR,16:55 IST,18:10 IST
AI 667,BOM,TRV,17:40 IST,20:00 IST
AI 565,BLR,PNQ,09:25 IST,10:50 IST
AI 446,IXL,DEL,12:00 IST,13:25 IST
AI 527,COK,DEL,06:05 IST,09:25 IST
AI 528,DEL,COK,16:45 IST,20:00 IST
AI 415,DEL,PAT,16:45 IST,18:35 IST
AI 566,PNQ,BLR,11:20 IST,12:50 IST
AI 427,DEL,BLR,08:30 IST,11:20 IST
AI 465,DEL,NAG,19:10 IST,20:45 IST
AI 416,PAT,DEL,19:10 IST,21:10 IST
AI 617,BOM,HYD,11:00 IST,12:25 IST
AI 466,NAG,DEL,21:25 IST,23:10 IST
AI 618,HYD,BOM,13:20 IST,14:50 IST
AI 887,DEL,BOM,07:00 IST,09:15 IST
AI 664,GOI,BOM,15:25 IST,16:45 IST
SG 2937,DEL,DHM,07:50 IST,09:15 IST
SG 8194,AMD,DEL,12:20 IST,13:45 IST
SG 8194,AMD,DEL,12:20 IST,13:45 IST
SG 8194,AMD,DEL,12:20 IST,13:45 IST
SG 324,AYJ,BOM,17:45 IST,20:20 IST
SG 324,AYJ,BOM,17:45 IST,20:20 IST
SG 125,DEL,IXL,08:45 IST,10:10 IST
SG 947,MAA,SAG,14:40 IST,16:40 IST
SG 947,MAA,SAG,14:40 IST,16:40 IST
SG 185,DEL,PNQ,09:35 IST,11:45 IST
SG 962,DEL,PNQ,00:25 IST,02:40 IST
SG 8496,DBR,DEL,15:45 IST,17:40 IST
SG 8496,DBR,DEL,15:45 IST,17:40 IST
SG 8496,DBR,DEL,15:45 IST,17:40 IST
SG 8496,DBR,DEL,15:45 IST,17:40 IST
SG 8496,DBR,DEL,15:45 IST,17:40 IST
SG 8496,DBR,DEL,15:45 IST,17:40 IST
SG 116,DBR,BOM,11:35 IST,14:05 IST
SG 116,DBR,BOM,11:35 IST,14:05 IST
SG 2938,DHM,DEL,09:35 IST,10:55 IST
SG 8193,DEL,AMD,10:10 IST,11:45 IST
SG 8193,DEL,AMD,10:10 IST,11:45 IST
SG 8193,DEL,AMD,10:10 IST,11:45 IST
SG 8193,DEL,AMD,10:10 IST,11:45 IST
SG 903,DEL,IXB,05:40 IST,07:35 IST
SG 8477,DBR,DEL,13:30 IST,15:25 IST
SG 8152,DEL,GAU,19:20 IST,21:50 IST
SG 8152,DEL,GAU,19:20 IST,21:50 IST
SG 8152,DEL,GAU,19:20 IST,21:50 IST
SG 8152,DEL,GAU,19:20 IST,21:50 IST
SG 8152,DEL,GAU,19:20 IST,21:50 IST
SG 8152,DEL,GAU,19:20 IST,21:50 IST
SG 472,PAT,DEL,21:35 IST,23:45 IST
SG 122,IXL,DEL,07:55 IST,09:15 IST
SG 2348,IXJ,DEL,17:45 IST,19:30 IST
SG 2348,IXJ,DEL,17:45 IST,19:30 IST
SG 2348,IXJ,DEL,17:45 IST,19:30 IST
SG 2348,IXJ,DEL,17:45 IST,19:30 IST
SG 125,DEL,IXL,08:45 IST,10:10 IST
SG 125,DEL,IXL,08:45 IST,10:10 IST
SG 121,DEL,IXL,06:10 IST,07:25 IST
SG 8938,DEL,PNQ,16:45 IST,18:50 IST
SG 8938,DEL,PNQ,16:45 IST,18:50 IST
SG 8938,DEL,PNQ,16:45 IST,18:50 IST
SG 8938,DEL,PNQ,16:45 IST,18:50 IST
SG 8938,DEL,PNQ,16:45 IST,18:50 IST
SG 8938,DEL,PNQ,16:45 IST,18:50 IST
SG 8938,DEL,PNQ,16:45 IST,18:50 IST
SG 963,PNQ,DEL,03:20 IST,05:30 IST
SG 8152,DEL,GAU,19:20 IST,21:50 IST
SG 8152,DEL,GAU,19:20 IST,21:50 IST
SG 8937,DEL,SXR,10:35 IST,12:00 IST
SG 8937,DEL,SXR,10:35 IST,12:00 IST
SG 8937,DEL,SXR,10:35 IST,12:00 IST
SG 1077,JAI,PNQ,05:35 IST,07:35 IST
SG 1077,JAI,PNQ,05:35 IST,07:35 IST
SG 1079,PNQ,BHU,07:55 IST,09:05 IST
SG 2696,HYD,TIR,06:20 IST,07:35 IST
SG 8937,DEL,SXR,10:35 IST,12:00 IST
SG 8125,DEL,IXL,08:45 IST,10:10 IST
SG 122,IXL,DEL,07:55 IST,09:15 IST
SG 122,IXL,DEL,07:55 IST,09:15 IST
SG 122,IXL,DEL,07:55 IST,09:15 IST
SG 122,IXL,DEL,07:55 IST,09:15 IST
SG 122,IXL,DEL,07:55 IST,09:15 IST
SG 371,IXL,DEL,06:50 IST,08:05 IST
SG 115,BOM,DBR,07:45 IST,10:05 IST
SG 115,BOM,DBR,07:45 IST,10:05 IST
SG 115,BOM,DBR,07:45 IST,10:05 IST
SG 115,BOM,DBR,07:45 IST,10:05 IST
SG 115,BOM,DBR,07:45 IST,10:05 IST
SG 8158,BOM,DEL,09:05 IST,11:15 IST
SG 8158,BOM,DEL,09:05 IST,11:15 IST
SG 125,DEL,IXL,08:45 IST,10:10 IST
SG 125,DEL,IXL,08:45 IST,10:10 IST
SG 8158,BOM,DEL,09:05 IST,11:15 IST
SG 8158,BOM,DEL,09:05 IST,11:15 IST
SG 8158,BOM,DEL,09:05 IST,11:15 IST
SG 8152,DEL,GAU,19:20 IST,21:50 IST
SG 8158,BOM,DEL,09:05 IST,11:15 IST
SG 8184,GOX,PNQ,14:10 IST,15:15 IST
SG 8937,DEL,SXR,10:35 IST,12:00 IST
SG 8937,DEL,SXR,10:35 IST,12:00 IST
SG 8184,GOX,PNQ,14:10 IST,15:15 IST
SG 8937,DEL,SXR,10:35 IST,12:00 IST
SG 8184,GOX,PNQ,14:10 IST,15:15 IST
SG 8937,DEL,SXR,10:35 IST,12:00 IST
SG 8184,GOX,PNQ,14:10 IST,15:15 IST
SG 8937,DEL,SXR,10:35 IST,12:00 IST
SG 8937,DEL,SXR,10:35 IST,12:00 IST
SG 8184,GOX,PNQ,14:10 IST,15:15 IST
SG 8184,GOX,PNQ,14:10 IST,15:15 IST
SG 8184,GOX,PNQ,14:10 IST,15:15 IST
SG 8937,DEL,SXR,10:35 IST,12:00 IST
SG 8184,GOX,PNQ,14:10 IST,15:15 IST
SG 8937,DEL,SXR,10:35 IST,12:00 IST
SG 8184,GOX,PNQ,14:10 IST,15:15 IST
SG 8938,DEL,PNQ,16:45 IST,18:50 IST
SG 8938,DEL,PNQ,16:45 IST,18:50 IST
SG 8938,DEL,PNQ,16:45 IST,18:50 IST
SG 8963,PNQ,DEL,03:20 IST,05:30 IST
SG 8963,PNQ,DEL,03:20 IST,05:30 IST
SG 963,PNQ,DEL,03:20 IST,05:30 IST
SG 963,PNQ,DEL,03:20 IST,05:30 IST
SG 963,PNQ,DEL,03:20 IST,05:30 IST
SG 963,PNQ,DEL,03:20 IST,05:30 IST
SG 8963,PNQ,DEL,03:20 IST,05:30 IST
SG 963,PNQ,DEL,03:20 IST,05:30 IST
SG 1078,PNQ,JAI,19:45 IST,21:55 IST
SG 1078,PNQ,JAI,19:45 IST,21:55 IST
SG 1080,BHU,PNQ,17:55 IST,18:45 IST
6E 525,IMF,IXA,15:00 IST,15:50 IST
6E 386,CCU,BLR,09:30 IST,12:25 IST
6E 5015,DEL,BHO,05:55 IST,07:15 IST
6E 316,AJL,GAU,14:30 IST,15:10 IST
6E 524,IXA,IMF,13:20 IST,14:15 IST
6E 385,VTZ,HYD,23:40 IST,00:50 IST
6E 275,CCU,IMF,13:45 IST,15:10 IST
6E 277,AMD,LKO,11:00 IST,12:50 IST
6E 294,BOM,IDR,06:50 IST,08:10 IST
6E 757,CCU,BLR,17:00 IST,19:40 IST
6E 833,CCU,MAA,11:30 IST,13:40 IST
6E 994,CCU,IXA,15:40 IST,16:35 IST
6E 443,BLR,IXB,08:15 IST,11:05 IST
6E 488,IXS,CCU,08:45 IST,09:55 IST
6E 994,CCU,IXA,15:40 IST,16:35 IST
6E 362,HYD,GOI,11:20 IST,12:30 IST
6E 443,BLR,IXB,08:15 IST,11:05 IST
6E 994,CCU,IXA,15:40 IST,16:35 IST
6E 153,CCJ,BLR,07:50 IST,08:50 IST
6E 823,AMD,BLR,09:00 IST,11:30 IST
6E 996,AMD,BLR,23:55 IST,02:10 IST
6E 823,AMD,BLR,09:00 IST,11:30 IST
6E 823,AMD,BLR,09:00 IST,11:30 IST
6E 6992,BLR,CJB,16:55 IST,17:45 IST
6E 157,DIB,DEL,09:55 IST,12:55 IST
6E 823,AMD,BLR,09:00 IST,11:30 IST
6E 6992,BLR,CJB,16:55 IST,17:45 IST
6E 6992,BLR,CJB,16:55 IST,17:45 IST
6E 6992,BLR,CJB,16:55 IST,17:45 IST
6E 6992,BLR,CJB,16:55 IST,17:45 IST
6E 6799,IXR,BLR,08:25 IST,10:50 IST
6E 6055,PNQ,BLR,18:55 IST,20:15 IST
6E 238,PNQ,MAA,22:45 IST,00:35 IST
6E 6414,VNS,AMD,19:55 IST,22:00 IST
6E 856,CCU,LKO,18:50 IST,20:30 IST
6E 238,PNQ,MAA,22:45 IST,00:35 IST
6E 162,GOI,CCU,15:10 IST,18:00 IST
6E 6683,VNS,HYD,22:20 IST,00:20 IST
6E 962,IDR,DEL,07:05 IST,08:30 IST
6E 2258,DEL,LKO,17:30 IST,18:40 IST
6E 2045,DEL,ATQ,20:20 IST,21:30 IST
6E 947,GOX,CCU,09:10 IST,12:00 IST
6E 383,AMD,HYD,23:25 IST,01:10 IST
6E 879,HYD,VTZ,11:05 IST,12:20 IST
6E 383,AMD,HYD,23:25 IST,01:10 IST
6E 228,GAU,IMF,13:00 IST,13:55 IST
6E 7296,HSR,AMD,15:50 IST,17:00 IST
6E 237,MAA,CJB,18:00 IST,19:00 IST
6E 237,MAA,CJB,18:00 IST,19:00 IST
6E 544,BOM,LKO,19:15 IST,21:20 IST
6E 895,CCU,PAT,18:10 IST,19:15 IST
6E 895,CCU,PAT,18:10 IST,19:15 IST
6E 895,CCU,PAT,18:10 IST,19:15 IST
6E 895,CCU,PAT,18:10 IST,19:15 IST
6E 895,CCU,PAT,18:10 IST,19:15 IST
6E 125,BLR,JRG,10:25 IST,12:35 IST
6E 135,PNQ,HSR,13:45 IST,15:00 IST
6E 751,CCU,IXB,12:40 IST,13:45 IST
6E 135,PNQ,HSR,13:45 IST,15:00 IST
6E 6135,IXB,CCU,18:20 IST,19:30 IST
6E 6135,IXB,CCU,18:20 IST,19:30 IST
6E 207,CCU,GAU,10:10 IST,11:25 IST
6E 6135,IXB,CCU,18:20 IST,19:30 IST
6E 244,MAA,AMD,03:55 IST,06:25 IST
6E 935,AMD,LKO,16:00 IST,17:50 IST
6E 244,MAA,AMD,03:55 IST,06:25 IST
6E 572,CCU,GAU,21:20 IST,22:35 IST
6E 572,CCU,GAU,21:20 IST,22:35 IST
6E 214,BOM,IXJ,14:05 IST,16:50 IST
6E 313,CCU,BOM,06:20 IST,09:10 IST
6E 486,BLR,NAG,20:00 IST,21:40 IST
6E 984,HYD,GOI,21:20 IST,22:30 IST
6E 5363,DEL,AJL,12:00 IST,14:40 IST
6E 984,HYD,GOI,21:20 IST,22:30 IST
6E 313,CCU,BOM,06:20 IST,09:10 IST
6E 202,NAG,PNQ,09:45 IST,10:55 IST
6E 351,HYD,PNQ,04:40 IST,05:45 IST
6E 674,COK,BOM,17:30 IST,19:30 IST
6E 6174,HYD,MAA,19:25 IST,20:40 IST
6E 6174,HYD,MAA,19:25 IST,20:40 IST
6E 7348,MAA,TRZ,14:15 IST,15:20 IST
6E 459,BBI,BOM,18:35 IST,21:05 IST
6E 459,BBI,BOM,18:35 IST,21:05 IST
6E 459,BBI,BOM,18:35 IST,21:05 IST
6E 502,MAA,PNQ,08:55 IST,10:30 IST
6E 502,MAA,PNQ,08:55 IST,10:30 IST
6E 502,MAA,PNQ,08:55 IST,10:30 IST
6E 502,MAA,PNQ,08:55 IST,10:30 IST
6E 478,SXR,ATQ,14:25 IST,15:25 IST
6E 5017,DEL,BHO,19:30 IST,20:55 IST
6E 5026,IXM,BOM,16:20 IST,18:35 IST
6E 152,BLR,CCJ,19:55 IST,21:05 IST
6E 2057,DEL,CCU,18:05 IST,20:30 IST
6E 2167,PAT,BOM,15:40 IST,18:15 IST
6E 6261,DEL,AMD,05:55 IST,07:35 IST
6E 6262,JAI,DEL,22:30 IST,23:25 IST
6E 7347,TRZ,MAA,12:35 IST,13:45 IST
6E 568,AMD,DED,06:20 IST,08:00 IST
6E 5347,RPR,DEL,21:20 IST,23:05 IST
6E 445,IXB,BLR,11:40 IST,14:40 IST
6E 445,IXB,BLR,11:40 IST,14:40 IST
6E 423,DED,HYD,17:45 IST,20:05 IST
6E 6114,DEL,BOM,22:15 IST,00:25 IST
6E 5024,IXR,DEL,20:40 IST,22:35 IST
6E 5061,ATQ,DEL,14:00 IST,15:15 IST
6E 5024,IXR,DEL,20:40 IST,22:35 IST
6E 5024,IXR,DEL,20:40 IST,22:35 IST
6E 433,AJL,CCU,14:55 IST,15:55 IST
6E 619,IXB,HYD,13:20 IST,15:35 IST
6E 619,IXB,HYD,13:20 IST,15:35 IST
6E 958,CCU,BLR,15:15 IST,17:55 IST
6E 449,DEL,BOM,04:55 IST,06:55 IST
6E 7742,JAI,IXC,06:05 IST,07:30 IST
6E 7742,JAI,IXC,06:05 IST,07:30 IST
6E 7233,HBX,BLR,07:55 IST,09:10 IST
6E 7233,HBX,BLR,07:55 IST,09:10 IST
6E 7968,STV,DIU,14:35 IST,15:30 IST
6E 7968,STV,DIU,14:35 IST,15:30 IST
6E 524,IXA,IMF,13:20 IST,14:15 IST
6E 385,VTZ,HYD,23:40 IST,00:50 IST
6E 586,BLR,AMD,06:05 IST,08:20 IST
6E 992,AMD,GOI,20:20 IST,22:00 IST
6E 156,MAA,COK,21:20 IST,22:20 IST
6E 586,BLR,AMD,06:05 IST,08:20 IST
6E 992,AMD,GOI,20:20 IST,22:00 IST
6E 992,AMD,GOI,20:20 IST,22:00 IST
6E 443,BLR,IXB,08:15 IST,11:05 IST
6E 422,HYD,DED,09:00 IST,11:25 IST
6E 7223,IXM,BLR,11:40 IST,13:05 IST
6E 211,GOI,RPR,08:00 IST,09:55 IST
6E 211,GOI,RPR,08:00 IST,09:55 IST
6E 211,GOI,RPR,08:00 IST,09:55 IST
6E 211,GOI,RPR,08:00 IST,09:55 IST
6E 411,BLR,BBI,21:30 IST,23:30 IST
6E 823,AMD,BLR,09:00 IST,11:30 IST
6E 411,BLR,BBI,21:30 IST,23:30 IST
6E 105,BLR,PNQ,18:55 IST,20:20 IST
6E 233,HYD,DEL,18:30 IST,20:50 IST
6E 356,BLR,MAA,17:35 IST,18:35 IST
6E 6012,BLR,MAA,16:35 IST,17:35 IST
6E 805,PAT,BLR,11:30 IST,13:55 IST
6E 237,MAA,CJB,18:00 IST,19:00 IST
6E 523,LKO,HYD,13:10 IST,15:05 IST
6E 6217,DEL,HYD,16:55 IST,19:10 IST
6E 523,LKO,HYD,13:10 IST,15:05 IST
6E 6004,CCU,DEL,08:15 IST,10:25 IST
6E 6012,BLR,MAA,16:35 IST,17:35 IST
6E 6269,BLR,MAA,07:10 IST,08:10 IST
6E 6269,BLR,MAA,07:10 IST,08:10 IST
6E 2134,PAT,DEL,10:55 IST,12:35 IST
6E 354,DEL,BOM,19:15 IST,21:25 IST
6E 418,GOI,STV,17:10 IST,18:30 IST
6E 6992,BLR,CJB,16:55 IST,17:45 IST
6E 6992,BLR,CJB,16:55 IST,17:45 IST
6E 6992,BLR,CJB,16:55 IST,17:45 IST
6E 852,BLR,DED,14:45 IST,17:25 IST
6E 852,BLR,DED,14:45 IST,17:25 IST
6E 852,BLR,DED,14:45 IST,17:25 IST
6E 2032,AMD,DEL,18:55 IST,20:35 IST
6E 2135,DEL,DED,15:20 IST,16:10 IST
6E 2289,DEL,GAU,21:30 IST,23:55 IST
6E 2305,SXR,DEL,14:40 IST,16:10 IST
6E 2625,DEL,CCU,09:55 IST,12:05 IST
6E 2716,DEL,BOM,01:45 IST,04:00 IST
6E 5032,BOM,BLR,19:15 IST,21:05 IST
6E 2032,AMD,DEL,18:55 IST,20:35 IST
6E 5009,DEL,HYD,12:20 IST,14:30 IST
6E 2487,DEL,BLR,19:00 IST,21:50 IST
6E 2176,JAI,DEL,18:10 IST,19:05 IST
6E 2289,DEL,GAU,21:30 IST,23:55 IST
6E 2487,DEL,BLR,19:00 IST,21:50 IST
6E 2176,JAI,DEL,18:10 IST,19:05 IST
6E 194,BLR,GOI,06:25 IST,07:35 IST
6E 806,NAG,BOM,21:50 IST,23:20 IST
6E 992,AMD,GOI,20:20 IST,22:00 IST
6E 345,CCU,IXZ,08:50 IST,11:15 IST
6E 636,COK,HYD,09:45 IST,11:15 IST
6E 636,COK,HYD,09:45 IST,11:15 IST
6E 293,MAA,HYD,07:50 IST,09:05 IST
6E 293,MAA,HYD,07:50 IST,09:05 IST
6E 178,PAT,AMD,19:35 IST,21:40 IST
6E 636,COK,HYD,09:45 IST,11:15 IST
6E 636,COK,HYD,09:45 IST,11:15 IST
6E 178,PAT,AMD,19:35 IST,21:40 IST
6E 457,GAU,AJL,12:55 IST,13:55 IST
6E 457,GAU,AJL,12:55 IST,13:55 IST
6E 457,GAU,AJL,12:55 IST,13:55 IST
6E 457,GAU,AJL,12:55 IST,13:55 IST
6E 7162,BLR,HBX,14:00 IST,15:15 IST
6E 7114,AMD,JAI,06:30 IST,08:05 IST
6E 7162,BLR,HBX,14:00 IST,15:15 IST
6E 7162,BLR,HBX,14:00 IST,15:15 IST
6E 7173,AMD,IDR,05:55 IST,07:05 IST
6E 149,HYD,IXB,10:25 IST,12:35 IST
6E 186,HYD,IXR,18:35 IST,20:30 IST
6E 266,BOM,SXR,06:45 IST,09:15 IST
6E 537,HYD,DBR,12:20 IST,14:25 IST
6E 638,BLR,HYD,18:25 IST,19:35 IST
6E 684,BLR,HYD,22:30 IST,23:40 IST
6E 855,BLR,HYD,19:40 IST,20:50 IST
6E 7173,AMD,IDR,05:55 IST,07:05 IST
6E 635,BOM,COK,19:35 IST,21:25 IST
6E 6139,CCU,LKO,05:15 IST,07:05 IST
6E 6159,GAU,CCU,18:00 IST,19:15 IST
6E 147,IDR,PNQ,23:55 IST,01:05 IST
6E 281,GOI,AMD,22:30 IST,00:15 IST
6E 6915,HYD,IDR,14:15 IST,15:35 IST
6E 7684,IXM,MAA,16:00 IST,17:30 IST
6E 221,BLR,IXR,17:40 IST,20:00 IST
6E 691,TRV,BLR,20:55 IST,22:10 IST
6E 702,BLR,BBI,07:35 IST,09:40 IST
6E 401,MAA,VNS,18:20 IST,20:40 IST
6E 368,BLR,BHO,06:10 IST,08:10 IST
6E 368,BLR,BHO,06:10 IST,08:10 IST
6E 469,BLR,JAI,15:25 IST,17:45 IST
6E 838,BLR,JAI,20:00 IST,22:25 IST
6E 415,BLR,JAI,08:35 IST,11:00 IST
6E 469,BLR,JAI,15:25 IST,17:45 IST
6E 481,AMD,BLR,19:20 IST,21:40 IST
6E 847,MAA,BLR,17:10 IST,18:05 IST
6E 847,MAA,BLR,17:10 IST,18:05 IST
6E 469,BLR,JAI,15:25 IST,17:45 IST
6E 201,CCU,DED,09:40 IST,12:00 IST
6E 7138,JAI,AMD,22:45 IST,00:20 IST
6E 113,BLR,COK,08:30 IST,09:25 IST
6E 279,LKO,AMD,13:25 IST,15:15 IST
6E 316,AJL,GAU,14:30 IST,15:10 IST
6E 463,BOM,BBI,15:40 IST,18:00 IST
6E 279,LKO,AMD,13:25 IST,15:15 IST
6E 419,STV,GOI,15:25 IST,16:40 IST
6E 373,JAI,BLR,23:05 IST,01:30 IST
6E 113,BLR,COK,08:30 IST,09:25 IST
6E 321,MAA,CCU,08:30 IST,10:50 IST
6E 463,BOM,BBI,15:40 IST,18:00 IST
6E 172,BLR,CCU,13:30 IST,15:50 IST
6E 344,CCU,MAA,05:05 IST,07:30 IST
6E 433,AJL,CCU,14:55 IST,15:55 IST
6E 6339,CCU,DMU,09:20 IST,10:55 IST
6E 676,BLR,CCU,18:30 IST,20:55 IST
6E 713,CCU,PAT,07:15 IST,08:35 IST
6E 874,CCU,IXC,13:10 IST,15:40 IST
6E 172,BLR,CCU,13:30 IST,15:50 IST
6E 997,HYD,AMD,14:25 IST,16:20 IST
6E 139,CCU,RPR,06:40 IST,08:05 IST
6E 479,MAA,CJB,10:05 IST,11:05 IST
6E 6339,CCU,DMU,09:20 IST,10:55 IST
6E 479,MAA,CJB,10:05 IST,11:05 IST
6E 6339,CCU,DMU,09:20 IST,10:55 IST
6E 139,CCU,RPR,06:40 IST,08:05 IST
6E 344,CCU,MAA,05:05 IST,07:30 IST
6E 435,LKO,BLR,16:30 IST,18:55 IST
6E 489,MAA,IDR,20:00 IST,21:45 IST
6E 6714,PNQ,MAA,17:45 IST,19:30 IST
6E 676,BLR,CCU,18:30 IST,20:55 IST
6E 139,CCU,RPR,06:40 IST,08:05 IST
6E 435,LKO,BLR,16:30 IST,18:55 IST
6E 7129,VTZ,VGA,18:55 IST,19:55 IST
6E 7287,CCJ,MAA,20:20 IST,22:00 IST
6E 451,BLR,LKO,16:50 IST,19:20 IST
6E 847,MAA,BLR,17:10 IST,18:05 IST
6E 196,BLR,LKO,13:30 IST,15:55 IST
6E 451,BLR,LKO,16:50 IST,19:20 IST
6E 388,IXE,BLR,18:10 IST,19:05 IST
6E 451,BLR,LKO,16:50 IST,19:20 IST
6E 388,IXE,BLR,18:10 IST,19:05 IST
6E 451,BLR,LKO,16:50 IST,19:20 IST
6E 7171,BLR,IXM,06:20 IST,07:35 IST
6E 7214,VGA,HYD,17:15 IST,18:25 IST
6E 7171,BLR,IXM,06:20 IST,07:35 IST
6E 139,CCU,RPR,06:40 IST,08:05 IST
6E 139,CCU,RPR,06:40 IST,08:05 IST
6E 139,CCU,RPR,06:40 IST,08:05 IST
6E 936,BOM,VGA,05:50 IST,07:40 IST
6E 139,CCU,RPR,06:40 IST,08:05 IST
6E 131,IDR,DEL,11:05 IST,12:35 IST
6E 413,HYD,BLR,06:45 IST,07:50 IST
6E 407,PNQ,HYD,11:05 IST,12:20 IST
6E 407,PNQ,HYD,11:05 IST,12:20 IST
6E 279,LKO,AMD,13:25 IST,15:15 IST
6E 279,LKO,AMD,13:25 IST,15:15 IST
6E 414,JDH,PNQ,13:55 IST,15:30 IST
6E 361,PNQ,BLR,00:45 IST,02:15 IST
6E 5322,BOM,BLR,23:55 IST,01:40 IST
6E 5324,JAI,BOM,18:20 IST,20:15 IST
6E 5331,BLR,DEL,12:00 IST,14:40 IST
6E 5322,BOM,BLR,23:55 IST,01:40 IST
6E 414,JDH,PNQ,13:55 IST,15:30 IST
6E 594,RPR,BOM,09:00 IST,10:40 IST
6E 196,BLR,LKO,13:30 IST,15:55 IST
6E 823,AMD,BLR,09:00 IST,11:30 IST
6E 405,BLR,RPR,09:45 IST,11:45 IST
6E 127,ATQ,AMD,22:05 IST,00:05 IST
6E 126,PAT,PNQ,13:35 IST,16:05 IST
6E 5334,TRV,DEL,12:30 IST,16:00 IST
6E 126,PAT,PNQ,13:35 IST,16:05 IST
6E 126,PAT,PNQ,13:35 IST,16:05 IST
6E 509,RDP,BLR,13:30 IST,16:00 IST
6E 525,IMF,IXA,15:00 IST,15:50 IST
6E 201,CCU,DED,09:40 IST,12:00 IST
6E 201,CCU,DED,09:40 IST,12:00 IST
6E 485,CCU,IXA,17:40 IST,18:40 IST
6E 345,CCU,IXZ,08:50 IST,11:15 IST
6E 473,RPR,HYD,11:20 IST,12:30 IST
6E 485,CCU,IXA,17:40 IST,18:40 IST
6E 368,BLR,BHO,06:10 IST,08:10 IST
6E 6104,BLR,PNQ,11:45 IST,13:10 IST
6E 408,BLR,PNQ,04:30 IST,05:50 IST
6E 426,HYD,PNQ,20:45 IST,21:55 IST
6E 6682,HYD,COK,14:20 IST,15:55 IST
6E 699,AMD,PNQ,02:55 IST,04:05 IST
6E 522,AMD,PNQ,13:55 IST,15:05 IST
6E 528,BLR,PNQ,17:00 IST,18:15 IST
6E 6104,BLR,PNQ,11:45 IST,13:10 IST
6E 469,BLR,JAI,15:25 IST,17:45 IST
6E 699,AMD,PNQ,02:55 IST,04:05 IST
6E 699,AMD,PNQ,02:55 IST,04:05 IST
6E 426,HYD,PNQ,20:45 IST,21:55 IST
6E 699,AMD,PNQ,02:55 IST,04:05 IST
6E 6405,HYD,BLR,13:55 IST,15:15 IST
6E 405,BLR,RPR,09:45 IST,11:45 IST
6E 378,IDR,HYD,06:55 IST,08:20 IST
6E 378,IDR,HYD,06:55 IST,08:20 IST
6E 503,BLR,CCU,10:20 IST,13:00 IST
6E 503,BLR,CCU,10:20 IST,13:00 IST
6E 7107,BLR,RJA,06:00 IST,08:00 IST
6E 7231,BLR,RJA,09:55 IST,11:45 IST
6E 7231,BLR,RJA,09:55 IST,11:45 IST
6E 7231,BLR,RJA,09:55 IST,11:45 IST
6E 7231,BLR,RJA,09:55 IST,11:45 IST
6E 7107,BLR,RJA,06:00 IST,08:00 IST
6E 7107,BLR,RJA,06:00 IST,08:00 IST
6E 822,CCU,VNS,09:30 IST,10:55 IST
6E 822,CCU,VNS,09:30 IST,10:55 IST
6E 7245,TRZ,BLR,07:40 IST,08:45 IST
6E 5035,DEL,NAG,18:30 IST,20:10 IST
6E 5035,DEL,NAG,18:30 IST,20:10 IST
6E 273,BOM,HSR,18:00 IST,19:05 IST
6E 6992,BLR,CJB,16:55 IST,17:45 IST
6E 873,BLR,TRV,04:55 IST,06:15 IST
6E 273,BOM,HSR,18:00 IST,19:05 IST
6E 273,BOM,HSR,18:00 IST,19:05 IST
6E 7236,BLR,TRZ,06:05 IST,07:20 IST
6E 7738,TIR,BLR,12:30 IST,13:25 IST
6E 7234,CCU,DBR,10:45 IST,12:15 IST
6E 2423,DEL,NAG,06:55 IST,08:40 IST
6E 2423,DEL,NAG,06:55 IST,08:40 IST
6E 7114,AMD,JAI,06:30 IST,08:05 IST
6E 7241,IXE,HYD,21:00 IST,22:50 IST
6E 7241,IXE,HYD,21:00 IST,22:50 IST
6E 7241,IXE,HYD,21:00 IST,22:50 IST
6E 7241,IXE,HYD,21:00 IST,22:50 IST
6E 978,BLR,RPR,17:45 IST,19:25 IST
6E 978,BLR,RPR,17:45 IST,19:25 IST
6E 978,BLR,RPR,17:45 IST,19:25 IST
6E 807,BLR,BDQ,15:50 IST,17:50 IST
6E 747,BLR,IDR,22:40 IST,00:25 IST
6E 807,BLR,BDQ,15:50 IST,17:50 IST
6E 747,BLR,IDR,22:40 IST,00:25 IST
6E 747,BLR,IDR,22:40 IST,00:25 IST
6E 747,BLR,IDR,22:40 IST,00:25 IST
6E 747,BLR,IDR,22:40 IST,00:25 IST
6E 968,COK,BLR,17:05 IST,18:05 IST
6E 897,BLR,VNS,12:55 IST,15:20 IST
6E 897,BLR,VNS,12:55 IST,15:20 IST
6E 897,BLR,VNS,12:55 IST,15:20 IST
6E 7134,BLR,VGA,18:45 IST,20:25 IST
6E 507,VNS,CCU,11:25 IST,12:45 IST
6E 507,VNS,CCU,11:25 IST,12:45 IST
6E 208,HYD,VTZ,17:15 IST,18:25 IST
6E 288,MAA,BBI,06:40 IST,08:25 IST
6E 7238,MAA,TRZ,19:30 IST,20:35 IST
6E 208,HYD,VTZ,17:15 IST,18:25 IST
6E 409,HYD,VTZ,13:10 IST,14:25 IST
6E 512,CCU,VTZ,13:25 IST,14:55 IST
6E 288,MAA,BBI,06:40 IST,08:25 IST
6E 512,CCU,VTZ,13:25 IST,14:55 IST
6E 273,BOM,HSR,18:00 IST,19:05 IST
6E 538,DEL,LKO,18:45 IST,19:50 IST
6E 538,DEL,LKO,18:45 IST,19:50 IST
6E 2023,DEL,BBI,17:30 IST,19:25 IST
6E 2036,DEL,ISK,07:05 IST,08:50 IST
6E 5357,GAU,DEL,16:30 IST,19:00 IST
6E 2052,GOI,DEL,14:00 IST,16:30 IST
6E 2062,DEL,RPR,07:10 IST,09:00 IST
6E 7122,BHO,HYD,17:50 IST,20:15 IST
6E 7122,BHO,HYD,17:50 IST,20:15 IST
6E 5302,LKO,BOM,13:30 IST,15:45 IST
6E 109,BLR,IXE,18:25 IST,19:25 IST
6E 109,BLR,IXE,18:25 IST,19:25 IST
6E 6801,BLR,PAT,08:25 IST,10:55 IST
6E 157,DIB,DEL,09:55 IST,12:55 IST
6E 334,CCU,HYD,11:30 IST,13:45 IST
6E 6892,MAA,BLR,11:40 IST,12:35 IST
6E 334,CCU,HYD,11:30 IST,13:45 IST
6E 182,COK,MAA,14:55 IST,16:10 IST
6E 756,IDR,MAA,22:30 IST,00:25 IST
6E 209,IXR,MAA,19:10 IST,21:15 IST
6E 5019,GOI,BOM,00:10 IST,01:25 IST
6E 5037,DEL,BLR,14:15 IST,17:00 IST
6E 342,PAT,CCU,19:45 IST,20:50 IST
6E 631,BBI,HYD,22:50 IST,00:25 IST
6E 771,CCU,BLR,06:45 IST,09:15 IST
6E 309,BLR,GOX,20:30 IST,21:50 IST
6E 342,PAT,CCU,19:45 IST,20:50 IST
6E 117,GOI,HYD,18:10 IST,19:20 IST
6E 411,BLR,BBI,21:30 IST,23:30 IST
6E 598,HYD,MAA,17:45 IST,19:10 IST
6E 411,BLR,BBI,21:30 IST,23:30 IST
6E 458,DEL,JRG,15:20 IST,17:15 IST
6E 6572,BLR,CCU,15:00 IST,17:35 IST
6E 458,DEL,JRG,15:20 IST,17:15 IST
6E 6375,AMD,GOI,09:30 IST,11:10 IST
6E 159,PNQ,MAA,05:35 IST,07:15 IST
6E 164,IXE,BOM,20:00 IST,21:35 IST
6E 6056,IXC,GOI,06:00 IST,08:40 IST
6E 6178,BLR,HYD,06:35 IST,07:50 IST
6E 491,IXA,CCU,11:20 IST,12:20 IST
6E 593,IXC,BLR,19:20 IST,22:20 IST
6E 491,IXA,CCU,11:20 IST,12:20 IST
6E 593,IXC,BLR,19:20 IST,22:20 IST
6E 549,BOM,COK,00:30 IST,02:20 IST
6E 236,BLR,CCU,11:45 IST,14:15 IST
6E 615,BOM,DEL,13:15 IST,15:25 IST
6E 615,BOM,DEL,13:15 IST,15:25 IST
6E 376,HYD,CCU,12:05 IST,14:05 IST
6E 376,HYD,CCU,12:05 IST,14:05 IST
6E 376,HYD,CCU,12:05 IST,14:05 IST
6E 6133,BOM,HSR,07:05 IST,08:20 IST
6E 463,BOM,BBI,15:40 IST,18:00 IST
6E 237,MAA,CJB,18:00 IST,19:00 IST
6E 244,MAA,AMD,03:55 IST,06:25 IST
6E 244,MAA,AMD,03:55 IST,06:25 IST
6E 237,MAA,CJB,18:00 IST,19:00 IST
6E 294,BOM,IDR,06:50 IST,08:10 IST
6E 6113,MAA,IXR,16:20 IST,18:40 IST
6E 6315,CJB,MAA,21:05 IST,22:20 IST
6E 271,CCU,GAU,05:55 IST,07:15 IST
6E 6011,MAA,GAU,16:00 IST,18:45 IST
6E 6217,DEL,HYD,16:55 IST,19:10 IST
6E 806,NAG,BOM,21:50 IST,23:20 IST
6E 847,MAA,BLR,17:10 IST,18:05 IST
6E 238,PNQ,MAA,22:45 IST,00:35 IST
6E 253,MAA,PNQ,03:15 IST,04:45 IST
6E 6216,MAA,TRV,11:45 IST,13:05 IST
6E 522,AMD,PNQ,13:55 IST,15:05 IST
6E 6005,MAA,IXC,11:10 IST,14:00 IST
6E 141,BBI,MAA,08:55 IST,10:45 IST
6E 193,MAA,HYD,20:20 IST,21:30 IST
6E 143,MAA,BBI,17:55 IST,19:40 IST
6E 548,COK,BOM,02:50 IST,04:45 IST
6E 238,PNQ,MAA,22:45 IST,00:35 IST
6E 381,GOI,AMD,15:15 IST,16:50 IST
6E 275,CCU,IMF,13:45 IST,15:10 IST
6E 7261,AMD,JAI,16:25 IST,18:00 IST
6E 881,MAA,CJB,14:25 IST,15:25 IST
6E 381,GOI,AMD,15:15 IST,16:50 IST
6E 118,LKO,PNQ,21:45 IST,23:35 IST
6E 2029,BHO,DEL,21:25 IST,22:45 IST
6E 2125,DEL,BHO,18:10 IST,19:35 IST
6E 2394,DEL,ATQ,06:00 IST,07:05 IST
6E 5002,NAG,BOM,06:00 IST,07:25 IST
6E 5007,HYD,DEL,09:00 IST,11:05 IST
6E 2029,BHO,DEL,21:25 IST,22:45 IST
6E 2032,AMD,DEL,18:55 IST,20:35 IST
6E 2032,AMD,DEL,18:55 IST,20:35 IST
6E 128,JRG,BLR,13:10 IST,15:10 IST
6E 411,BLR,BBI,21:30 IST,23:30 IST
6E 112,GOI,AMD,11:45 IST,13:15 IST
6E 112,GOI,AMD,11:45 IST,13:15 IST
6E 112,GOI,AMD,11:45 IST,13:15 IST
6E 156,MAA,COK,21:20 IST,22:20 IST
6E 302,PNQ,BLR,13:50 IST,15:20 IST
6E 384,HYD,VTZ,22:00 IST,23:10 IST
6E 6173,CCU,IXA,18:35 IST,19:40 IST
6E 6215,MAA,HYD,19:00 IST,20:10 IST
6E 624,BOM,TRV,10:35 IST,12:55 IST
6E 6468,AMD,BOM,08:35 IST,09:45 IST
6E 6815,MAA,BLR,08:50 IST,09:50 IST
6E 905,HYD,GOI,12:50 IST,14:00 IST
6E 905,HYD,GOI,12:50 IST,14:00 IST
6E 624,BOM,TRV,10:35 IST,12:55 IST
6E 624,BOM,TRV,10:35 IST,12:55 IST
6E 624,BOM,TRV,10:35 IST,12:55 IST
6E 302,PNQ,BLR,13:50 IST,15:20 IST
6E 624,BOM,TRV,10:35 IST,12:55 IST
6E 384,HYD,VTZ,22:00 IST,23:10 IST
6E 298,IXR,BOM,16:30 IST,18:55 IST
6E 298,IXR,BOM,16:30 IST,18:55 IST
6E 7173,AMD,IDR,05:55 IST,07:05 IST
6E 624,BOM,TRV,10:35 IST,12:55 IST
6E 548,COK,BOM,02:50 IST,04:45 IST
6E 298,IXR,BOM,16:30 IST,18:55 IST
6E 597,PAT,MAA,14:55 IST,17:20 IST
6E 525,IMF,IXA,15:00 IST,15:50 IST
6E 525,IMF,IXA,15:00 IST,15:50 IST
6E 183,MAA,PNQ,15:40 IST,17:15 IST
6E 292,IXB,CCU,14:20 IST,15:25 IST
6E 6016,DEL,BOM,20:00 IST,22:20 IST
6E 6385,BLR,IXC,20:30 IST,23:15 IST
6E 892,CCU,MAA,15:00 IST,17:20 IST
6E 923,MAA,CCU,21:00 IST,23:20 IST
6E 987,MAA,CCU,05:25 IST,07:45 IST
6E 116,BLR,PNQ,22:40 IST,00:05 IST
6E 116,BLR,PNQ,22:40 IST,00:05 IST
6E 183,MAA,PNQ,15:40 IST,17:15 IST
6E 116,BLR,PNQ,22:40 IST,00:05 IST
6E 183,MAA,PNQ,15:40 IST,17:15 IST
6E 115,CCU,BOM,21:45 IST,00:30 IST
6E 183,MAA,PNQ,15:40 IST,17:15 IST
6E 7127,IDR,LKO,06:45 IST,08:45 IST
6E 515,LKO,DED,14:40 IST,15:50 IST
6E 515,LKO,DED,14:40 IST,15:50 IST
6E 515,LKO,DED,14:40 IST,15:50 IST
6E 515,LKO,DED,14:40 IST,15:50 IST
6E 7193,MAA,TCR,05:45 IST,07:35 IST
6E 7197,MAA,CCJ,18:20 IST,20:00 IST
6E 7199,MAA,TRZ,18:05 IST,19:10 IST
6E 7216,RPR,CCU,20:45 IST,22:55 IST
6E 172,BLR,CCU,13:30 IST,15:50 IST
6E 172,BLR,CCU,13:30 IST,15:50 IST
6E 7141,MYQ,HYD,13:00 IST,14:45 IST
6E 7141,MYQ,HYD,13:00 IST,14:45 IST
6E 7141,MYQ,HYD,13:00 IST,14:45 IST
6E 387,COK,MAA,19:00 IST,20:15 IST
6E 495,MAA,HYD,05:55 IST,07:00 IST
6E 5309,VTZ,BLR,14:35 IST,16:10 IST
6E 5341,DEL,CCJ,19:10 IST,22:05 IST
6E 782,MAA,CJB,07:55 IST,09:00 IST
6E 917,MAA,VTZ,16:40 IST,17:55 IST
6E 998,AMD,HYD,12:05 IST,13:50 IST
6E 5357,GAU,DEL,16:30 IST,19:00 IST
6E 495,MAA,HYD,05:55 IST,07:00 IST
6E 6815,MAA,BLR,08:50 IST,09:50 IST
6E 6005,MAA,IXC,11:10 IST,14:00 IST
6E 6005,MAA,IXC,11:10 IST,14:00 IST
6E 528,BLR,PNQ,17:00 IST,18:15 IST
6E 311,HYD,PNQ,13:05 IST,14:10 IST
6E 401,MAA,VNS,18:20 IST,20:40 IST
6E 502,MAA,PNQ,08:55 IST,10:30 IST
6E 561,MAA,PNQ,23:00 IST,00:35 IST
6E 502,MAA,PNQ,08:55 IST,10:30 IST
6E 912,AMD,BOM,03:00 IST,04:25 IST
6E 912,AMD,BOM,03:00 IST,04:25 IST
6E 912,AMD,BOM,03:00 IST,04:25 IST
6E 6137,HYD,PAT,19:45 IST,21:50 IST
6E 7145,AMD,JAI,10:30 IST,12:10 IST
6E 7147,IXU,HYD,21:10 IST,22:35 IST
6E 7149,BHO,JAI,11:55 IST,13:25 IST
6E 7215,CCU,RPR,18:05 IST,20:05 IST
6E 7183,MAA,IXM,05:50 IST,07:25 IST
6E 7185,MAA,IXM,10:00 IST,11:35 IST
6E 7187,AMD,IDR,21:00 IST,22:05 IST
6E 7183,MAA,IXM,05:50 IST,07:25 IST
6E 7185,MAA,IXM,10:00 IST,11:35 IST
6E 7228,HYD,RJA,10:10 IST,11:35 IST
6E 7132,CCJ,HYD,21:20 IST,23:20 IST
6E 7208,HYD,VGA,09:05 IST,10:10 IST
6E 7208,HYD,VGA,09:05 IST,10:10 IST
6E 7208,HYD,VGA,09:05 IST,10:10 IST
6E 557,MAA,VTZ,06:35 IST,08:05 IST
6E 882,BOM,DEL,17:00 IST,19:10 IST
6E 551,BOM,IDR,18:40 IST,19:55 IST
6E 253,MAA,PNQ,03:15 IST,04:45 IST
6E 253,MAA,PNQ,03:15 IST,04:45 IST
6E 253,MAA,PNQ,03:15 IST,04:45 IST
6E 253,MAA,PNQ,03:15 IST,04:45 IST
6E 253,MAA,PNQ,03:15 IST,04:45 IST
6E 253,MAA,PNQ,03:15 IST,04:45 IST
6E 355,BOM,DEL,08:30 IST,10:35 IST
6E 526,MAA,IXZ,04:40 IST,06:55 IST
6E 532,CJB,BLR,18:30 IST,19:25 IST
6E 992,AMD,GOI,20:20 IST,22:00 IST
6E 992,AMD,GOI,20:20 IST,22:00 IST
6E 237,MAA,CJB,18:00 IST,19:00 IST
6E 6385,BLR,IXC,20:30 IST,23:15 IST
6E 7262,MAA,RJA,14:25 IST,16:00 IST
6E 882,BOM,DEL,17:00 IST,19:10 IST
6E 892,CCU,MAA,15:00 IST,17:20 IST
6E 6005,MAA,IXC,11:10 IST,14:00 IST
6E 6005,MAA,IXC,11:10 IST,14:00 IST
6E 183,MAA,PNQ,15:40 IST,17:15 IST
6E 183,MAA,PNQ,15:40 IST,17:15 IST
6E 208,HYD,VTZ,17:15 IST,18:25 IST
6E 6385,BLR,IXC,20:30 IST,23:15 IST
6E 183,MAA,PNQ,15:40 IST,17:15 IST
6E 208,HYD,VTZ,17:15 IST,18:25 IST
6E 183,MAA,PNQ,15:40 IST,17:15 IST
6E 985,GOI,HYD,23:05 IST,00:30 IST
6E 2169,DEL,BOM,07:55 IST,10:10 IST
6E 507,VNS,CCU,11:25 IST,12:45 IST
6E 779,VTZ,HYD,07:40 IST,08:50 IST
6E 969,BLR,VTZ,15:30 IST,16:55 IST
6E 752,HYD,CJB,07:40 IST,09:00 IST
6E 998,AMD,HYD,12:05 IST,13:50 IST
6E 752,HYD,CJB,07:40 IST,09:00 IST
6E 453,HYD,LKO,10:45 IST,12:35 IST
6E 598,HYD,MAA,17:45 IST,19:10 IST
6E 6152,CCU,IXR,11:00 IST,11:55 IST
6E 234,CCU,MAA,18:00 IST,20:15 IST
6E 234,CCU,MAA,18:00 IST,20:15 IST
6E 6876,BLR,PNQ,02:30 IST,03:55 IST
6E 6114,DEL,BOM,22:15 IST,00:25 IST
6E 6136,DED,BLR,17:55 IST,21:00 IST
6E 6136,DED,BLR,17:55 IST,21:00 IST
6E 6136,DED,BLR,17:55 IST,21:00 IST
6E 455,CCU,BLR,13:15 IST,15:45 IST
6E 455,CCU,BLR,13:15 IST,15:45 IST
6E 184,DEL,AMD,09:10 IST,10:40 IST
6E 184,DEL,AMD,09:10 IST,10:40 IST
6E 184,DEL,AMD,09:10 IST,10:40 IST
6E 184,DEL,AMD,09:10 IST,10:40 IST
6E 184,DEL,AMD,09:10 IST,10:40 IST
6E 2072,DED,DEL,18:25 IST,19:10 IST
6E 184,DEL,AMD,09:10 IST,10:40 IST
6E 114,CCU,JAI,18:15 IST,20:35 IST
6E 5014,DEL,IXJ,17:10 IST,18:35 IST
6E 153,CCJ,BLR,07:50 IST,08:50 IST
6E 432,PAT,HYD,11:05 IST,12:55 IST
6E 607,MAA,PNQ,04:55 IST,06:30 IST
6E 625,PNQ,MAA,14:50 IST,16:30 IST
6E 653,PNQ,PAT,16:45 IST,18:55 IST
6E 5016,DEL,JDH,09:20 IST,10:25 IST
6E 5024,IXR,DEL,20:40 IST,22:35 IST
6E 151,HYD,BLR,08:35 IST,09:45 IST
6E 2166,MAA,DEL,21:05 IST,00:05 IST
6E 2056,HYD,DEL,07:45 IST,09:55 IST
6E 2056,HYD,DEL,07:45 IST,09:55 IST
6E 5023,DEL,IXR,18:20 IST,20:10 IST
6E 5023,DEL,IXR,18:20 IST,20:10 IST
6E 5023,DEL,IXR,18:20 IST,20:10 IST
6E 2306,IXA,DEL,15:40 IST,18:20 IST
6E 2031,DEL,DIB,06:30 IST,09:15 IST
6E 2134,PAT,DEL,10:55 IST,12:35 IST
6E 2273,DEL,PNQ,20:10 IST,22:20 IST
6E 2376,DEL,IDR,17:30 IST,18:55 IST
6E 2637,DEL,BDQ,18:20 IST,20:05 IST
6E 5021,HSR,DEL,17:55 IST,19:45 IST
6E 5031,BLR,BOM,16:30 IST,18:25 IST
6E 5011,BLR,BOM,11:30 IST,13:05 IST
6E 2134,PAT,DEL,10:55 IST,12:35 IST
6E 2637,DEL,BDQ,18:20 IST,20:05 IST
6E 2423,DEL,NAG,06:55 IST,08:40 IST
6E 2423,DEL,NAG,06:55 IST,08:40 IST
6E 2134,PAT,DEL,10:55 IST,12:35 IST
6E 2022,DEL,IXR,07:10 IST,09:00 IST
6E 2035,NAG,DEL,23:25 IST,01:05 IST
6E 2052,GOI,DEL,14:00 IST,16:30 IST
6E 5035,DEL,NAG,18:30 IST,20:10 IST
6E 2014,ATQ,DEL,07:35 IST,08:45 IST
6E 2701,DEL,AYJ,13:35 IST,14:55 IST
6E 5017,DEL,BHO,19:30 IST,20:55 IST
6E 5035,DEL,NAG,18:30 IST,20:10 IST
6E 2014,ATQ,DEL,07:35 IST,08:45 IST
6E 2058,LKO,BOM,21:55 IST,00:05 IST
6E 2701,DEL,AYJ,13:35 IST,14:55 IST
6E 2701,DEL,AYJ,13:35 IST,14:55 IST
6E 966,AMD,CCU,06:05 IST,08:45 IST
6E 736,BOM,HBX,15:00 IST,16:10 IST
6E 2028,DEL,GOI,16:20 IST,18:45 IST
6E 2315,DEL,COK,12:55 IST,16:00 IST
6E 2403,IXL,DEL,13:30 IST,15:00 IST
6E 5006,GAU,DEL,18:05 IST,20:40 IST
6E 2028,DEL,GOI,16:20 IST,18:45 IST
6E 2031,DEL,DIB,06:30 IST,09:15 IST
6E 2168,BOM,DEL,04:50 IST,07:05 IST
6E 6908,CCU,HYD,15:10 IST,17:15 IST
6E 6097,IXA,CCU,12:55 IST,13:55 IST
6E 129,DEL,AMD,13:25 IST,15:05 IST
6E 6572,BLR,CCU,15:00 IST,17:35 IST
6E 2065,DEL,HYD,10:45 IST,13:10 IST
6E 2065,DEL,HYD,10:45 IST,13:10 IST
6E 367,PNQ,GOI,14:25 IST,15:25 IST
6E 399,LKO,GOI,14:35 IST,16:55 IST
6E 505,LKO,CCU,06:25 IST,08:00 IST
6E 614,IXC,GOI,14:40 IST,17:20 IST
6E 792,JLR,BOM,12:15 IST,14:05 IST
6E 212,CCU,GAU,07:25 IST,08:45 IST
6E 256,IXE,BLR,08:45 IST,09:35 IST
6E 256,IXE,BLR,08:45 IST,09:35 IST
6E 256,IXE,BLR,08:45 IST,09:35 IST
6E 251,GAU,IMF,07:40 IST,08:40 IST
6E 694,JAI,MAA,14:05 IST,16:40 IST
6E 2192,KNU,DEL,14:40 IST,15:45 IST
6E 277,AMD,LKO,11:00 IST,12:50 IST
6E 694,JAI,MAA,14:05 IST,16:40 IST
6E 251,GAU,IMF,07:40 IST,08:40 IST
6E 251,GAU,IMF,07:40 IST,08:40 IST
6E 251,GAU,IMF,07:40 IST,08:40 IST
6E 5013,DEL,RDP,14:00 IST,15:55 IST
6E 552,IDR,BOM,20:50 IST,22:10 IST
6E 635,BOM,COK,19:35 IST,21:25 IST
6E 683,BOM,MAA,08:45 IST,10:40 IST
6E 967,GOX,BOM,20:45 IST,22:05 IST
6E 2022,DEL,IXR,07:10 IST,09:00 IST
6E 2164,GOI,DEL,22:25 IST,00:55 IST
6E 967,GOX,BOM,20:45 IST,22:05 IST
6E 2019,IDR,DEL,22:40 IST,00:10 IST
6E 2019,IDR,DEL,22:40 IST,00:10 IST
6E 5038,BOM,UDR,06:25 IST,07:45 IST
6E 6904,COK,MAA,22:25 IST,23:35 IST
6E 2042,DEL,JAI,18:40 IST,19:40 IST
6E 212,CCU,GAU,07:25 IST,08:45 IST
6E 736,BOM,HBX,15:00 IST,16:10 IST
6E 284,PNQ,IDR,01:40 IST,02:50 IST
6E 114,CCU,JAI,18:15 IST,20:35 IST
6E 2073,HYD,TRZ,16:25 IST,17:50 IST
6E 2171,TRZ,HYD,09:20 IST,10:40 IST
6E 423,DED,HYD,17:45 IST,20:05 IST
6E 2046,AMD,BOM,07:40 IST,09:00 IST
6E 2214,DEL,NAG,16:25 IST,18:05 IST
6E 283,HYD,CCU,18:00 IST,20:00 IST
6E 377,HYD,IDR,05:00 IST,06:25 IST
6E 615,BOM,DEL,13:15 IST,15:25 IST
6E 921,AMD,PAT,10:50 IST,13:00 IST
6E 455,CCU,BLR,13:15 IST,15:45 IST
6E 455,CCU,BLR,13:15 IST,15:45 IST
6E 377,HYD,IDR,05:00 IST,06:25 IST
6E 2015,IXL,DEL,11:30 IST,12:55 IST
6E 2076,DEL,AMD,07:20 IST,09:00 IST
6E 377,HYD,IDR,05:00 IST,06:25 IST
6E 2076,DEL,AMD,07:20 IST,09:00 IST
6E 2076,DEL,AMD,07:20 IST,09:00 IST
6E 5043,BLR,DEL,13:00 IST,15:50 IST
6E 634,CCU,GOI,11:55 IST,14:35 IST
6E 6528,CCU,HYD,17:15 IST,19:30 IST
6E 6613,BOM,DEL,19:00 IST,21:10 IST
6E 943,VGA,BOM,08:45 IST,10:40 IST
6E 959,IDR,IXJ,10:00 IST,11:55 IST
6E 6528,CCU,HYD,17:15 IST,19:30 IST
6E 6528,CCU,HYD,17:15 IST,19:30 IST
6E 906,LKO,BLR,21:30 IST,23:55 IST
6E 943,VGA,BOM,08:45 IST,10:40 IST
6E 129,DEL,AMD,13:25 IST,15:05 IST
6E 167,HYD,ATQ,08:45 IST,11:30 IST
6E 171,COK,MAA,16:50 IST,18:10 IST
6E 189,MAA,BLR,19:15 IST,20:20 IST
6E 191,IXR,HYD,21:10 IST,22:55 IST
6E 223,BLR,CCU,17:15 IST,19:45 IST
6E 843,BOM,GAU,20:20 IST,23:30 IST
6E 993,BOM,DEL,14:15 IST,16:25 IST
6E 2035,NAG,DEL,23:25 IST,01:05 IST
6E 408,BLR,PNQ,04:30 IST,05:50 IST
6E 6215,MAA,HYD,19:00 IST,20:10 IST
6E 135,PNQ,HSR,13:45 IST,15:00 IST
6E 221,BLR,IXR,17:40 IST,20:00 IST
6E 2125,DEL,BHO,18:10 IST,19:35 IST
6E 504,VNS,HYD,12:10 IST,14:05 IST
6E 581,MAA,VTZ,10:30 IST,11:45 IST
6E 653,PNQ,PAT,16:45 IST,18:55 IST
6E 107,PNQ,BLR,20:55 IST,22:30 IST
6E 494,DEL,HYD,22:00 IST,00:15 IST
6E 499,VNS,BLR,21:45 IST,00:25 IST
6E 6494,HYD,CCU,06:00 IST,08:05 IST
6E 494,DEL,HYD,22:00 IST,00:15 IST
6E 2037,ISK,DEL,09:20 IST,11:15 IST
6E 2037,ISK,DEL,09:20 IST,11:15 IST
6E 105,BLR,PNQ,18:55 IST,20:20 IST
6E 177,PNQ,IXE,14:00 IST,15:20 IST
6E 643,BOM,LKO,04:45 IST,06:45 IST
6E 671,CJB,PNQ,20:40 IST,22:15 IST
6E 271,CCU,GAU,05:55 IST,07:15 IST
6E 271,CCU,GAU,05:55 IST,07:15 IST
6E 271,CCU,GAU,05:55 IST,07:15 IST
6E 271,CCU,GAU,05:55 IST,07:15 IST
6E 271,CCU,GAU,05:55 IST,07:15 IST
6E 271,CCU,GAU,05:55 IST,07:15 IST
6E 643,BOM,LKO,04:45 IST,06:45 IST
6E 271,CCU,GAU,05:55 IST,07:15 IST
6E 271,CCU,GAU,05:55 IST,07:15 IST
6E 2064,DEL,BBI,05:00 IST,07:15 IST
6E 2393,DEL,CJB,05:10 IST,08:15 IST
6E 509,RDP,BLR,13:30 IST,16:00 IST
6E 421,HYD,IXR,08:40 IST,10:25 IST
6E 6514,CCU,IMF,08:40 IST,10:00 IST
6E 421,HYD,IXR,08:40 IST,10:25 IST
6E 421,HYD,IXR,08:40 IST,10:25 IST
6E 6535,BLR,BBI,11:50 IST,13:50 IST
6E 2019,IDR,DEL,22:40 IST,00:10 IST
6E 106,AMD,ATQ,19:40 IST,21:35 IST
6E 2486,HYD,TIR,18:10 IST,19:15 IST
6E 2011,DEL,GAU,14:55 IST,17:25 IST
6E 2486,HYD,TIR,18:10 IST,19:15 IST
6E 2011,DEL,GAU,14:55 IST,17:25 IST
6E 2486,HYD,TIR,18:10 IST,19:15 IST
6E 5034,STV,BLR,19:05 IST,21:00 IST
6E 5028,BOM,VNS,19:25 IST,21:35 IST
6E 5034,STV,BLR,19:05 IST,21:00 IST
6E 5034,STV,BLR,19:05 IST,21:00 IST
6E 5034,STV,BLR,19:05 IST,21:00 IST
6E 945,GOX,HYD,21:45 IST,23:05 IST
6E 2198,CCU,DEL,21:15 IST,23:35 IST
6E 5041,DEL,MAA,19:30 IST,22:25 IST
6E 2153,DEL,AMD,21:00 IST,22:25 IST
6E 2153,DEL,AMD,21:00 IST,22:25 IST
6E 5041,DEL,MAA,19:30 IST,22:25 IST
6E 2702,AYJ,DEL,15:25 IST,16:50 IST
6E 2026,LKO,DEL,07:40 IST,08:50 IST
6E 2201,DEL,BBI,20:00 IST,22:15 IST
6E 2698,IXZ,MAA,13:55 IST,16:00 IST
6E 2702,AYJ,DEL,15:25 IST,16:50 IST
6E 2064,DEL,BBI,05:00 IST,07:15 IST
6E 906,LKO,BLR,21:30 IST,23:55 IST
6E 519,DEL,BOM,23:30 IST,01:40 IST
6E 671,CJB,PNQ,20:40 IST,22:15 IST
6E 2197,ATQ,DEL,17:35 IST,18:30 IST
6E 2719,JAI,BOM,12:45 IST,14:35 IST
6E 2197,ATQ,DEL,17:35 IST,18:30 IST
6E 2719,JAI,BOM,12:45 IST,14:35 IST
6E 2719,JAI,BOM,12:45 IST,14:35 IST
6E 5337,BOM,MAA,14:00 IST,16:05 IST
6E 206,GOI,HYD,01:10 IST,02:20 IST
6E 206,GOI,HYD,01:10 IST,02:20 IST
6E 446,BOM,AMD,06:20 IST,07:30 IST
6E 417,CCU,RPR,16:35 IST,18:00 IST
6E 417,CCU,RPR,16:35 IST,18:00 IST
6E 162,GOI,CCU,15:10 IST,18:00 IST
6E 948,CCU,GOX,18:25 IST,21:15 IST
6E 162,GOI,CCU,15:10 IST,18:00 IST
6E 281,GOI,AMD,22:30 IST,00:15 IST
6E 617,VTZ,CCU,18:45 IST,20:25 IST
6E 491,IXA,CCU,11:20 IST,12:20 IST
6E 189,MAA,BLR,19:15 IST,20:20 IST
6E 189,MAA,BLR,19:15 IST,20:20 IST
6E 391,PNQ,BLR,06:50 IST,08:25 IST
6E 391,PNQ,BLR,06:50 IST,08:25 IST
6E 137,PNQ,BLR,17:05 IST,18:35 IST
6E 412,UDR,BLR,09:45 IST,11:55 IST
6E 336,PNQ,HYD,00:05 IST,01:10 IST
6E 637,HYD,COK,07:45 IST,09:15 IST
6E 6532,HYD,GOI,23:30 IST,00:40 IST
6E 724,GOI,IXC,17:50 IST,20:25 IST
6E 381,GOI,AMD,15:15 IST,16:50 IST
6E 6298,GOX,BLR,22:30 IST,23:45 IST
6E 744,GOI,HYD,07:10 IST,08:30 IST
6E 381,GOI,AMD,15:15 IST,16:50 IST
6E 744,GOI,HYD,07:10 IST,08:30 IST
6E 358,IXE,PNQ,17:20 IST,18:30 IST
6E 381,GOI,AMD,15:15 IST,16:50 IST
6E 381,GOI,AMD,15:15 IST,16:50 IST
6E 487,CCU,IXS,07:10 IST,08:15 IST
6E 358,IXE,PNQ,17:20 IST,18:30 IST
6E 487,CCU,IXS,07:10 IST,08:15 IST
6E 633,GOI,BLR,14:40 IST,15:55 IST
6E 589,GOI,MAA,19:50 IST,21:15 IST
6E 397,BOM,BHO,19:55 IST,21:15 IST
6E 813,GOI,IDR,14:45 IST,16:30 IST
6E 418,GOI,STV,17:10 IST,18:30 IST
6E 6097,IXA,CCU,12:55 IST,13:55 IST
6E 712,GOI,HYD,14:35 IST,15:45 IST
6E 813,GOI,IDR,14:45 IST,16:30 IST
6E 813,GOI,IDR,14:45 IST,16:30 IST
6E 5352,BOM,BLR,06:05 IST,07:45 IST
6E 6097,IXA,CCU,12:55 IST,13:55 IST
6E 6129,ATQ,PNQ,23:20 IST,01:35 IST
6E 138,BOM,CCU,03:00 IST,05:35 IST
6E 138,BOM,CCU,03:00 IST,05:35 IST
6E 6319,GOP,HYD,13:50 IST,15:50 IST
6E 6318,DEL,BOM,16:15 IST,18:20 IST
6E 7306,GOP,CCU,16:55 IST,18:50 IST
6E 7306,GOP,CCU,16:55 IST,18:50 IST
6E 137,PNQ,BLR,17:05 IST,18:35 IST
6E 137,PNQ,BLR,17:05 IST,18:35 IST
6E 137,PNQ,BLR,17:05 IST,18:35 IST
6E 137,PNQ,BLR,17:05 IST,18:35 IST
6E 137,PNQ,BLR,17:05 IST,18:35 IST
6E 112,GOI,AMD,11:45 IST,13:15 IST
6E 457,GAU,AJL,12:55 IST,13:55 IST
6E 525,IMF,IXA,15:00 IST,15:50 IST
6E 112,GOI,AMD,11:45 IST,13:15 IST
6E 112,GOI,AMD,11:45 IST,13:15 IST
6E 7345,IXE,MAA,07:55 IST,09:40 IST
6E 958,CCU,BLR,15:15 IST,17:55 IST
6E 316,AJL,GAU,14:30 IST,15:10 IST
6E 478,SXR,ATQ,14:25 IST,15:25 IST
6E 614,IXC,GOI,14:40 IST,17:20 IST
6E 885,RPR,GOI,18:45 IST,20:40 IST
6E 614,IXC,GOI,14:40 IST,17:20 IST
6E 614,IXC,GOI,14:40 IST,17:20 IST
6E 614,IXC,GOI,14:40 IST,17:20 IST
6E 187,DIB,GAU,14:30 IST,15:25 IST
6E 6797,MAA,STV,08:20 IST,10:35 IST
6E 6539,AMD,MAA,16:15 IST,18:30 IST
6E 186,HYD,IXR,18:35 IST,20:30 IST
6E 251,GAU,IMF,07:40 IST,08:40 IST
6E 457,GAU,AJL,12:55 IST,13:55 IST
6E 251,GAU,IMF,07:40 IST,08:40 IST
6E 457,GAU,AJL,12:55 IST,13:55 IST
6E 457,GAU,AJL,12:55 IST,13:55 IST
6E 394,CCU,JAI,14:40 IST,17:00 IST
6E 572,CCU,GAU,21:20 IST,22:35 IST
6E 7311,HYD,RJA,13:35 IST,14:55 IST
6E 856,CCU,LKO,18:50 IST,20:30 IST
6E 433,AJL,CCU,14:55 IST,15:55 IST
6E 6219,IDR,GOI,12:35 IST,14:15 IST
6E 433,AJL,CCU,14:55 IST,15:55 IST
6E 251,GAU,IMF,07:40 IST,08:40 IST
6E 251,GAU,IMF,07:40 IST,08:40 IST
6E 7115,AMD,ISK,09:05 IST,10:25 IST
6E 6719,HYD,PAT,08:30 IST,10:30 IST
6E 6798,PNQ,NAG,00:20 IST,01:45 IST
6E 352,PNQ,HYD,06:25 IST,07:40 IST
6E 6719,HYD,PAT,08:30 IST,10:30 IST
6E 7346,MAA,IXE,05:40 IST,07:35 IST
6E 618,BOM,BDQ,19:30 IST,20:30 IST
6E 149,HYD,IXB,10:25 IST,12:35 IST
6E 7966,AMD,DIU,12:10 IST,13:30 IST
6E 7966,AMD,DIU,12:10 IST,13:30 IST
6E 7174,CCU,GOP,14:35 IST,16:35 IST
6E 827,KNU,BOM,15:25 IST,17:35 IST
6E 151,HYD,BLR,08:35 IST,09:45 IST
6E 413,HYD,BLR,06:45 IST,07:50 IST
6E 6417,DBR,HYD,14:55 IST,17:05 IST
6E 6505,HYD,BLR,22:45 IST,00:05 IST
6E 827,KNU,BOM,15:25 IST,17:35 IST
6E 6137,HYD,PAT,19:45 IST,21:50 IST
6E 6158,MAA,HYD,15:45 IST,16:50 IST
6E 146,LKO,GAU,09:05 IST,10:50 IST
6E 167,HYD,ATQ,08:45 IST,11:30 IST
6E 6319,GOP,HYD,13:50 IST,15:50 IST
6E 6505,HYD,BLR,22:45 IST,00:05 IST
6E 6916,IDR,HYD,18:35 IST,20:00 IST
6E 7121,HYD,BHO,07:15 IST,09:30 IST
6E 7121,HYD,BHO,07:15 IST,09:30 IST
6E 266,BOM,SXR,06:45 IST,09:15 IST
6E 922,HYD,BBI,20:50 IST,22:20 IST
6E 266,BOM,SXR,06:45 IST,09:15 IST
6E 6116,JAI,PNQ,21:10 IST,22:50 IST
6E 381,GOI,AMD,15:15 IST,16:50 IST
6E 121,HYD,GOI,16:30 IST,17:40 IST
6E 311,HYD,PNQ,13:05 IST,14:10 IST
6E 597,PAT,MAA,14:55 IST,17:20 IST
6E 6007,HYD,MAA,00:15 IST,01:25 IST
6E 6151,HYD,MAA,10:00 IST,11:20 IST
6E 6174,HYD,MAA,19:25 IST,20:40 IST
6E 6216,MAA,TRV,11:45 IST,13:05 IST
6E 683,BOM,MAA,08:45 IST,10:40 IST
6E 6109,IXJ,AMD,10:40 IST,12:35 IST
6E 381,GOI,AMD,15:15 IST,16:50 IST
6E 311,HYD,PNQ,13:05 IST,14:10 IST
6E 6117,PNQ,JAI,00:15 IST,02:00 IST
6E 223,BLR,CCU,17:15 IST,19:45 IST
6E 223,BLR,CCU,17:15 IST,19:45 IST
6E 7274,JAI,DED,09:05 IST,10:35 IST
6E 6008,LKO,DEL,13:35 IST,14:40 IST
6E 752,HYD,CJB,07:40 IST,09:00 IST
6E 606,MAA,CCU,18:00 IST,20:20 IST
6E 308,DEL,BLR,07:55 IST,10:45 IST
6E 5012,BOM,HYD,05:30 IST,07:05 IST
6E 5045,MAA,DEL,05:55 IST,08:45 IST
6E 564,BOM,HYD,04:35 IST,05:55 IST
6E 6468,AMD,BOM,08:35 IST,09:45 IST
6E 6684,HYD,COK,18:40 IST,20:15 IST
6E 6966,GAU,CCU,19:50 IST,21:05 IST
6E 845,MAA,IXZ,11:00 IST,13:20 IST
6E 2023,DEL,BBI,17:30 IST,19:25 IST
6E 2165,JAI,DEL,07:25 IST,08:15 IST
6E 5002,NAG,BOM,06:00 IST,07:25 IST
6E 5045,MAA,DEL,05:55 IST,08:45 IST
6E 6468,AMD,BOM,08:35 IST,09:45 IST
6E 6684,HYD,COK,18:40 IST,20:15 IST
6E 6684,HYD,COK,18:40 IST,20:15 IST
6E 309,BLR,GOX,20:30 IST,21:50 IST
6E 6809,CJB,MAA,11:35 IST,12:40 IST
6E 743,HYD,GOI,05:30 IST,06:40 IST
6E 905,HYD,GOI,12:50 IST,14:00 IST
6E 905,HYD,GOI,12:50 IST,14:00 IST
6E 743,HYD,GOI,05:30 IST,06:40 IST
6E 486,BLR,NAG,20:00 IST,21:40 IST
6E 905,HYD,GOI,12:50 IST,14:00 IST
6E 348,AMD,MAA,20:50 IST,23:10 IST
6E 486,BLR,NAG,20:00 IST,21:40 IST
6E 486,BLR,NAG,20:00 IST,21:40 IST
6E 186,HYD,IXR,18:35 IST,20:30 IST
6E 883,VTZ,HYD,20:45 IST,22:00 IST
6E 913,HYD,JAI,11:40 IST,13:30 IST
6E 6638,HYD,JAI,20:15 IST,22:00 IST
6E 913,HYD,JAI,11:40 IST,13:30 IST
6E 998,AMD,HYD,12:05 IST,13:50 IST
6E 7169,NAG,AMD,20:30 IST,22:35 IST
6E 7225,HYD,CNN,07:05 IST,09:10 IST
6E 7743,IXC,JAI,07:55 IST,09:25 IST
6E 7743,IXC,JAI,07:55 IST,09:25 IST
6E 7216,RPR,CCU,20:45 IST,22:55 IST
6E 7743,IXC,JAI,07:55 IST,09:25 IST
6E 7743,IXC,JAI,07:55 IST,09:25 IST
6E 187,DIB,GAU,14:30 IST,15:25 IST
6E 997,HYD,AMD,14:25 IST,16:20 IST
6E 353,DEL,CCU,05:25 IST,07:35 IST
6E 358,IXE,PNQ,17:20 IST,18:30 IST
6E 6557,GOI,BLR,21:00 IST,22:10 IST
6E 944,HYD,CCU,21:05 IST,23:10 IST
6E 6557,GOI,BLR,21:00 IST,22:10 IST
6E 311,HYD,PNQ,13:05 IST,14:10 IST
6E 353,DEL,CCU,05:25 IST,07:35 IST
6E 6323,HYD,UDR,07:40 IST,09:25 IST
6E 944,HYD,CCU,21:05 IST,23:10 IST
6E 944,HYD,CCU,21:05 IST,23:10 IST
6E 311,HYD,PNQ,13:05 IST,14:10 IST
6E 7743,IXC,JAI,07:55 IST,09:25 IST
6E 866,NAG,BLR,16:10 IST,17:50 IST
6E 7152,HYD,VGA,13:05 IST,14:10 IST
6E 7156,DEL,PGH,08:20 IST,09:20 IST
6E 7101,TRZ,MAA,07:55 IST,09:05 IST
6E 7103,HYD,IXE,19:05 IST,20:40 IST
6E 5383,IXU,BOM,21:25 IST,22:20 IST
6E 231,BOM,MAA,19:30 IST,21:20 IST
6E 235,CCU,BLR,11:40 IST,14:20 IST
6E 247,CCU,DEL,14:30 IST,17:00 IST
6E 342,PAT,CCU,19:45 IST,20:50 IST
6E 5376,BLR,BOM,19:15 IST,21:05 IST
6E 5359,BLR,DEL,18:00 IST,20:50 IST
6E 334,CCU,HYD,11:30 IST,13:45 IST
6E 5383,IXU,BOM,21:25 IST,22:20 IST
6E 384,HYD,VTZ,22:00 IST,23:10 IST
6E 413,HYD,BLR,06:45 IST,07:50 IST
6E 6276,PAT,BLR,18:40 IST,21:10 IST
6E 969,BLR,VTZ,15:30 IST,16:55 IST
6E 969,BLR,VTZ,15:30 IST,16:55 IST
6E 7745,NAG,IDR,08:45 IST,10:00 IST
6E 7745,NAG,IDR,08:45 IST,10:00 IST
6E 154,DEL,PNQ,13:40 IST,15:40 IST
6E 154,DEL,PNQ,13:40 IST,15:40 IST
6E 293,MAA,HYD,07:50 IST,09:05 IST
6E 293,MAA,HYD,07:50 IST,09:05 IST
6E 293,MAA,HYD,07:50 IST,09:05 IST
6E 366,GOI,PNQ,13:00 IST,13:55 IST
6E 118,LKO,PNQ,21:45 IST,23:35 IST
6E 496,CCU,BLR,08:15 IST,10:55 IST
6E 241,BOM,JAI,16:10 IST,17:50 IST
6E 334,CCU,HYD,11:30 IST,13:45 IST
6E 6467,HYD,RPR,09:30 IST,10:50 IST
6E 7249,RPR,HYD,20:55 IST,22:40 IST
6E 7118,HYD,RJA,06:30 IST,07:50 IST
6E 7123,HYD,RJA,19:50 IST,21:10 IST
6E 7153,VGA,HYD,11:30 IST,12:35 IST
6E 7247,AMD,NAG,17:45 IST,19:55 IST
6E 7118,HYD,RJA,06:30 IST,07:50 IST
6E 7123,HYD,RJA,19:50 IST,21:10 IST
6E 7236,BLR,TRZ,06:05 IST,07:20 IST
6E 242,PNQ,IXC,04:20 IST,06:35 IST
6E 487,CCU,IXS,07:10 IST,08:15 IST
6E 242,PNQ,IXC,04:20 IST,06:35 IST
6E 134,HYD,AMD,08:25 IST,10:10 IST
6E 744,GOI,HYD,07:10 IST,08:30 IST
6E 744,GOI,HYD,07:10 IST,08:30 IST
6E 6345,AMD,GOI,13:05 IST,14:45 IST
6E 695,HYD,COK,23:00 IST,00:35 IST
6E 214,BOM,IXJ,14:05 IST,16:50 IST
6E 214,BOM,IXJ,14:05 IST,16:50 IST
6E 214,BOM,IXJ,14:05 IST,16:50 IST
6E 7116,DBR,CCU,12:35 IST,14:05 IST
6E 7116,DBR,CCU,12:35 IST,14:05 IST
6E 5013,DEL,RDP,14:00 IST,15:55 IST
6E 7105,JGB,HYD,13:00 IST,14:35 IST
6E 186,HYD,IXR,18:35 IST,20:30 IST
6E 194,BLR,GOI,06:25 IST,07:35 IST
6E 194,BLR,GOI,06:25 IST,07:35 IST
6E 6915,HYD,IDR,14:15 IST,15:35 IST
6E 624,BOM,TRV,10:35 IST,12:55 IST
6E 915,HYD,VNS,09:45 IST,11:40 IST
6E 216,VTZ,HYD,19:05 IST,20:20 IST
6E 7167,MAA,IXM,06:55 IST,08:15 IST
6E 7201,HYD,VGA,06:10 IST,07:10 IST
6E 7211,HYD,VGA,10:05 IST,11:10 IST
6E 7201,HYD,VGA,06:10 IST,07:10 IST
6E 611,BBI,BLR,19:30 IST,21:15 IST
6E 626,HYD,VTZ,14:45 IST,15:50 IST
6E 7283,HYD,VGA,20:05 IST,21:20 IST
6E 879,HYD,VTZ,11:05 IST,12:20 IST
6E 969,BLR,VTZ,15:30 IST,16:55 IST
6E 512,CCU,VTZ,13:25 IST,14:55 IST
6E 177,PNQ,IXE,14:00 IST,15:20 IST
6E 879,HYD,VTZ,11:05 IST,12:20 IST
6E 324,GOX,CJB,06:45 IST,08:00 IST
6E 386,CCU,BLR,09:30 IST,12:25 IST
6E 2021,BLR,DEL,05:45 IST,08:30 IST
6E 187,DIB,GAU,14:30 IST,15:25 IST
6E 614,IXC,GOI,14:40 IST,17:20 IST
6E 614,IXC,GOI,14:40 IST,17:20 IST
6E 202,NAG,PNQ,09:45 IST,10:55 IST
6E 202,NAG,PNQ,09:45 IST,10:55 IST
6E 6353,BLR,LKO,05:45 IST,08:10 IST
6E 227,BLR,CCU,05:00 IST,07:35 IST
6E 7295,AMD,HSR,14:35 IST,15:30 IST
6E 708,LKO,BOM,16:10 IST,18:30 IST
6E 703,BLR,COK,12:45 IST,13:50 IST
6E 393,BHO,BLR,08:40 IST,10:35 IST
6E 393,BHO,BLR,08:40 IST,10:35 IST
6E 5039,HYD,BOM,19:00 IST,20:35 IST
6E 245,CCU,AMD,06:00 IST,08:50 IST
6E 496,CCU,BLR,08:15 IST,10:55 IST
6E 6305,HYD,IXZ,06:15 IST,09:00 IST
6E 496,CCU,BLR,08:15 IST,10:55 IST
6E 228,GAU,IMF,13:00 IST,13:55 IST
6E 228,GAU,IMF,13:00 IST,13:55 IST
6E 228,GAU,IMF,13:00 IST,13:55 IST
6E 228,GAU,IMF,13:00 IST,13:55 IST
6E 5306,BLR,IXE,05:10 IST,06:05 IST
6E 5387,DEL,MAA,22:45 IST,01:35 IST
6E 169,MAA,COK,19:10 IST,20:20 IST
6E 5381,HYD,TRV,20:10 IST,21:50 IST
6E 7296,HSR,AMD,15:50 IST,17:00 IST
6E 7296,HSR,AMD,15:50 IST,17:00 IST
6E 238,PNQ,MAA,22:45 IST,00:35 IST
6E 238,PNQ,MAA,22:45 IST,00:35 IST
6E 556,JAI,BLR,19:00 IST,21:20 IST
6E 642,IXC,BOM,05:35 IST,08:00 IST
6E 839,JAI,BLR,05:25 IST,07:50 IST
6E 498,JAI,BLR,11:40 IST,14:05 IST
6E 419,STV,GOI,15:25 IST,16:40 IST
6E 419,STV,GOI,15:25 IST,16:40 IST
6E 373,JAI,BLR,23:05 IST,01:30 IST
6E 373,JAI,BLR,23:05 IST,01:30 IST
6E 569,DED,AMD,08:30 IST,10:05 IST
6E 6606,TIR,HYD,13:00 IST,14:00 IST
6E 129,DEL,AMD,13:25 IST,15:05 IST
6E 471,JAI,HYD,17:30 IST,19:30 IST
6E 6151,HYD,MAA,10:00 IST,11:20 IST
6E 471,JAI,HYD,17:30 IST,19:30 IST
6E 237,MAA,CJB,18:00 IST,19:00 IST
6E 207,CCU,GAU,10:10 IST,11:25 IST
6E 6155,DMU,CCU,11:25 IST,12:45 IST
6E 237,MAA,CJB,18:00 IST,19:00 IST
6E 498,JAI,BLR,11:40 IST,14:05 IST
6E 447,MAA,COK,10:50 IST,11:55 IST
6E 498,JAI,BLR,11:40 IST,14:05 IST
6E 447,MAA,COK,10:50 IST,11:55 IST
6E 447,MAA,COK,10:50 IST,11:55 IST
6E 218,VTZ,BLR,07:45 IST,09:20 IST
6E 394,CCU,JAI,14:40 IST,17:00 IST
6E 5343,DEL,JAI,05:55 IST,06:55 IST
6E 218,VTZ,BLR,07:45 IST,09:20 IST
6E 218,VTZ,BLR,07:45 IST,09:20 IST
6E 116,BLR,PNQ,22:40 IST,00:05 IST
6E 116,BLR,PNQ,22:40 IST,00:05 IST
6E 653,PNQ,PAT,16:45 IST,18:55 IST
6E 653,PNQ,PAT,16:45 IST,18:55 IST
6E 2074,PAT,DEL,12:15 IST,14:00 IST
6E 2172,DEL,BHO,15:05 IST,16:30 IST
6E 423,DED,HYD,17:45 IST,20:05 IST
6E 5304,MAA,BOM,09:35 IST,11:30 IST
6E 249,GOI,BLR,08:15 IST,09:25 IST
6E 7944,DGH,PAT,11:15 IST,12:15 IST
6E 7944,DGH,PAT,11:15 IST,12:15 IST
6E 7168,IDR,AMD,19:30 IST,20:35 IST
6E 7178,CNN,HYD,19:45 IST,21:40 IST
6E 7744,IDR,NAG,17:00 IST,18:00 IST
6E 7744,IDR,NAG,17:00 IST,18:00 IST
6E 7178,CNN,HYD,19:45 IST,21:40 IST
6E 7744,IDR,NAG,17:00 IST,18:00 IST
6E 7744,IDR,NAG,17:00 IST,18:00 IST
6E 7352,BBI,CCU,15:05 IST,16:30 IST
6E 7253,IXM,MAA,20:45 IST,22:20 IST
6E 543,IXJ,DEL,13:50 IST,15:15 IST
6E 682,BLR,BOM,05:15 IST,06:50 IST
6E 6893,IXR,CCU,12:25 IST,13:20 IST
6E 322,CJB,GOX,08:30 IST,09:45 IST
6E 6345,AMD,GOI,13:05 IST,14:45 IST
6E 6893,IXR,CCU,12:25 IST,13:20 IST
6E 847,MAA,BLR,17:10 IST,18:05 IST
6E 612,BOM,MAA,12:00 IST,13:55 IST
6E 141,BBI,MAA,08:55 IST,10:45 IST
6E 2047,AMD,DEL,15:50 IST,17:25 IST
6E 2135,DEL,DED,15:20 IST,16:10 IST
6E 334,CCU,HYD,11:30 IST,13:45 IST
6E 334,CCU,HYD,11:30 IST,13:45 IST
6E 304,COK,HYD,12:05 IST,13:40 IST
6E 913,HYD,JAI,11:40 IST,13:30 IST
6E 304,COK,HYD,12:05 IST,13:40 IST
6E 913,HYD,JAI,11:40 IST,13:30 IST
6E 913,HYD,JAI,11:40 IST,13:30 IST
6E 184,DEL,AMD,09:10 IST,10:40 IST
6E 298,IXR,BOM,16:30 IST,18:55 IST
6E 5395,BOM,CCU,12:50 IST,15:45 IST
6E 6342,IMF,GAU,14:30 IST,15:20 IST
6E 213,GAU,CCU,09:15 IST,10:30 IST
6E 6342,IMF,GAU,14:30 IST,15:20 IST
6E 139,CCU,RPR,06:40 IST,08:05 IST
6E 374,GOI,HYD,16:35 IST,17:50 IST
6E 798,CCU,IDR,18:30 IST,20:40 IST
6E 892,CCU,MAA,15:00 IST,17:20 IST
6E 102,BOM,DEL,21:15 IST,23:25 IST
6E 361,PNQ,BLR,00:45 IST,02:15 IST
6E 442,BLR,CCU,08:25 IST,10:55 IST
6E 489,MAA,IDR,20:00 IST,21:45 IST
6E 202,NAG,PNQ,09:45 IST,10:55 IST
6E 674,COK,BOM,17:30 IST,19:30 IST
6E 6674,BOM,IXE,09:20 IST,10:55 IST
6E 202,NAG,PNQ,09:45 IST,10:55 IST
6E 6674,BOM,IXE,09:20 IST,10:55 IST
6E 202,NAG,PNQ,09:45 IST,10:55 IST
6E 484,BLR,HYD,08:00 IST,09:10 IST
6E 484,BLR,HYD,08:00 IST,09:10 IST
6E 484,BLR,HYD,08:00 IST,09:10 IST
6E 484,BLR,HYD,08:00 IST,09:10 IST
6E 433,AJL,CCU,14:55 IST,15:55 IST
6E 557,MAA,VTZ,06:35 IST,08:05 IST
6E 447,MAA,COK,10:50 IST,11:55 IST
6E 342,PAT,CCU,19:45 IST,20:50 IST
6E 958,CCU,BLR,15:15 IST,17:55 IST
6E 994,CCU,IXA,15:40 IST,16:35 IST
6E 345,CCU,IXZ,08:50 IST,11:15 IST
6E 822,CCU,VNS,09:30 IST,10:55 IST
6E 139,CCU,RPR,06:40 IST,08:05 IST
6E 139,CCU,RPR,06:40 IST,08:05 IST
6E 6445,BLR,COK,10:10 IST,11:05 IST
6E 139,CCU,RPR,06:40 IST,08:05 IST
6E 139,CCU,RPR,06:40 IST,08:05 IST
6E 6445,BLR,COK,10:10 IST,11:05 IST
6E 6445,BLR,COK,10:10 IST,11:05 IST
6E 133,PNQ,JDH,11:45 IST,13:25 IST
6E 488,IXS,CCU,08:45 IST,09:55 IST
6E 6445,BLR,COK,10:10 IST,11:05 IST
6E 139,CCU,RPR,06:40 IST,08:05 IST
6E 775,PAT,CCU,15:50 IST,16:45 IST
6E 271,CCU,GAU,05:55 IST,07:15 IST
6E 275,CCU,IMF,13:45 IST,15:10 IST
6E 563,CCU,MAA,08:45 IST,11:10 IST
6E 6326,MAA,CCU,12:00 IST,14:20 IST
6E 757,CCU,BLR,17:00 IST,19:40 IST
6E 757,CCU,BLR,17:00 IST,19:40 IST
6E 757,CCU,BLR,17:00 IST,19:40 IST
6E 351,HYD,PNQ,04:40 IST,05:45 IST
6E 6616,CCU,AJL,13:05 IST,14:20 IST
6E 206,GOI,HYD,01:10 IST,02:20 IST
6E 417,CCU,RPR,16:35 IST,18:00 IST
6E 6324,UDR,HYD,10:00 IST,11:35 IST
6E 854,UDR,BOM,19:50 IST,21:20 IST
6E 966,AMD,CCU,06:05 IST,08:45 IST
6E 6616,CCU,AJL,13:05 IST,14:20 IST
6E 476,CCU,PNQ,20:50 IST,23:20 IST
6E 854,UDR,BOM,19:50 IST,21:20 IST
6E 2016,DEL,ATQ,12:20 IST,13:30 IST
6E 6616,CCU,AJL,13:05 IST,14:20 IST
6E 476,CCU,PNQ,20:50 IST,23:20 IST
6E 6324,UDR,HYD,10:00 IST,11:35 IST
6E 6616,CCU,AJL,13:05 IST,14:20 IST
6E 6324,UDR,HYD,10:00 IST,11:35 IST
6E 6616,CCU,AJL,13:05 IST,14:20 IST
6E 455,CCU,BLR,13:15 IST,15:45 IST
6E 455,CCU,BLR,13:15 IST,15:45 IST
6E 445,IXB,BLR,11:40 IST,14:40 IST
6E 455,CCU,BLR,13:15 IST,15:45 IST
6E 445,IXB,BLR,11:40 IST,14:40 IST
6E 377,HYD,IDR,05:00 IST,06:25 IST
6E 634,CCU,GOI,11:55 IST,14:35 IST
6E 207,CCU,GAU,10:10 IST,11:25 IST
6E 292,CCU,AMD,16:05 IST,18:50 IST
6E 573,CCU,BLR,22:00 IST,00:30 IST
6E 623,PNQ,GAU,02:50 IST,05:45 IST
6E 6344,CCU,GAU,15:55 IST,17:20 IST
6E 7309,GAU,CCU,15:30 IST,17:15 IST
6E 895,CCU,PAT,18:10 IST,19:15 IST
6E 374,GOI,HYD,16:35 IST,17:50 IST
6E 6623,CCU,HYD,05:20 IST,07:25 IST
6E 822,CCU,VNS,09:30 IST,10:55 IST
6E 946,HYD,GOX,07:35 IST,08:40 IST
6E 378,IDR,HYD,06:55 IST,08:20 IST
6E 6513,CCU,HYD,08:40 IST,10:45 IST
6E 946,HYD,GOX,07:35 IST,08:40 IST
6E 6134,CCU,IXB,16:45 IST,17:50 IST
6E 946,HYD,GOX,07:35 IST,08:40 IST
6E 131,IDR,DEL,11:05 IST,12:35 IST
6E 6353,BLR,LKO,05:45 IST,08:10 IST
6E 6513,CCU,HYD,08:40 IST,10:45 IST
6E 946,HYD,GOX,07:35 IST,08:40 IST
6E 874,CCU,IXC,13:10 IST,15:40 IST
6E 6323,HYD,UDR,07:40 IST,09:25 IST
6E 227,BLR,CCU,05:00 IST,07:35 IST
6E 227,BLR,CCU,05:00 IST,07:35 IST
6E 227,BLR,CCU,05:00 IST,07:35 IST
6E 227,BLR,CCU,05:00 IST,07:35 IST
6E 394,CCU,JAI,14:40 IST,17:00 IST
6E 6154,CCU,HYD,20:45 IST,23:00 IST
6E 6314,CCU,BLR,20:40 IST,23:10 IST
6E 449,DEL,BOM,04:55 IST,06:55 IST
6E 415,BLR,JAI,08:35 IST,11:00 IST
6E 6314,CCU,BLR,20:40 IST,23:10 IST
6E 449,DEL,BOM,04:55 IST,06:55 IST
6E 415,BLR,JAI,08:35 IST,11:00 IST
6E 856,CCU,LKO,18:50 IST,20:30 IST
6E 856,CCU,LKO,18:50 IST,20:30 IST
6E 429,IXC,BLR,16:30 IST,19:40 IST
6E 496,CCU,BLR,08:15 IST,10:55 IST
6E 6176,BLR,GOI,05:05 IST,06:10 IST
6E 757,CCU,BLR,17:00 IST,19:40 IST
6E 961,CCU,AMD,21:25 IST,00:05 IST
6E 5327,DEL,LKO,05:45 IST,06:55 IST
6E 496,CCU,BLR,08:15 IST,10:55 IST
6E 5327,DEL,LKO,05:45 IST,06:55 IST
6E 663,PAT,CCU,09:10 IST,10:15 IST
6E 114,CCU,JAI,18:15 IST,20:35 IST
6E 6359,PNQ,CCU,05:50 IST,08:10 IST
6E 6527,GOX,BLR,09:50 IST,11:00 IST
6E 746,GAU,PNQ,23:15 IST,02:10 IST
6E 794,AMD,PNQ,20:50 IST,22:00 IST
6E 862,CCU,NAG,20:40 IST,22:30 IST
6E 245,CCU,AMD,06:00 IST,08:50 IST
6E 708,LKO,BOM,16:10 IST,18:30 IST
6E 7264,TCR,MAA,12:20 IST,13:50 IST
6E 171,COK,MAA,16:50 IST,18:10 IST
6E 7149,BHO,JAI,11:55 IST,13:25 IST
6E 997,HYD,AMD,14:25 IST,16:20 IST
6E 344,CCU,MAA,05:05 IST,07:30 IST
6E 7268,TRZ,MAA,14:30 IST,15:40 IST
6E 997,HYD,AMD,14:25 IST,16:20 IST
6E 557,MAA,VTZ,06:35 IST,08:05 IST
6E 344,CCU,MAA,05:05 IST,07:30 IST
6E 447,MAA,COK,10:50 IST,11:55 IST
6E 447,MAA,COK,10:50 IST,11:55 IST
6E 356,BLR,MAA,17:35 IST,18:35 IST
6E 356,BLR,MAA,17:35 IST,18:35 IST
6E 356,BLR,MAA,17:35 IST,18:35 IST
6E 356,BLR,MAA,17:35 IST,18:35 IST
6E 713,CCU,PAT,07:15 IST,08:35 IST
6E 512,CCU,VTZ,13:25 IST,14:55 IST
6E 6956,AJL,CCU,10:20 IST,11:20 IST
6E 7128,VGA,VTZ,09:00 IST,10:00 IST
6E 7159,HYD,IXU,19:20 IST,20:45 IST
6E 2487,DEL,BLR,19:00 IST,21:50 IST
6E 7159,HYD,IXU,19:20 IST,20:45 IST
6E 7159,HYD,IXU,19:20 IST,20:45 IST
6E 7131,AMD,JAI,20:40 IST,22:20 IST
6E 7165,BLR,TRZ,19:05 IST,20:25 IST
6E 7352,BBI,CCU,15:05 IST,16:30 IST
6E 7352,BBI,CCU,15:05 IST,16:30 IST
6E 7127,IDR,LKO,06:45 IST,08:45 IST
6E 7744,IDR,NAG,17:00 IST,18:00 IST
6E 856,CCU,LKO,18:50 IST,20:30 IST
6E 121,HYD,GOI,16:30 IST,17:40 IST
6E 142,LKO,AMD,06:30 IST,08:15 IST
6E 325,LKO,BLR,09:00 IST,11:45 IST
6E 279,LKO,AMD,13:25 IST,15:15 IST
6E 279,LKO,AMD,13:25 IST,15:15 IST
6E 279,LKO,AMD,13:25 IST,15:15 IST
6E 518,DED,LKO,16:20 IST,17:20 IST
6E 518,DED,LKO,16:20 IST,17:20 IST
6E 518,DED,LKO,16:20 IST,17:20 IST
6E 451,BLR,LKO,16:50 IST,19:20 IST
6E 114,CCU,JAI,18:15 IST,20:35 IST
6E 306,IXE,BLR,06:40 IST,07:35 IST
6E 447,MAA,COK,10:50 IST,11:55 IST
6E 5004,BOM,BBI,17:50 IST,20:05 IST
6E 5044,DEL,MAA,09:30 IST,12:30 IST
6E 6423,BLR,AMD,21:05 IST,23:10 IST
6E 2425,DEL,PAT,14:20 IST,16:00 IST
6E 243,HYD,MAA,07:05 IST,08:10 IST
6E 306,IXE,BLR,06:40 IST,07:35 IST
6E 5004,BOM,BBI,17:50 IST,20:05 IST
6E 114,CCU,JAI,18:15 IST,20:35 IST
6E 447,MAA,COK,10:50 IST,11:55 IST
6E 5004,BOM,BBI,17:50 IST,20:05 IST
6E 5044,DEL,MAA,09:30 IST,12:30 IST
6E 588,MAA,GOI,17:45 IST,19:20 IST
6E 244,MAA,AMD,03:55 IST,06:25 IST
6E 365,MAA,BLR,18:15 IST,19:05 IST
6E 244,MAA,AMD,03:55 IST,06:25 IST
6E 6157,GAY,CCU,16:30 IST,17:30 IST
6E 866,NAG,BLR,16:10 IST,17:50 IST
6E 6157,GAY,CCU,16:30 IST,17:30 IST
6E 6244,AMD,LKO,08:55 IST,10:40 IST
6E 5318,BOM,HYD,10:20 IST,11:35 IST
6E 685,MAA,BOM,16:45 IST,18:45 IST
6E 5012,BOM,HYD,05:30 IST,07:05 IST
6E 5318,BOM,HYD,10:20 IST,11:35 IST
6E 5342,CCJ,DEL,22:35 IST,01:40 IST
6E 342,PAT,CCU,19:45 IST,20:50 IST
6E 634,CCU,GOI,11:55 IST,14:35 IST
6E 6133,BOM,HSR,07:05 IST,08:20 IST
6E 835,NAG,PNQ,23:00 IST,00:10 IST
6E 394,CCU,JAI,14:40 IST,17:00 IST
6E 394,CCU,JAI,14:40 IST,17:00 IST
6E 7219,ISK,AMD,10:45 IST,12:10 IST
6E 7217,JAI,AMD,08:25 IST,10:00 IST
6E 7217,JAI,AMD,08:25 IST,10:00 IST
6E 7194,IXM,MAA,07:45 IST,09:10 IST
6E 7196,IXM,MAA,08:35 IST,10:00 IST
6E 7212,IXE,MAA,21:30 IST,23:05 IST
6E 7215,CCU,RPR,18:05 IST,20:05 IST
6E 7196,IXM,MAA,08:35 IST,10:00 IST
6E 7153,VGA,HYD,11:30 IST,12:35 IST
6E 7157,PGH,DEL,12:30 IST,13:30 IST
6E 969,BLR,VTZ,15:30 IST,16:55 IST
6E 969,BLR,VTZ,15:30 IST,16:55 IST
6E 289,HYD,MAA,06:05 IST,07:10 IST
6E 242,PNQ,IXC,04:20 IST,06:35 IST
6E 172,BLR,CCU,13:30 IST,15:50 IST
6E 172,BLR,CCU,13:30 IST,15:50 IST
6E 528,BLR,PNQ,17:00 IST,18:15 IST
6E 182,COK,MAA,14:55 IST,16:10 IST
6E 2176,JAI,DEL,18:10 IST,19:05 IST
6E 388,IXE,BLR,18:10 IST,19:05 IST
6E 7101,TRZ,MAA,07:55 IST,09:05 IST
6E 7139,VGA,MAA,20:20 IST,21:40 IST
6E 7139,VGA,MAA,20:20 IST,21:40 IST
6E 7139,VGA,MAA,20:20 IST,21:40 IST
6E 7147,IXU,HYD,21:10 IST,22:35 IST
6E 7164,IXE,HYD,08:30 IST,10:20 IST
6E 459,BBI,BOM,18:35 IST,21:05 IST
6E 6284,BOM,BLR,02:30 IST,04:10 IST
6E 213,GAU,CCU,09:15 IST,10:30 IST
6E 215,IXJ,BOM,17:35 IST,20:15 IST
6E 361,PNQ,BLR,00:45 IST,02:15 IST
6E 5362,DEL,SXR,12:45 IST,14:10 IST
6E 213,GAU,CCU,09:15 IST,10:30 IST
6E 6342,IMF,GAU,14:30 IST,15:20 IST
6E 453,HYD,LKO,10:45 IST,12:35 IST
6E 6262,JAI,DEL,22:30 IST,23:25 IST
6E 5329,BOM,CCU,08:05 IST,10:50 IST
6E 848,CJB,MAA,16:00 IST,17:00 IST
6E 236,BLR,CCU,11:45 IST,14:15 IST
6E 463,BOM,BBI,15:40 IST,18:00 IST
6E 5323,BLR,BOM,03:45 IST,05:25 IST
6E 5332,DEL,BLR,15:40 IST,18:30 IST
6E 715,JAI,STV,14:25 IST,15:55 IST
6E 825,BOM,PAT,18:50 IST,21:20 IST
6E 949,HYD,BLR,00:20 IST,01:30 IST
6E 5321,BOM,HSR,10:40 IST,11:50 IST
6E 5329,BOM,CCU,08:05 IST,10:50 IST
6E 848,CJB,MAA,16:00 IST,17:00 IST
6E 432,PAT,HYD,11:05 IST,12:55 IST
6E 325,LKO,BLR,09:00 IST,11:45 IST
6E 406,RPR,BLR,12:30 IST,14:15 IST
6E 6326,MAA,CCU,12:00 IST,14:20 IST
6E 128,JRG,BLR,13:10 IST,15:10 IST
6E 283,HYD,CCU,18:00 IST,20:00 IST
6E 5354,BOM,CCU,14:50 IST,17:30 IST
6E 153,CCJ,BLR,07:50 IST,08:50 IST
6E 153,CCJ,BLR,07:50 IST,08:50 IST
6E 533,AMD,BOM,10:45 IST,11:55 IST
6E 598,HYD,MAA,17:45 IST,19:10 IST
6E 495,MAA,HYD,05:55 IST,07:00 IST
6E 495,MAA,HYD,05:55 IST,07:00 IST
6E 386,CCU,BLR,09:30 IST,12:25 IST
6E 5307,BOM,GOI,11:25 IST,12:35 IST
6E 5358,DEL,TRV,20:25 IST,23:45 IST
6E 5319,BOM,IDR,16:50 IST,18:05 IST
6E 233,HYD,DEL,18:30 IST,20:50 IST
6E 233,HYD,DEL,18:30 IST,20:50 IST
6E 6223,HYD,PAT,15:50 IST,17:55 IST
6E 533,AMD,BOM,10:45 IST,11:55 IST
6E 533,AMD,BOM,10:45 IST,11:55 IST
6E 154,DEL,PNQ,13:40 IST,15:40 IST
6E 168,ATQ,HYD,05:30 IST,08:05 IST
6E 248,BOM,CCU,09:50 IST,12:35 IST
6E 298,IXR,BOM,16:30 IST,18:55 IST
6E 6097,IXA,CCU,12:55 IST,13:55 IST
6E 6613,BOM,DEL,19:00 IST,21:10 IST
6E 841,BOM,IXE,15:10 IST,16:40 IST
6E 5047,BOM,BLR,18:00 IST,19:45 IST
6E 5047,BOM,BLR,18:00 IST,19:45 IST
6E 2036,DEL,ISK,07:05 IST,08:50 IST
6E 2174,BLR,DEL,15:15 IST,18:00 IST
6E 407,PNQ,HYD,11:05 IST,12:20 IST
6E 6284,BOM,BLR,02:30 IST,04:10 IST
6E 6374,MAA,AMD,13:20 IST,15:30 IST
6E 5047,BOM,BLR,18:00 IST,19:45 IST
6E 419,STV,GOI,15:25 IST,16:40 IST
6E 6219,IDR,GOI,12:35 IST,14:15 IST
6E 5345,HYD,DEL,21:25 IST,23:50 IST
6E 5351,BLR,BOM,15:15 IST,17:10 IST
6E 136,BOM,MAA,03:15 IST,05:10 IST
6E 136,BOM,MAA,03:15 IST,05:10 IST
6E 136,BOM,MAA,03:15 IST,05:10 IST
6E 136,BOM,MAA,03:15 IST,05:10 IST
6E 813,GOI,IDR,14:45 IST,16:30 IST
6E 958,CCU,BLR,15:15 IST,17:55 IST
6E 813,GOI,IDR,14:45 IST,16:30 IST
6E 813,GOI,IDR,14:45 IST,16:30 IST
6E 958,CCU,BLR,15:15 IST,17:55 IST
6E 958,CCU,BLR,15:15 IST,17:55 IST
6E 196,BLR,LKO,13:30 IST,15:55 IST
6E 196,BLR,LKO,13:30 IST,15:55 IST
6E 196,BLR,LKO,13:30 IST,15:55 IST
6E 234,CCU,MAA,18:00 IST,20:15 IST
6E 272,BOM,ATQ,18:15 IST,20:35 IST
6E 5375,DEL,MAA,21:30 IST,00:20 IST
6E 628,DED,BOM,11:30 IST,13:40 IST
6E 821,ATQ,BOM,21:05 IST,23:20 IST
6E 834,MAA,HYD,09:20 IST,10:40 IST
6E 5361,SXR,DEL,10:40 IST,12:05 IST
6E 5384,HYD,BOM,12:15 IST,13:40 IST
6E 304,COK,HYD,12:05 IST,13:40 IST
6E 571,COK,MAA,12:25 IST,13:25 IST
6E 5367,MAA,BOM,18:20 IST,20:10 IST
6E 409,HYD,VTZ,13:10 IST,14:25 IST
6E 6117,PNQ,JAI,00:15 IST,02:00 IST
6E 6328,DEL,BOM,10:00 IST,12:15 IST
6E 571,COK,MAA,12:25 IST,13:25 IST
6E 225,BOM,IDR,21:45 IST,23:10 IST
6E 496,CCU,BLR,08:15 IST,10:55 IST
6E 5305,BOM,IXB,08:05 IST,10:50 IST
6E 496,CCU,BLR,08:15 IST,10:55 IST
6E 168,ATQ,HYD,05:30 IST,08:05 IST
6E 5382,BOM,BLR,13:45 IST,15:35 IST
6E 207,CCU,GAU,10:10 IST,11:25 IST
6E 504,VNS,HYD,12:10 IST,14:05 IST
6E 998,AMD,HYD,12:05 IST,13:50 IST
6E 247,CCU,DEL,14:30 IST,17:00 IST
6E 5396,DEL,KNU,12:45 IST,14:05 IST
6E 323,IXB,MAA,15:15 IST,17:40 IST
6E 374,GOI,HYD,16:35 IST,17:50 IST
6E 395,DEL,BOM,21:00 IST,23:15 IST
6E 5153,SXR,DEL,09:45 IST,11:15 IST
6E 5313,BOM,MAA,10:15 IST,12:00 IST
6E 6749,CCU,HGI,12:25 IST,14:00 IST
6E 323,IXB,MAA,15:15 IST,17:40 IST
6E 5326,BOM,HYD,19:15 IST,20:35 IST
6E 323,IXB,MAA,15:15 IST,17:40 IST
6E 5326,BOM,HYD,19:15 IST,20:35 IST
6E 129,DEL,AMD,13:25 IST,15:05 IST
6E 342,PAT,CCU,19:45 IST,20:50 IST
6E 5317,DEL,IXB,07:30 IST,09:35 IST
6E 5011,BLR,BOM,11:30 IST,13:05 IST
6E 5317,DEL,IXB,07:30 IST,09:35 IST
6E 5341,DEL,CCJ,19:10 IST,22:05 IST
6E 5011,BLR,BOM,11:30 IST,13:05 IST
6E 239,BLR,AMD,16:40 IST,18:40 IST
6E 239,BLR,AMD,16:40 IST,18:40 IST
6E 568,AMD,DED,06:20 IST,08:00 IST
6E 81,BOM,DMM,22:25 IST,23:45 +03
6E 81,BOM,DMM,22:25 IST,23:45 +03
6E 81,BOM,DMM,22:25 IST,23:45 +03
6E 403,PNQ,DED,14:45 IST,17:05 IST
6E 5325,DEL,HYD,15:30 IST,17:40 IST
6E 5377,GOX,DEL,12:25 IST,14:55 IST
6E 5388,BOM,BLR,21:45 IST,23:30 IST
6E 5393,BOM,HYD,22:45 IST,00:10 IST
6E 5325,DEL,HYD,15:30 IST,17:40 IST
6E 5377,GOX,DEL,12:25 IST,14:55 IST
6E 5373,DEL,MAA,14:30 IST,17:15 IST
6E 5373,DEL,MAA,14:30 IST,17:15 IST
6E 324,GOX,CJB,06:45 IST,08:00 IST
6E 801,RPR,CCU,18:30 IST,19:50 IST
6E 464,BDQ,HYD,16:25 IST,18:00 IST
6E 231,BOM,MAA,19:30 IST,21:20 IST
6E 231,BOM,MAA,19:30 IST,21:20 IST
6E 764,CJB,HYD,19:55 IST,21:25 IST
6E 5323,BLR,BOM,03:45 IST,05:25 IST
6E 5342,CCJ,DEL,22:35 IST,01:40 IST
6E 917,MAA,VTZ,16:40 IST,17:55 IST
6E 6113,MAA,IXR,16:20 IST,18:40 IST
6E 712,GOI,HYD,14:35 IST,15:45 IST
6E 578,BLR,IXE,21:40 IST,22:35 IST
6E 712,GOI,HYD,14:35 IST,15:45 IST
6E 495,MAA,HYD,05:55 IST,07:00 IST
6E 578,BLR,IXE,21:40 IST,22:35 IST
6E 5015,DEL,BHO,05:55 IST,07:15 IST
6E 237,MAA,CJB,18:00 IST,19:00 IST
6E 237,MAA,CJB,18:00 IST,19:00 IST
6E 159,PNQ,MAA,05:35 IST,07:15 IST
6E 159,PNQ,MAA,05:35 IST,07:15 IST
6E 159,PNQ,MAA,05:35 IST,07:15 IST
6E 909,NAG,BLR,07:25 IST,09:05 IST
6E 6269,BLR,MAA,07:10 IST,08:10 IST
6E 134,HYD,AMD,08:25 IST,10:10 IST
6E 2018,DEL,DED,08:55 IST,09:40 IST
6E 202,NAG,PNQ,09:45 IST,10:55 IST
6E 636,COK,HYD,09:45 IST,11:15 IST
6E 134,HYD,AMD,08:25 IST,10:10 IST
6E 6514,CCU,IMF,08:40 IST,10:00 IST
6E 505,LKO,CCU,06:25 IST,08:00 IST
6E 403,PNQ,DED,14:45 IST,17:05 IST
6E 664,HYD,CCU,08:20 IST,10:30 IST
6E 403,PNQ,DED,14:45 IST,17:05 IST
6E 403,PNQ,DED,14:45 IST,17:05 IST
6E 403,PNQ,DED,14:45 IST,17:05 IST
6E 5326,BOM,HYD,19:15 IST,20:35 IST
6E 5389,BHO,DEL,20:15 IST,21:35 IST
6E 5394,MAA,COK,07:55 IST,09:10 IST
6E 297,HYD,JDH,14:30 IST,16:25 IST
6E 472,COK,BLR,21:45 IST,23:00 IST
6E 6404,BLR,HYD,12:10 IST,13:15 IST
6E 135,PNQ,HSR,13:45 IST,15:00 IST
6E 147,IDR,PNQ,23:55 IST,01:05 IST
6E 221,BLR,IXR,17:40 IST,20:00 IST
6E 6104,BLR,PNQ,11:45 IST,13:10 IST
6E 6104,BLR,PNQ,11:45 IST,13:10 IST
6E 6104,BLR,PNQ,11:45 IST,13:10 IST
6E 6104,BLR,PNQ,11:45 IST,13:10 IST
6E 6104,BLR,PNQ,11:45 IST,13:10 IST
6E 6104,BLR,PNQ,11:45 IST,13:10 IST
6E 6104,BLR,PNQ,11:45 IST,13:10 IST
6E 6104,BLR,PNQ,11:45 IST,13:10 IST
6E 178,PAT,AMD,19:35 IST,21:40 IST
6E 805,PAT,BLR,11:30 IST,13:55 IST
6E 805,PAT,BLR,11:30 IST,13:55 IST
6E 6239,DEL,MAA,10:45 IST,13:35 IST
6E 6239,DEL,MAA,10:45 IST,13:35 IST
6E 191,IXR,HYD,21:10 IST,22:55 IST
6E 508,BLR,RDP,10:20 IST,12:50 IST
6E 687,BLR,UDR,07:05 IST,09:15 IST
6E 792,JLR,BOM,12:15 IST,14:05 IST
6E 501,HYD,VNS,19:40 IST,21:45 IST
6E 508,BLR,RDP,10:20 IST,12:50 IST
6E 724,GOI,IXC,17:50 IST,20:25 IST
6E 736,BOM,HBX,15:00 IST,16:10 IST
6E 6359,PNQ,CCU,05:50 IST,08:10 IST
6E 292,CCU,AMD,16:05 IST,18:50 IST
6E 6529,BOM,MAA,07:05 IST,09:00 IST
6E 342,PAT,CCU,19:45 IST,20:50 IST
6E 634,CCU,GOI,11:55 IST,14:35 IST
6E 708,LKO,BOM,16:10 IST,18:30 IST
6E 6107,DEL,BOM,09:00 IST,11:05 IST
6E 634,CCU,GOI,11:55 IST,14:35 IST
6E 114,CCU,JAI,18:15 IST,20:35 IST
6E 5374,MAA,DEL,17:55 IST,20:50 IST
6E 5374,MAA,DEL,17:55 IST,20:50 IST
6E 393,BHO,BLR,08:40 IST,10:35 IST
6E 515,LKO,DED,14:40 IST,15:50 IST
6E 515,LKO,DED,14:40 IST,15:50 IST
6E 905,HYD,GOI,12:50 IST,14:00 IST
6E 624,BOM,TRV,10:35 IST,12:55 IST
6E 624,BOM,TRV,10:35 IST,12:55 IST
6E 367,PNQ,GOI,14:25 IST,15:25 IST
6E 6616,CCU,AJL,13:05 IST,14:20 IST
6E 6616,CCU,AJL,13:05 IST,14:20 IST
6E 6616,CCU,AJL,13:05 IST,14:20 IST
6E 6616,CCU,AJL,13:05 IST,14:20 IST
6E 135,PNQ,HSR,13:45 IST,15:00 IST
6E 352,PNQ,HYD,06:25 IST,07:40 IST
6E 673,BOM,COK,15:05 IST,17:00 IST
6E 103,PNQ,HYD,22:25 IST,23:35 IST
6E 105,BLR,PNQ,18:55 IST,20:20 IST
6E 221,BLR,IXR,17:40 IST,20:00 IST
6E 279,LKO,AMD,13:25 IST,15:15 IST
6E 681,IXC,PNQ,22:05 IST,00:20 IST
6E 819,PNQ,AMD,04:40 IST,05:55 IST
6E 407,PNQ,HYD,11:05 IST,12:20 IST
6E 407,PNQ,HYD,11:05 IST,12:20 IST
6E 556,JAI,BLR,19:00 IST,21:20 IST
6E 103,PNQ,HYD,22:25 IST,23:35 IST
6E 407,PNQ,HYD,11:05 IST,12:20 IST
6E 159,PNQ,MAA,05:35 IST,07:15 IST
6E 302,PNQ,BLR,13:50 IST,15:20 IST
6E 547,PNQ,AMD,22:40 IST,00:05 IST
6E 547,PNQ,AMD,22:40 IST,00:05 IST
6E 911,BOM,AMD,00:45 IST,02:00 IST
6E 911,BOM,AMD,00:45 IST,02:00 IST
6E 911,BOM,AMD,00:45 IST,02:00 IST
6E 6877,PNQ,BLR,04:35 IST,06:05 IST
6E 528,BLR,PNQ,17:00 IST,18:15 IST
6E 402,DED,PNQ,12:00 IST,14:05 IST
6E 672,PNQ,VNS,23:35 IST,01:40 IST
6E 863,AMD,BLR,16:35 IST,18:45 IST
6E 528,BLR,PNQ,17:00 IST,18:15 IST
6E 272,BOM,ATQ,18:15 IST,20:35 IST
6E 272,BOM,ATQ,18:15 IST,20:35 IST
6E 272,BOM,ATQ,18:15 IST,20:35 IST
6E 272,BOM,ATQ,18:15 IST,20:35 IST
6E 272,BOM,ATQ,18:15 IST,20:35 IST
6E 272,BOM,ATQ,18:15 IST,20:35 IST
6E 402,DED,PNQ,12:00 IST,14:05 IST
6E 272,BOM,ATQ,18:15 IST,20:35 IST
6E 272,BOM,ATQ,18:15 IST,20:35 IST
6E 116,BLR,PNQ,22:40 IST,00:05 IST
6E 116,BLR,PNQ,22:40 IST,00:05 IST
6E 242,PNQ,IXC,04:20 IST,06:35 IST
6E 815,HYD,JAI,04:45 IST,06:40 IST
6E 815,HYD,JAI,04:45 IST,06:40 IST
6E 815,HYD,JAI,04:45 IST,06:40 IST
6E 815,HYD,JAI,04:45 IST,06:40 IST
6E 815,HYD,JAI,04:45 IST,06:40 IST
6E 815,HYD,JAI,04:45 IST,06:40 IST
6E 815,HYD,JAI,04:45 IST,06:40 IST
6E 815,HYD,JAI,04:45 IST,06:40 IST
6E 815,HYD,JAI,04:45 IST,06:40 IST
6E 815,HYD,JAI,04:45 IST,06:40 IST
6E 6129,ATQ,PNQ,23:20 IST,01:35 IST
6E 553,COK,HYD,07:30 IST,08:55 IST
6E 623,PNQ,GAU,02:50 IST,05:45 IST
6E 6359,PNQ,CCU,05:50 IST,08:10 IST
6E 882,BOM,DEL,17:00 IST,19:10 IST
6E 882,BOM,DEL,17:00 IST,19:10 IST
6E 882,BOM,DEL,17:00 IST,19:10 IST
6E 882,BOM,DEL,17:00 IST,19:10 IST
6E 882,BOM,DEL,17:00 IST,19:10 IST
6E 882,BOM,DEL,17:00 IST,19:10 IST
6E 882,BOM,DEL,17:00 IST,19:10 IST
6E 882,BOM,DEL,17:00 IST,19:10 IST
6E 134,HYD,AMD,08:25 IST,10:10 IST
6E 202,NAG,PNQ,09:45 IST,10:55 IST
6E 284,PNQ,IDR,01:40 IST,02:50 IST
6E 134,HYD,AMD,08:25 IST,10:10 IST
6E 164,IXE,BOM,20:00 IST,21:35 IST
6E 164,IXE,BOM,20:00 IST,21:35 IST
6E 406,RPR,BLR,12:30 IST,14:15 IST
6E 406,RPR,BLR,12:30 IST,14:15 IST
6E 2409,CJB,DEL,21:15 IST,00:20 IST
6E 2486,HYD,TIR,18:10 IST,19:15 IST
6E 2512,IXG,DEL,09:05 IST,11:25 IST
6E 2195,GOI,DEL,11:05 IST,13:35 IST
6E 2195,GOI,DEL,11:05 IST,13:35 IST
6E 511,IDR,HYD,12:15 IST,13:35 IST
6E 827,KNU,BOM,15:25 IST,17:35 IST
6E 304,COK,HYD,12:05 IST,13:40 IST
6E 473,RPR,HYD,11:20 IST,12:30 IST
6E 815,HYD,JAI,04:45 IST,06:40 IST
6E 827,KNU,BOM,15:25 IST,17:35 IST
6E 7248,HYD,RPR,18:25 IST,20:15 IST
6E 7308,JLR,HYD,07:55 IST,09:55 IST
6E 245,CCU,AMD,06:00 IST,08:50 IST
6E 708,LKO,BOM,16:10 IST,18:30 IST
6E 7295,AMD,HSR,14:35 IST,15:30 IST
6E 7295,AMD,HSR,14:35 IST,15:30 IST
6E 241,BOM,JAI,16:10 IST,17:50 IST
6E 241,BOM,JAI,16:10 IST,17:50 IST
6E 395,DEL,BOM,21:00 IST,23:15 IST
6E 395,DEL,BOM,21:00 IST,23:15 IST
6E 802,BOM,IXL,07:20 IST,10:20 IST
6E 804,BOM,NAG,19:45 IST,21:15 IST
6E 465,BLR,STV,13:15 IST,14:55 IST
6E 7932,AGR,LKO,14:00 IST,15:15 IST
6E 7113,RJA,BLR,08:40 IST,10:25 IST
6E 7232,RJA,BLR,16:20 IST,18:15 IST
6E 7232,RJA,BLR,16:20 IST,18:15 IST
6E 7113,RJA,BLR,08:40 IST,10:25 IST
6E 7113,RJA,BLR,08:40 IST,10:25 IST
6E 7119,RJA,HYD,08:30 IST,09:35 IST
6E 7154,JAI,IDR,07:45 IST,09:10 IST
6E 7119,RJA,HYD,08:30 IST,09:35 IST
6E 7126,HYD,MYQ,10:50 IST,12:40 IST
6E 7237,MYQ,MAA,11:20 IST,12:35 IST
6E 997,HYD,AMD,14:25 IST,16:20 IST
6E 997,HYD,AMD,14:25 IST,16:20 IST
6E 2046,AMD,BOM,07:40 IST,09:00 IST
6E 398,IXR,HYD,10:55 IST,12:50 IST
6E 398,IXR,HYD,10:55 IST,12:50 IST
6E 398,IXR,HYD,10:55 IST,12:50 IST
6E 718,BBI,HYD,08:40 IST,10:15 IST
6E 822,CCU,VNS,09:30 IST,10:55 IST
6E 7269,VGA,CDP,15:00 IST,16:05 IST
6E 994,CCU,IXA,15:40 IST,16:35 IST
6E 822,CCU,VNS,09:30 IST,10:55 IST
6E 642,IXC,BOM,05:35 IST,08:00 IST
6E 642,IXC,BOM,05:35 IST,08:00 IST
6E 642,IXC,BOM,05:35 IST,08:00 IST
6E 5316,BOM,BEK,11:10 IST,13:30 IST
6E 5316,BOM,BEK,11:10 IST,13:30 IST
6E 5316,BOM,BEK,11:10 IST,13:30 IST
6E 7246,NAG,AMD,08:40 IST,10:35 IST
6E 2021,BLR,DEL,05:45 IST,08:30 IST
6E 731,MAA,CJB,21:20 IST,22:20 IST
6E 614,IXC,GOI,14:40 IST,17:20 IST
6E 614,IXC,GOI,14:40 IST,17:20 IST
6E 449,DEL,BOM,04:55 IST,06:55 IST
6E 478,SXR,ATQ,14:25 IST,15:25 IST
6E 6261,DEL,AMD,05:55 IST,07:35 IST
6E 6178,BLR,HYD,06:35 IST,07:50 IST
6E 2197,ATQ,DEL,17:35 IST,18:30 IST
6E 2587,BHO,DEL,17:00 IST,18:30 IST
6E 2197,ATQ,DEL,17:35 IST,18:30 IST
6E 653,PNQ,PAT,16:45 IST,18:55 IST
6E 5034,STV,BLR,19:05 IST,21:00 IST
6E 5034,STV,BLR,19:05 IST,21:00 IST
6E 5036,BLR,DEL,10:30 IST,13:20 IST
6E 5036,BLR,DEL,10:30 IST,13:20 IST
6E 5035,DEL,NAG,18:30 IST,20:10 IST
6E 5035,DEL,NAG,18:30 IST,20:10 IST
6E 5035,DEL,NAG,18:30 IST,20:10 IST
6E 5035,DEL,NAG,18:30 IST,20:10 IST
6E 5028,BOM,VNS,19:25 IST,21:35 IST
6E 752,HYD,CJB,07:40 IST,09:00 IST
6E 6273,BLR,JAI,22:05 IST,00:30 IST
6E 676,BLR,CCU,18:30 IST,20:55 IST
6E 6807,IMF,CCU,16:05 IST,17:10 IST
6E 874,CCU,IXC,13:10 IST,15:40 IST
6E 992,AMD,GOI,20:20 IST,22:00 IST
6E 6147,TRV,BLR,13:00 IST,14:20 IST
6E 6273,BLR,JAI,22:05 IST,00:30 IST
6E 141,BBI,MAA,08:55 IST,10:45 IST
6E 343,TRV,MAA,06:35 IST,08:00 IST
6E 475,CJB,BLR,07:30 IST,08:25 IST
6E 6344,CCU,GAU,15:55 IST,17:20 IST
6E 6344,CCU,GAU,15:55 IST,17:20 IST
6E 6052,IXC,DEL,15:50 IST,16:45 IST
6E 7252,HYD,IXU,07:20 IST,08:45 IST
6E 7237,MYQ,MAA,11:20 IST,12:35 IST
6E 7739,VNS,LKO,11:00 IST,11:55 IST
6E 7307,HYD,JLR,16:55 IST,19:10 IST
6E 7307,HYD,JLR,16:55 IST,19:10 IST
6E 7174,CCU,GOP,14:35 IST,16:35 IST
6E 2289,DEL,GAU,21:30 IST,23:55 IST
6E 7174,CCU,GOP,14:35 IST,16:35 IST
6E 7148,DED,JAI,19:20 IST,20:30 IST
6E 7151,TRZ,MAA,20:55 IST,22:05 IST
6E 7151,TRZ,MAA,20:55 IST,22:05 IST
6E 7117,BBI,CCU,21:45 IST,23:10 IST
6E 7117,BBI,CCU,21:45 IST,23:10 IST
6E 5045,MAA,DEL,05:55 IST,08:45 IST
6E 7115,AMD,ISK,09:05 IST,10:25 IST
6E 187,DIB,GAU,14:30 IST,15:25 IST
6E 248,BOM,CCU,09:50 IST,12:35 IST
6E 7242,TRZ,MAA,19:30 IST,20:40 IST
6E 7242,TRZ,MAA,19:30 IST,20:40 IST
6E 7242,TRZ,MAA,19:30 IST,20:40 IST
6E 7242,TRZ,MAA,19:30 IST,20:40 IST
6E 7186,TCR,MAA,07:55 IST,09:30 IST
6E 7188,TCR,MAA,16:25 IST,18:00 IST
6E 7186,TCR,MAA,07:55 IST,09:30 IST
6E 7186,TCR,MAA,07:55 IST,09:30 IST
6E 7186,TCR,MAA,07:55 IST,09:30 IST
6E 7229,RJA,HYD,11:55 IST,13:00 IST
6E 7186,TCR,MAA,07:55 IST,09:30 IST
6E 7186,TCR,MAA,07:55 IST,09:30 IST
6E 979,RPR,BLR,19:55 IST,21:50 IST
6E 979,RPR,BLR,19:55 IST,21:50 IST
6E 979,RPR,BLR,19:55 IST,21:50 IST
6E 979,RPR,BLR,19:55 IST,21:50 IST
6E 979,RPR,BLR,19:55 IST,21:50 IST
6E 2315,DEL,COK,12:55 IST,16:00 IST
6E 5042,MAA,DEL,15:55 IST,18:40 IST
6E 2197,ATQ,DEL,17:35 IST,18:30 IST
6E 2154,SAG,DEL,16:15 IST,18:05 IST
6E 2154,SAG,DEL,16:15 IST,18:05 IST
6E 5042,MAA,DEL,15:55 IST,18:40 IST
6E 6916,IDR,HYD,18:35 IST,20:00 IST
6E 753,BHO,BOM,22:00 IST,23:30 IST
6E 5324,JAI,BOM,18:20 IST,20:15 IST
6E 808,BDQ,BLR,18:20 IST,20:25 IST
6E 701,IDR,BLR,05:00 IST,07:00 IST
6E 808,BDQ,BLR,18:20 IST,20:25 IST
6E 808,BDQ,BLR,18:20 IST,20:25 IST
6E 808,BDQ,BLR,18:20 IST,20:25 IST
6E 808,BDQ,BLR,18:20 IST,20:25 IST
6E 808,BDQ,BLR,18:20 IST,20:25 IST
6E 2027,HYD,DEL,20:05 IST,22:15 IST
6E 2204,DEL,JAI,16:50 IST,17:40 IST
6E 2512,IXG,DEL,09:05 IST,11:25 IST
6E 464,BDQ,HYD,16:25 IST,18:00 IST
6E 6505,HYD,BLR,22:45 IST,00:05 IST
6E 5372,MAA,DEL,10:45 IST,13:40 IST
6E 6017,BLR,MAA,18:50 IST,19:45 IST
6E 628,DED,BOM,11:30 IST,13:40 IST
6E 486,BLR,NAG,20:00 IST,21:40 IST
6E 6536,BBI,BLR,14:20 IST,16:20 IST
6E 499,VNS,BLR,21:45 IST,00:25 IST
6E 144,VNS,BLR,15:50 IST,18:20 IST
6E 144,VNS,BLR,15:50 IST,18:20 IST
6E 354,DEL,BOM,19:15 IST,21:25 IST
6E 144,VNS,BLR,15:50 IST,18:20 IST
6E 354,DEL,BOM,19:15 IST,21:25 IST
6E 354,DEL,BOM,19:15 IST,21:25 IST
6E 624,BOM,TRV,10:35 IST,12:55 IST
6E 514,HYD,MAA,13:35 IST,15:00 IST
6E 514,HYD,MAA,13:35 IST,15:00 IST
6E 2137,SXR,DEL,11:35 IST,13:10 IST
6E 355,BOM,DEL,08:30 IST,10:35 IST
6E 355,BOM,DEL,08:30 IST,10:35 IST
6E 429,IXC,BLR,16:30 IST,19:40 IST
6E 429,IXC,BLR,16:30 IST,19:40 IST
6E 429,IXC,BLR,16:30 IST,19:40 IST
6E 579,SAG,BLR,14:30 IST,16:05 IST
6E 5016,DEL,JDH,09:20 IST,10:25 IST
6E 579,SAG,BLR,14:30 IST,16:05 IST
6E 7133,VGA,BLR,20:45 IST,22:30 IST
6E 7135,IXM,MAA,11:55 IST,13:20 IST
6E 7207,BLR,IXM,09:45 IST,11:20 IST
6E 7135,IXM,MAA,11:55 IST,13:20 IST
6E 7135,IXM,MAA,11:55 IST,13:20 IST
6E 7206,VGA,HYD,18:15 IST,19:25 IST
6E 7209,VGA,HYD,07:30 IST,08:30 IST
6E 7209,VGA,HYD,07:30 IST,08:30 IST
6E 7348,MAA,TRZ,14:15 IST,15:20 IST
6E 216,VTZ,HYD,19:05 IST,20:20 IST
6E 7239,IXG,BLR,19:45 IST,21:15 IST
6E 422,HYD,DED,09:00 IST,11:25 IST
6E 524,IXA,IMF,13:20 IST,14:15 IST
6E 524,IXA,IMF,13:20 IST,14:15 IST
6E 512,CCU,VTZ,13:25 IST,14:55 IST
6E 6001,MAA,TRV,04:35 IST,06:00 IST
6E 7284,VGA,HYD,22:00 IST,23:05 IST
6E 881,MAA,CJB,14:25 IST,15:25 IST
6E 512,CCU,VTZ,13:25 IST,14:55 IST
6E 552,IDR,BOM,20:50 IST,22:10 IST
6E 6001,MAA,TRV,04:35 IST,06:00 IST
6E 2772,VTZ,BLR,17:35 IST,19:05 IST
6E 2772,VTZ,BLR,17:35 IST,19:05 IST
6E 2772,VTZ,BLR,17:35 IST,19:05 IST
6E 6809,CJB,MAA,11:35 IST,12:40 IST
6E 7282,CDP,VGA,11:40 IST,12:45 IST
6E 742,COK,HYD,20:50 IST,22:20 IST
6E 783,VTZ,HYD,16:20 IST,17:30 IST
6E 883,VTZ,HYD,20:45 IST,22:00 IST
6E 191,IXR,HYD,21:10 IST,22:55 IST
6E 742,COK,HYD,20:50 IST,22:20 IST
6E 326,CCU,JRH,12:40 IST,14:10 IST
6E 557,MAA,VTZ,06:35 IST,08:05 IST
6E 238,PNQ,MAA,22:45 IST,00:35 IST
6E 238,PNQ,MAA,22:45 IST,00:35 IST
