bid,username,first_name,last_name,age,gender,passengerNo
7459160,tejaspati,Tejas,Patil,28,M,1
7459160,tejaspati,Leo,Brooks,42,M,2
7459160,tejaspati,Jonathan,Flores,61,F,3
4567644,shivasen51,Shivam,Sen,57,M,1
4567644,shivasen51,Elijah,Jackson,74,F,2
4567644,shivasen51,Axel,Harris,20,F,3
4567644,shivasen51,Greyson,Johnson,61,F,4
4567644,shivasen51,Adrian,Johnson,10,F,5
4567644,shivasen51,Easton,Bailey,10,F,6
1224786,lakspat92,Lakshman,Patel,62,M,1
1224786,lakspat92,Lincoln,Hall,27,F,2
1224786,lakspat92,Miles,Nguyen,8,M,3
2952125,sanjvarm58,Sanjay,Varma,52,M,1
2952125,sanjvarm58,Isaac,Morales,35,M,2
2952125,sanjvarm58,Hunter,Price,54,M,3
2952125,sanjvarm58,Noah,Alvarez,16,F,4
2952125,sanjvarm58,Hudson,Ramos,2,F,5
2983890,vihaagupta99,Vihaan,Gupta,57,M,1
2983890,vihaagupta99,Levi,King,57,M,2
2983890,vihaagupta99,Hudson,Mitchell,68,M,3
2983890,vihaagupta99,Xavier,Collins,10,F,4
5986637,anikemeno,Aniket,Menon,30,M,1
5986637,anikemeno,Christopher,Anderson,59,F,2
5986637,anikemeno,Elijah,Castillo,21,M,3
5986637,anikemeno,Dominic,Torres,4,M,4
5986637,anikemeno,Oliver,Robinson,11,M,5
6491800,pankayada14,Pankaj,Yadav,63,M,1
6491800,pankayada14,Owen,Parker,47,F,2
6491800,pankayada14,Greyson,Lee,80,M,3
6491800,pankayada14,James,Walker,57,F,4
6923663,arjmeh,Arjun,Mehta,52,M,1
6923663,arjmeh,Ezra,Ramos,42,M,2
6923663,arjmeh,James,Kelly,57,F,3
6923663,arjmeh,Oliver,Richardson,22,F,4
6923663,arjmeh,Brooks,Gonzalez,4,F,5
6923663,arjmeh,Wyatt,Gray,6,M,6
6825894,ritukapoo,Ritu,Kapoor,37,F,1
6825894,ritukapoo,Cameron,Scott,52,F,2
6825894,ritukapoo,Angel,Morgan,52,F,3
6825894,ritukapoo,Roman,Ross,66,M,4
6825894,ritukapoo,Cameron,Clark,5,M,5
8773525,siddhbhat4,Siddharth,Bhatt,20,M,1
8773525,siddhbhat4,Kai,Richardson,68,F,2
8773525,siddhbhat4,Wyatt,Anderson,50,F,3
8773525,siddhbhat4,Wyatt,Rogers,57,M,4
3041724,pankayada14,Pankaj,Yadav,63,M,1
3041724,pankayada14,Cooper,Myers,62,F,2
3041724,pankayada14,Parker,Phillips,66,F,3
3041724,pankayada14,Nathan,Hughes,46,M,4
3041724,pankayada14,Gabriel,Williams,15,F,5
3041724,pankayada14,Jayden,Brown,71,M,6
3041724,pankayada14,Adam,Flores,4,F,7
1998092,naresharma5,Narendra,Sharma,23,M,1
1998092,naresharma5,Carter,Collins,32,F,2
1998092,naresharma5,David,Johnson,67,F,3
1998092,naresharma5,Leonardo,Murphy,3,M,4
1998092,naresharma5,Axel,Flores,2,M,5
4477037,diliyadav,Dilip,Yadav,55,M,1
4477037,diliyadav,David,King,67,F,2
4477037,diliyadav,Ezra,Walker,35,F,3
4477037,diliyadav,Mason,Ross,36,F,4
4477037,diliyadav,Isaiah,Smith,74,M,5
4477037,diliyadav,Adrian,Walker,11,M,6
9928970,omkarrao41,Omkar,Rao,68,M,1
9928970,omkarrao41,Ethan,Gonzalez,25,F,2
9928970,omkarrao41,Ethan,Reyes,63,F,3
9928970,omkarrao41,Eli,Clark,70,F,4
9928970,omkarrao41,Jose,Brooks,2,F,5
5621231,ragnair12,Raghav,Nair,45,M,1
5621231,ragnair12,Mason,Moore,53,F,2
5621231,ragnair12,Nathan,Garcia,35,M,3
5621231,ragnair12,Jose,Peterson,29,F,4
5621231,ragnair12,Jaxon,Peterson,57,M,5
5621231,ragnair12,Nolan,Allen,45,F,6
3509254,anshshett96,Anshuman,Shetty,35,M,1
3509254,anshshett96,David,Reed,80,F,2
3509254,anshshett96,Austin,Nelson,76,M,3
3509254,anshshett96,Andrew,Ward,5,M,4
3509254,anshshett96,Luca,Williams,8,F,5
8590947,tuspillai31,Tushar,Pillai,51,M,1
8590947,tuspillai31,Jordan,Allen,48,M,2
8590947,tuspillai31,Leonardo,Gutierrez,8,M,3
3584075,ragnair12,Raghav,Nair,45,M,1
3584075,ragnair12,Kai,Gonzalez,59,M,2
3584075,ragnair12,James,Diaz,12,M,3
3584075,ragnair12,Hunter,Green,3,F,4
4941863,nehjos8,Neha,Joshi,18,F,1
4941863,nehjos8,Wesley,Ward,78,M,2
4941863,nehjos8,Henry,Johnson,69,M,3
4941863,nehjos8,Wesley,Robinson,21,M,4
2530689,sandjoshi49,Sandeep,Joshi,69,M,1
2530689,sandjoshi49,Grayson,Martinez,71,F,2
2530689,sandjoshi49,Everett,Cooper,35,M,3
2530689,sandjoshi49,Ezekiel,Martinez,6,F,4
2530689,sandjoshi49,Anthony,Sanders,9,M,5
6299794,ritvikdes94,Ritvik,Deshmukh,26,M,1
6299794,ritvikdes94,Sebastian,Nguyen,23,M,2
6299794,ritvikdes94,Miles,Long,20,M,3
6299794,ritvikdes94,Michael,Cox,77,M,4
6299794,ritvikdes94,Samuel,Kelly,45,M,5
6299794,ritvikdes94,Christian,Brooks,9,M,6
6610053,harshsaxena68,Harsh,Saxena,48,M,1
6610053,harshsaxena68,Easton,Wilson,55,M,2
6610053,harshsaxena68,Eli,Morris,75,F,3
6610053,harshsaxena68,Maverick,Stewart,15,M,4
6610053,harshsaxena68,Levi,Anderson,26,F,5
7242327,vaibsax,Vaibhav,Saxena,37,M,1
7242327,vaibsax,Matthew,Jimenez,32,F,2
7242327,vaibsax,Ezra,Cook,43,F,3
7242327,vaibsax,Jordan,Bailey,1,F,4
2696358,amitpatil12,Amitabh,Patil,25,M,1
2696358,amitpatil12,Jayden,Edwards,30,M,2
2696358,amitpatil12,Julian,Peterson,65,F,3
2696358,amitpatil12,Josiah,Thomas,14,M,4
2696358,amitpatil12,Leo,Young,8,F,5
2696358,amitpatil12,Michael,Gray,10,F,6
1138457,ragnair12,Raghav,Nair,45,M,1
1138457,ragnair12,Alexander,Bennett,19,F,2
1138457,ragnair12,Nathan,Green,33,F,3
7957898,saipatel9,Sai,Patel,26,M,1
7957898,saipatel9,Julian,Bennett,74,F,2
7957898,saipatel9,Leonardo,Morgan,19,M,3
7957898,saipatel9,Jonathan,Scott,66,F,4
7957898,saipatel9,Christopher,Bailey,7,M,5
3964135,mancha6,Manav,Chauhan,45,M,1
3964135,mancha6,Easton,Reed,18,F,2
3964135,mancha6,Nolan,Price,55,F,3
3964135,mancha6,Jameson,White,34,M,4
3964135,mancha6,Benjamin,Carter,2,F,5
3964135,mancha6,Joshua,Allen,1,M,6
4651601,prarao54,Prakash,Rao,18,M,1
4651601,prarao54,Carson,Collins,61,M,2
4651601,prarao54,Owen,Carter,13,M,3
4651601,prarao54,Nathan,Rogers,34,F,4
4651601,prarao54,Ethan,Stewart,32,F,5
2288487,rajibhat69,Rajiv,Bhatia,61,M,1
2288487,rajibhat69,Josiah,Moore,35,M,2
2288487,rajibhat69,Benjamin,Mendoza,77,F,3
2288487,rajibhat69,David,Moore,51,F,4
2288487,rajibhat69,Greyson,Wilson,25,M,5
2288487,rajibhat69,Carter,Harris,61,F,6
3777584,rahudas19,Rahul,Das,69,M,1
3777584,rahudas19,John,Williams,51,F,2
3777584,rahudas19,Jonathan,Cruz,28,M,3
3777584,rahudas19,Santiago,Morgan,11,F,4
3777584,rahudas19,Wyatt,Reyes,1,M,5
5834893,ishsin3,Ishaan,Sinha,68,M,1
5834893,ishsin3,Mateo,Roberts,56,F,2
5834893,ishsin3,Charles,Moore,2,F,3
6603970,shivasen51,Shivam,Sen,57,M,1
6603970,shivasen51,Levi,Johnson,69,F,2
8122110,saurabbos7,Saurabh,Bose,30,M,1
8122110,saurabbos7,Nicholas,Gonzalez,23,F,2
8122110,saurabbos7,Lincoln,Foster,53,M,3
8122110,saurabbos7,Liam,Campbell,19,M,4
8122110,saurabbos7,James,Brown,9,M,5
2843248,tuspillai31,Tushar,Pillai,51,M,1
2843248,tuspillai31,Isaiah,Rogers,78,M,2
5040277,saurabbos7,Saurabh,Bose,30,M,1
5040277,saurabbos7,Mason,Jones,33,M,2
5040277,saurabbos7,Thomas,King,62,M,3
5040277,saurabbos7,Samuel,Nguyen,36,F,4
8623074,tanbanerj7,Tanmay,Banerjee,43,M,1
8623074,tanbanerj7,Oliver,Brown,49,F,2
8623074,tanbanerj7,Isaiah,Wood,76,M,3
8623074,tanbanerj7,Axel,Lopez,7,F,4
8623074,tanbanerj7,Luke,Patel,7,M,5
3124853,rakeshmeno8,Rakesh,Menon,64,M,1
3124853,rakeshmeno8,Aaron,Myers,26,M,2
3124853,rakeshmeno8,Henry,Williams,37,F,3
3124853,rakeshmeno8,Mateo,James,8,F,4
4055311,arjmeh,Arjun,Mehta,52,M,1
4055311,arjmeh,Carter,Phillips,12,F,2
4055311,arjmeh,Owen,Jones,65,M,3
4055311,arjmeh,Austin,Torres,10,F,4
7307926,ishsin3,Ishaan,Sinha,68,M,1
7307926,ishsin3,Joseph,White,42,F,2
7307926,ishsin3,Luca,Perez,27,F,3
7307926,ishsin3,Owen,Peterson,4,F,4
1036293,ankisin6,Ankita,Singh,25,M,1
1036293,ankisin6,Leo,Ramirez,31,M,2
1036293,ankisin6,Daniel,Martinez,66,F,3
1036293,ankisin6,Hunter,Torres,52,M,4
1036293,ankisin6,Owen,Gray,69,F,5
1538536,saurabbos7,Saurabh,Bose,30,M,1
1538536,saurabbos7,Lucas,Hill,71,F,2
1538536,saurabbos7,Caleb,Wright,21,F,3
1538536,saurabbos7,Angel,Lewis,2,M,4
4360686,pankayada14,Pankaj,Yadav,63,M,1
4360686,pankayada14,Wesley,Richardson,18,M,2
4360686,pankayada14,Isaac,Ross,46,M,3
4360686,pankayada14,Mason,Martinez,1,M,4
4360686,pankayada14,Samuel,Ross,1,F,5
9294644,prarao54,Prakash,Rao,18,M,1
9294644,prarao54,Jeremiah,Martin,75,M,2
9294644,prarao54,Oliver,Rivera,73,M,3
9294644,prarao54,Sebastian,Morales,7,F,4
6154145,udagupt4,Uday,Gupta,67,M,1
6154145,udagupt4,Lucas,Richardson,23,M,2
6154145,udagupt4,Jaxon,Sanchez,46,M,3
6641831,naresharma5,Narendra,Sharma,23,M,1
6641831,naresharma5,Julian,Gutierrez,56,F,2
6641831,naresharma5,Greyson,Lopez,53,M,3
6641831,naresharma5,Parker,Perez,50,F,4
6641831,naresharma5,Lucas,Clark,18,F,5
7382197,kajalyadav17,Kajal,Yadav,69,F,1
7382197,kajalyadav17,Elias,Evans,38,F,2
7382197,kajalyadav17,Alexander,Wilson,14,M,3
7382197,kajalyadav17,Anthony,Wright,8,F,4
8569841,tarujosh1,Tarun,Joshi,68,M,1
8569841,tarujosh1,Hunter,Edwards,16,M,2
8569841,tarujosh1,Wyatt,Alvarez,45,F,3
8569841,tarujosh1,John,Ortiz,21,M,4
8569841,tarujosh1,Logan,Phillips,11,F,5
3448412,meerasinha81,Meera,Sinha,40,F,1
3448412,meerasinha81,Santiago,Long,70,M,2
4756840,ritvikdes94,Ritvik,Deshmukh,26,M,1
4756840,ritvikdes94,Cooper,Thomas,27,M,2
4756840,ritvikdes94,Jonathan,Moore,65,M,3
4756840,ritvikdes94,Jose,Myers,61,F,4
8965092,rakeshmeno8,Rakesh,Menon,64,M,1
8965092,rakeshmeno8,Jackson,Moore,46,F,2
8965092,rakeshmeno8,Cameron,Howard,79,F,3
7222726,yashwiyer,Yashwant,Iyer,46,M,1
7222726,yashwiyer,Silas,Sanders,79,F,2
7222726,yashwiyer,Owen,Jackson,30,F,3
7222726,yashwiyer,Jacob,Lee,41,F,4
3408845,aninair73,Anil,Nair,58,M,1
3408845,aninair73,Caleb,Bailey,48,F,2
3408845,aninair73,Noah,Gutierrez,49,F,3
3408845,aninair73,Anthony,Foster,5,F,4
3408845,aninair73,William,Green,6,M,5
1275082,yashwiyer,Yashwant,Iyer,46,M,1
1275082,yashwiyer,Greyson,Rivera,42,F,2
1275082,yashwiyer,Easton,Hughes,62,F,3
1275082,yashwiyer,Carson,Smith,5,F,4
1275082,yashwiyer,Charles,Moore,10,F,5
1181619,sudhiye,Sudhir,Iyer,65,M,1
1181619,sudhiye,Lucas,Clark,70,M,2
1181619,sudhiye,Jameson,Gutierrez,45,F,3
1181619,sudhiye,Everett,James,77,M,4
1181619,sudhiye,Levi,Peterson,9,M,5
9243254,nileverma59,Nilesh,Verma,46,M,1
9243254,nileverma59,Ezekiel,Flores,70,F,2
9243254,nileverma59,Santiago,Miller,33,M,3
1464258,vivakumar5,Vivaan,Kumar,45,M,1
1464258,vivakumar5,Hudson,White,20,M,2
7300283,hemantshet,Hemant,Shetty,22,M,1
7300283,hemantshet,Dominic,Sanders,63,M,2
7300283,hemantshet,John,Reed,72,M,3
7300283,hemantshet,Dominic,Clark,35,M,4
7300283,hemantshet,John,Gonzalez,1,F,5
5804789,sanjvarm58,Sanjay,Varma,52,M,1
5804789,sanjvarm58,Wesley,Diaz,76,F,2
5804789,sanjvarm58,Cooper,Jones,17,F,3
5804789,sanjvarm58,Thomas,Sanchez,10,F,4
1113498,nikhchaud,Nikhil,Chaudhary,18,M,1
1113498,nikhchaud,Christopher,Sanders,80,M,2
5091438,pridesh2,Priya,Deshmukh,34,F,1
5091438,pridesh2,Xavier,Jones,37,M,2
5091438,pridesh2,Charles,Johnson,51,M,3
5091438,pridesh2,Owen,Brooks,53,F,4
5091438,pridesh2,Jordan,Brooks,23,F,5
9525780,anurkapoo3,Anurag,Kapoor,31,M,1
9525780,anurkapoo3,Miles,Long,62,M,2
9525780,anurkapoo3,Benjamin,Mendoza,54,F,3
9525780,anurkapoo3,Connor,Cox,38,M,4
9525780,anurkapoo3,Jose,Smith,78,M,5
5123797,aryansingh6,Aryan,Singh,66,M,1
5123797,aryansingh6,Kai,Wright,40,F,2
5337141,kajalyadav17,Kajal,Yadav,69,F,1
5337141,kajalyadav17,Liam,Rogers,14,M,2
5337141,kajalyadav17,Caleb,Roberts,65,M,3
5337141,kajalyadav17,Daniel,Jones,51,F,4
5337141,kajalyadav17,Miles,Green,58,M,5
2409686,akshakulka,Akshay,Kulkarni,28,M,1
2409686,akshakulka,Jackson,Perez,24,M,2
2409686,akshakulka,Jonathan,Hill,68,F,3
2409686,akshakulka,Adam,Carter,66,M,4
8093460,shaurver,Shaurya,Verma,48,M,1
8093460,shaurver,Nolan,Wilson,41,M,2
8093460,shaurver,Logan,Castillo,10,F,3
7524295,rakeshmeno8,Rakesh,Menon,64,M,1
7524295,rakeshmeno8,Isaiah,Kim,68,M,2
7524295,rakeshmeno8,Henry,Ward,36,F,3
7524295,rakeshmeno8,David,Gomez,60,F,4
7524295,rakeshmeno8,Jose,Ward,35,M,5
3445682,seemaredd,Seema,Reddy,42,F,1
3445682,seemaredd,Jayden,Hill,40,F,2
3445682,seemaredd,Connor,Chavez,79,M,3
1273723,vivakumar5,Vivaan,Kumar,45,M,1
1273723,vivakumar5,Jonathan,Sanchez,28,M,2
1273723,vivakumar5,Angel,Sanchez,26,M,3
1273723,vivakumar5,Landon,Kim,5,M,4
1273723,vivakumar5,Eli,Lewis,2,M,5
2716073,yashwiyer,Yashwant,Iyer,46,M,1
2716073,yashwiyer,Henry,Hill,77,F,2
2716073,yashwiyer,Isaac,Sanchez,37,M,3
2716073,yashwiyer,Sebastian,Nguyen,70,F,4
6128768,abhsin2,Abhay,Sinha,58,M,1
6128768,abhsin2,Dominic,Foster,37,M,2
6128768,abhsin2,Jonathan,Bennett,59,F,3
6128768,abhsin2,Lincoln,Mitchell,6,F,4
5908787,dhrujoshi8,Dhruv,Joshi,41,M,1
5908787,dhrujoshi8,Eli,Diaz,48,F,2
5908787,dhrujoshi8,Wesley,Rivera,48,M,3
5908787,dhrujoshi8,Kayden,Ramos,37,F,4
3611473,abhsin2,Abhay,Sinha,58,M,1
3611473,abhsin2,Carter,Thompson,23,F,2
3611473,abhsin2,Michael,Stewart,8,F,3
5249218,kunabhat11,Kunal,Bhatia,37,M,1
5249218,kunabhat11,Luke,Allen,59,M,2
5249218,kunabhat11,Santiago,Morgan,1,F,3
7970456,abhsin2,Abhay,Sinha,58,M,1
7970456,abhsin2,Liam,Foster,79,M,2
7970456,abhsin2,Jonathan,Diaz,54,F,3
7970456,abhsin2,Matthew,White,78,M,4
7970456,abhsin2,Julian,Walker,11,F,5
5194464,saurabbos7,Saurabh,Bose,30,M,1
5194464,saurabbos7,Matthew,Myers,50,M,2
5194464,saurabbos7,Austin,Mendoza,10,M,3
3503431,kabiiye86,Kabir,Iyer,32,M,1
3503431,kabiiye86,Christian,Morales,62,F,2
3503431,kabiiye86,Colton,Jackson,21,F,3
3503431,kabiiye86,Santiago,Turner,29,M,4
8070841,rishagoy56,Rishabh,Goyal,54,M,1
8070841,rishagoy56,Matthew,Gray,14,M,2
8070841,rishagoy56,Dominic,Allen,51,F,3
8070841,rishagoy56,Maverick,Wood,24,M,4
8070841,rishagoy56,Matthew,Ramirez,46,F,5
8070841,rishagoy56,Jameson,Jackson,47,M,6
3950496,naresharma5,Narendra,Sharma,23,M,1
3950496,naresharma5,Silas,Thomas,61,F,2
3051671,anikemeno,Aniket,Menon,30,M,1
3051671,anikemeno,Cameron,Howard,15,M,2
3051671,anikemeno,Jordan,Jackson,36,M,3
3051671,anikemeno,Mateo,Edwards,11,M,4
3051671,anikemeno,Isaiah,Scott,9,M,5
2238891,rakeshmeno8,Rakesh,Menon,64,M,1
2238891,rakeshmeno8,Wyatt,Allen,30,M,2
2238891,rakeshmeno8,Roman,Brown,20,M,3
2238891,rakeshmeno8,Eli,Adams,5,M,4
1416805,ritukapoo,Ritu,Kapoor,37,F,1
1416805,ritukapoo,Nicholas,White,52,F,2
1416805,ritukapoo,Leonardo,Price,39,M,3
1416805,ritukapoo,Xavier,Bennett,8,M,4
8124790,sandjoshi49,Sandeep,Joshi,69,M,1
8124790,sandjoshi49,Lucas,Jackson,73,F,2
8124790,sandjoshi49,Wyatt,Rodriguez,41,F,3
8124790,sandjoshi49,Levi,Perez,30,M,4
9210212,ravshanka,Ravi,Shankar,49,M,1
9210212,ravshanka,Leo,Brooks,25,F,2
9210212,ravshanka,Anthony,Long,45,M,3
9210212,ravshanka,Carter,Allen,6,F,4
7159979,shaurver,Shaurya,Verma,48,M,1
7159979,shaurver,Isaac,Jones,35,M,2
7159979,shaurver,Ezekiel,Price,31,M,3
7159979,shaurver,Maverick,Murphy,29,M,4
7159979,shaurver,Jameson,Clark,13,M,5
7159979,shaurver,Easton,Wilson,46,M,6
3109283,neerapande,Neeraj,Pandey,34,M,1
3109283,neerapande,Everett,Lewis,23,M,2
3109283,neerapande,Noah,Thompson,40,M,3
3109283,neerapande,Jonathan,Reyes,72,M,4
2618240,aryansingh6,Aryan,Singh,66,M,1
2618240,aryansingh6,Charles,Nelson,29,M,2
2618240,aryansingh6,Lucas,Kelly,56,F,3
2618240,aryansingh6,Joshua,Baker,45,F,4
2618240,aryansingh6,Hudson,Flores,11,M,5
3574170,nehjos8,Neha,Joshi,18,F,1
3574170,nehjos8,Gabriel,Ortiz,45,F,2
3574170,nehjos8,Luke,Thompson,12,M,3
3574170,nehjos8,Benjamin,Long,49,F,4
3574170,nehjos8,Cooper,Davis,26,F,5
6315619,anshshett96,Anshuman,Shetty,35,M,1
6315619,anshshett96,Luca,Miller,62,M,2
6315619,anshshett96,Axel,Campbell,78,F,3
6315619,anshshett96,Ethan,Jones,45,M,4
6315619,anshshett96,David,Watson,1,M,5
3786323,reksharm7,Rekha,Sharma,33,F,1
3786323,reksharm7,Brooks,Torres,77,F,2
3786323,reksharm7,Kai,Morgan,80,F,3
7088371,siddhbhat4,Siddharth,Bhatt,20,M,1
7088371,siddhbhat4,Thomas,Johnson,65,M,2
7088371,siddhbhat4,Jacob,Miller,51,F,3
7088371,siddhbhat4,Joseph,Reed,8,M,4
2122819,poojnair,Pooja,Nair,67,F,1
2122819,poojnair,Carter,Evans,65,F,2
2122819,poojnair,Michael,Wilson,34,F,3
2122819,poojnair,Jose,Ramirez,7,F,4
7960882,vivakumar5,Vivaan,Kumar,45,M,1
7960882,vivakumar5,Michael,Gonzalez,39,M,2
7960882,vivakumar5,Carson,Foster,47,F,3
7960882,vivakumar5,Jace,Gutierrez,16,M,4
7821296,vivmish71,Vivek,Mishra,64,M,1
7821296,vivmish71,Jace,Young,80,M,2
7821296,vivmish71,Maverick,Howard,74,F,3
7821296,vivmish71,Adrian,Long,71,M,4
7821296,vivmish71,Connor,Ortiz,34,M,5
7821296,vivmish71,Silas,Richardson,6,M,6
1182746,ganegupt,Ganesh,Gupta,42,M,1
1182746,ganegupt,Cameron,Sanchez,30,M,2
1182746,ganegupt,Jaxon,Phillips,78,M,3
1182746,ganegupt,Parker,Ortiz,5,M,4
4237722,rajibhat69,Rajiv,Bhatia,61,M,1
4237722,rajibhat69,Ezekiel,Kelly,55,F,2
4237722,rajibhat69,Elijah,Turner,23,M,3
4237722,rajibhat69,Joshua,Jimenez,24,M,4
4237722,rajibhat69,Hudson,Jimenez,4,M,5
4237722,rajibhat69,Gabriel,Reyes,10,F,6
9416248,abhsin2,Abhay,Sinha,58,M,1
9416248,abhsin2,Eli,Baker,39,F,2
9416248,abhsin2,Grayson,Reed,12,M,3
9416248,abhsin2,Matthew,Morris,23,F,4
4737968,sanjvarm58,Sanjay,Varma,52,M,1
4737968,sanjvarm58,Gabriel,Smith,52,M,2
4737968,sanjvarm58,William,Ward,49,M,3
4737968,sanjvarm58,Austin,Campbell,62,M,4
4737968,sanjvarm58,Jace,Roberts,9,M,5
8275349,rohanchat,Rohan,Chatterjee,29,M,1
8275349,rohanchat,Leo,Rivera,13,F,2
8275349,rohanchat,Theodore,Young,72,M,3
8275349,rohanchat,Carter,Thompson,7,M,4
8077192,vihaagupta99,Vihaan,Gupta,57,M,1
8077192,vihaagupta99,Michael,Lee,77,M,2
8077192,vihaagupta99,Nicholas,Watson,30,M,3
8077192,vihaagupta99,Axel,Robinson,39,F,4
8077192,vihaagupta99,Christopher,Nguyen,12,F,5
3454671,pankayada14,Pankaj,Yadav,63,M,1
3454671,pankayada14,Christopher,Ramos,13,M,2
3454671,pankayada14,Eli,Gutierrez,30,F,3
3454671,pankayada14,Nathan,Miller,18,M,4
4269079,chetameh74,Chetan,Mehta,20,M,1
4269079,chetameh74,Adam,Alvarez,80,F,2
4269079,chetameh74,Liam,Gonzalez,4,F,3
5513324,kajalyadav17,Kajal,Yadav,69,F,1
5513324,kajalyadav17,Dominic,Jones,49,F,2
5513324,kajalyadav17,Leo,Watson,45,F,3
5513324,kajalyadav17,Carson,Nguyen,10,F,4
5513324,kajalyadav17,Hunter,Murphy,1,F,5
8230972,tanbanerj7,Tanmay,Banerjee,43,M,1
8230972,tanbanerj7,Owen,Jackson,42,F,2
8230972,tanbanerj7,Thomas,Gutierrez,31,F,3
8776320,prarao54,Prakash,Rao,18,M,1
8776320,prarao54,Luca,Brown,80,M,2
8776320,prarao54,Liam,Hughes,29,F,3
8776320,prarao54,Angel,Castillo,19,M,4
8719989,ankisin6,Ankita,Singh,25,M,1
8719989,ankisin6,Connor,Reyes,53,F,2
8719989,ankisin6,Kayden,Thompson,18,M,3
8719989,ankisin6,Luca,Cooper,75,M,4
3703321,nehjos8,Neha,Joshi,18,F,1
3703321,nehjos8,Miles,Moore,80,M,2
3703321,nehjos8,Nolan,Foster,72,M,3
3703321,nehjos8,Ezra,Wood,6,F,4
9657545,sunilgupta,Sunil,Gupta,30,M,1
9657545,sunilgupta,Christian,Morales,78,F,2
9657545,sunilgupta,Santiago,Price,27,M,3
9657545,sunilgupta,Nathan,Thompson,50,F,4
4646685,meerasinha81,Meera,Sinha,40,F,1
4646685,meerasinha81,Jackson,Martinez,31,M,2
4646685,meerasinha81,Elias,Edwards,32,M,3
4646685,meerasinha81,Jeremiah,Young,80,F,4
3281168,prarao54,Prakash,Rao,18,M,1
3281168,prarao54,Jacob,Hughes,46,M,2
3281168,prarao54,Landon,Williams,28,F,3
3281168,prarao54,Isaiah,Mitchell,40,F,4
3281168,prarao54,Jack,Morris,5,M,5
3281168,prarao54,Jose,Myers,1,M,6
5065127,sandjoshi49,Sandeep,Joshi,69,M,1
5065127,sandjoshi49,Jack,Wood,62,F,2
5065127,sandjoshi49,Jaxson,Flores,63,M,3
5065127,sandjoshi49,Angel,Walker,49,M,4
5065127,sandjoshi49,Jack,Rivera,5,M,5
5065127,sandjoshi49,Nathan,Campbell,4,F,6
6908992,saipatel9,Sai,Patel,26,M,1
6908992,saipatel9,Landon,Nelson,16,F,2
6908992,saipatel9,Austin,White,28,F,3
6908992,saipatel9,Nicholas,Rogers,62,M,4
6908992,saipatel9,Jordan,Harris,48,F,5
4274936,arjmeh,Arjun,Mehta,52,M,1
4274936,arjmeh,Jack,Mendoza,46,F,2
4274936,arjmeh,Adam,James,47,F,3
4274936,arjmeh,Nolan,Mitchell,71,M,4
6600695,ishsin3,Ishaan,Sinha,68,M,1
6600695,ishsin3,Xavier,Jones,67,M,2
6600695,ishsin3,Jace,Martin,60,F,3
6600695,ishsin3,Eli,Richardson,40,F,4
6600695,ishsin3,Ethan,Thomas,3,M,5
8610031,seemaredd,Seema,Reddy,42,F,1
8610031,seemaredd,Matthew,Carter,20,M,2
8610031,seemaredd,Ezra,Kim,6,M,3
8360122,sunilgupta,Sunil,Gupta,30,M,1
8360122,sunilgupta,Isaiah,Richardson,68,M,2
8360122,sunilgupta,Leo,Nelson,44,M,3
8360122,sunilgupta,Daniel,Adams,40,M,4
8360122,sunilgupta,Joseph,Watson,29,F,5
3254225,anikemeno,Aniket,Menon,30,M,1
3254225,anikemeno,John,Patel,80,M,2
3254225,anikemeno,Carter,Scott,4,M,3
6055747,vaibsax,Vaibhav,Saxena,37,M,1
6055747,vaibsax,Dylan,Baker,44,M,2
6055747,vaibsax,Jordan,Green,12,M,3
6055747,vaibsax,Roman,Nguyen,27,F,4
6055747,vaibsax,Brooks,Reed,67,F,5
4284489,aryansingh6,Aryan,Singh,66,M,1
4284489,aryansingh6,Jordan,Green,56,M,2
4284489,aryansingh6,Roman,Rivera,71,M,3
4284489,aryansingh6,David,Ross,45,M,4
9029569,jatkapoo3,Jatin,Kapoor,66,M,1
9029569,jatkapoo3,Henry,Flores,36,F,2
9029569,jatkapoo3,Oliver,Nguyen,22,M,3
9029569,jatkapoo3,Owen,Gonzalez,32,M,4
9029569,jatkapoo3,Dominic,Gonzalez,54,M,5
9029569,jatkapoo3,Andrew,Garcia,5,F,6
7445028,rajeshred,Rajesh,Reddy,66,M,1
7445028,rajeshred,Everett,Clark,47,F,2
7445028,rajeshred,Joseph,Diaz,24,M,3
2015485,shankakapoor,Shankar,Kapoor,66,M,1
2015485,shankakapoor,Lincoln,Roberts,62,M,2
2015485,shankakapoor,Jacob,Lewis,71,M,3
2015485,shankakapoor,Parker,Allen,46,M,4
2015485,shankakapoor,Nathan,Jimenez,32,M,5
2015485,shankakapoor,Austin,Gonzalez,38,F,6
7898223,sarvkau,Sarvesh,Kaur,58,M,1
7898223,sarvkau,Andrew,Hall,54,F,2
7898223,sarvkau,Angel,Evans,46,F,3
7898223,sarvkau,Isaac,Wright,11,M,4
7898223,sarvkau,Isaiah,Howard,3,F,5
8832698,ishapat,Isha,Patel,23,F,1
8832698,ishapat,Cooper,Garcia,16,M,2
8832698,ishapat,David,Kelly,68,F,3
8832698,ishapat,Levi,Flores,64,M,4
8832698,ishapat,Elijah,Davis,63,F,5
6818312,dhrujoshi8,Dhruv,Joshi,41,M,1
6818312,dhrujoshi8,Leo,Richardson,32,M,2
6818312,dhrujoshi8,Landon,Alvarez,79,F,3
6818312,dhrujoshi8,John,Mitchell,7,M,4
6818312,dhrujoshi8,Landon,Howard,9,F,5
2425476,shankakapoor,Shankar,Kapoor,66,M,1
2425476,shankakapoor,Jaxon,Martin,56,M,2
2425476,shankakapoor,Sebastian,Rodriguez,56,M,3
2425476,shankakapoor,Cooper,Scott,77,M,4
2425476,shankakapoor,Leo,Thompson,1,M,5
2425476,shankakapoor,Mateo,Thomas,10,M,6
2425476,shankakapoor,Cooper,Evans,6,F,7
5695709,sanjvarm58,Sanjay,Varma,52,M,1
5695709,sanjvarm58,Cooper,Patel,55,M,2
5695709,sanjvarm58,Maverick,Young,77,F,3
5695709,sanjvarm58,William,Wood,39,M,4
2837263,tarujosh1,Tarun,Joshi,68,M,1
2837263,tarujosh1,Aiden,Martinez,13,F,2
2837263,tarujosh1,Kayden,Long,26,M,3
2837263,tarujosh1,Jackson,Rogers,44,F,4
5428373,chetameh74,Chetan,Mehta,20,M,1
5428373,chetameh74,James,Collins,14,F,2
5428373,chetameh74,Joshua,Castillo,57,M,3
5428373,chetameh74,Jordan,Roberts,26,M,4
5428373,chetameh74,Liam,Ross,1,M,5
8570026,pranashukl5,Pranav,Shukla,70,M,1
8570026,pranashukl5,John,Cook,56,F,2
8570026,pranashukl5,Theodore,Anderson,72,F,3
8570026,pranashukl5,Noah,King,38,M,4
8570026,pranashukl5,Josiah,Diaz,57,M,5
4168125,aryansingh6,Aryan,Singh,66,M,1
4168125,aryansingh6,Benjamin,Garcia,43,F,2
4168125,aryansingh6,Oliver,Ruiz,29,M,3
4168125,aryansingh6,Daniel,Perez,6,M,4
1468886,gaubhat7,Gaurav,Bhatt,68,M,1
1468886,gaubhat7,Jonathan,Richardson,27,M,2
1468886,gaubhat7,Jeremiah,Carter,28,F,3
1468886,gaubhat7,Christian,Brown,8,M,4
1468886,gaubhat7,Ezekiel,Myers,1,M,5
2378830,madhared,Madhav,Reddy,36,M,1
2378830,madhared,Dylan,Castillo,53,M,2
2378830,madhared,Wyatt,Sanders,76,F,3
2378830,madhared,Owen,Cook,79,F,4
2378830,madhared,Jose,Ruiz,4,F,5
2378830,madhared,Jaxson,Williams,2,F,6
6644142,mancha6,Manav,Chauhan,45,M,1
6644142,mancha6,Roman,Parker,48,M,2
6644142,mancha6,Grayson,Lewis,46,F,3
6644142,mancha6,Grayson,Anderson,54,M,4
6644142,mancha6,Aaron,Wood,36,F,5
6644142,mancha6,Christian,Lewis,35,F,6
2893133,ravshanka,Ravi,Shankar,49,M,1
2893133,ravshanka,Adrian,Bennett,73,M,2
2893133,ravshanka,Benjamin,Morales,61,F,3
2893133,ravshanka,Owen,Davis,7,F,4
2432451,saipatel9,Sai,Patel,26,M,1
2432451,saipatel9,Joshua,Wright,71,M,2
2432451,saipatel9,Owen,Evans,33,M,3
2432451,saipatel9,Ryan,Richardson,72,F,4
2432451,saipatel9,Oliver,Mitchell,2,F,5
1999972,omkarrao41,Omkar,Rao,68,M,1
1999972,omkarrao41,Dominic,Chavez,19,F,2
1999972,omkarrao41,Jordan,Diaz,10,M,3
8654328,poojnair,Pooja,Nair,67,F,1
8654328,poojnair,Jordan,Wilson,67,M,2
8654328,poojnair,Carson,Castillo,67,M,3
8654328,poojnair,Adrian,Turner,22,F,4
1159733,vivakumar5,Vivaan,Kumar,45,M,1
1159733,vivakumar5,Landon,Cruz,12,M,2
1159733,vivakumar5,Kayden,Flores,5,F,3
3181404,ishsin3,Ishaan,Sinha,68,M,1
3181404,ishsin3,Andrew,Gomez,57,F,2
3181404,ishsin3,Nathan,Kelly,27,M,3
3181404,ishsin3,Miles,Ross,66,F,4
3181404,ishsin3,Wesley,Hill,17,M,5
5534270,aninair73,Anil,Nair,58,M,1
5534270,aninair73,Daniel,White,37,M,2
5534270,aninair73,Jackson,Ward,35,M,3
5534270,aninair73,Luke,Baker,66,M,4
5534270,aninair73,Roman,Rivera,9,M,5
1290162,pankayada14,Pankaj,Yadav,63,M,1
1290162,pankayada14,Jacob,Morris,38,F,2
1290162,pankayada14,Grayson,Reyes,36,M,3
1290162,pankayada14,Leonardo,Howard,54,M,4
8638609,vikapand3,Vikas,Pandey,57,M,1
8638609,vikapand3,Carter,Ruiz,44,M,2
8638609,vikapand3,Carter,Rivera,30,M,3
8638609,vikapand3,Elijah,Evans,64,M,4
4481908,ankisin6,Ankita,Singh,25,M,1
4481908,ankisin6,Nicholas,Gutierrez,47,M,2
9581839,reksharm7,Rekha,Sharma,33,F,1
9581839,reksharm7,Theodore,Nguyen,36,M,2
9581839,reksharm7,Lincoln,Cruz,58,M,3
9581839,reksharm7,Jordan,Ruiz,46,M,4
7345045,ritvikdes94,Ritvik,Deshmukh,26,M,1
7345045,ritvikdes94,Dominic,Perez,23,M,2
7345045,ritvikdes94,Leonardo,Nelson,60,M,3
7345045,ritvikdes94,Carson,Ramirez,57,F,4
3748302,mohareddy79,Mohan,Reddy,53,M,1
3748302,mohareddy79,Everett,White,70,M,2
3748302,mohareddy79,Thomas,Richardson,16,F,3
3748302,mohareddy79,Christian,Adams,3,F,4
8385457,tejaspati,Tejas,Patil,28,M,1
8385457,tejaspati,Wyatt,Scott,33,F,2
8385457,tejaspati,Landon,Mitchell,34,M,3
8385457,tejaspati,Ryan,Bailey,74,F,4
6020154,rajibhat69,Rajiv,Bhatia,61,M,1
6020154,rajibhat69,Ryan,James,56,M,2
6020154,rajibhat69,Adam,Ward,15,F,3
6020154,rajibhat69,Leonardo,Ross,55,F,4
6020154,rajibhat69,Gabriel,Howard,4,M,5
1385273,naresharma5,Narendra,Sharma,23,M,1
1385273,naresharma5,Isaiah,Long,52,M,2
1385273,naresharma5,Ezekiel,Long,36,M,3
1385273,naresharma5,Isaiah,Nelson,3,M,4
1385273,naresharma5,Aaron,Edwards,6,M,5
9973737,nehjos8,Neha,Joshi,18,F,1
9973737,nehjos8,Eli,Hall,17,F,2
9973737,nehjos8,Eli,Phillips,15,M,3
9973737,nehjos8,Silas,Stewart,6,M,4
9973737,nehjos8,Silas,Rogers,4,F,5
6688936,tejaspati,Tejas,Patil,28,M,1
6688936,tejaspati,Xavier,Wright,14,F,2
6688936,tejaspati,Adrian,Perez,75,F,3
6688936,tejaspati,Mason,Thomas,80,M,4
6688936,tejaspati,Henry,Gomez,10,M,5
6688936,tejaspati,James,White,4,F,6
4415416,vijaymal,Vijay,Malhotra,20,M,1
4415416,vijaymal,Greyson,Garcia,34,F,2
4415416,vijaymal,Josiah,Thompson,74,M,3
4415416,vijaymal,Santiago,Campbell,8,F,4
1344281,ragnair12,Raghav,Nair,45,M,1
1344281,ragnair12,Gabriel,Jimenez,12,M,2
1344281,ragnair12,Lucas,Murphy,22,F,3
5411451,saipatel9,Sai,Patel,26,M,1
5411451,saipatel9,Adam,Rivera,51,M,2
5411451,saipatel9,Jace,Phillips,68,M,3
5411451,saipatel9,Oliver,Peterson,9,M,4
4530064,naveekumar,Naveen,Kumar,56,M,1
4530064,naveekumar,Ian,Parker,14,F,2
4530064,naveekumar,Hunter,Foster,13,M,3
4530064,naveekumar,Luke,Allen,60,F,4
4530064,naveekumar,Jeremiah,Flores,1,F,5
3882748,meerasinha81,Meera,Sinha,40,F,1
3882748,meerasinha81,Dominic,Mendoza,69,M,2
3882748,meerasinha81,Jack,Mendoza,66,F,3
3882748,meerasinha81,Angel,Wilson,8,M,4
3546231,kajalyadav17,Kajal,Yadav,69,F,1
3546231,kajalyadav17,Luca,Torres,38,F,2
5719955,harshsaxena68,Harsh,Saxena,48,M,1
5719955,harshsaxena68,Andrew,Kim,18,F,2
5719955,harshsaxena68,Caleb,Smith,68,F,3
5719955,harshsaxena68,Carter,Cook,37,F,4
5719955,harshsaxena68,Landon,Collins,47,M,5
6796412,gaubhat7,Gaurav,Bhatt,68,M,1
6796412,gaubhat7,Christian,Patel,13,M,2
6796412,gaubhat7,Jose,Lewis,33,M,3
6796412,gaubhat7,Anthony,Williams,21,M,4
6796412,gaubhat7,Dominic,Stewart,8,M,5
7301916,kartshu97,Kartik,Shukla,67,M,1
7301916,kartshu97,Jayden,Phillips,37,M,2
8090826,shaurver,Shaurya,Verma,48,M,1
8090826,shaurver,Thomas,Myers,50,M,2
8090826,shaurver,Jacob,Foster,48,F,3
8090826,shaurver,Gabriel,Diaz,5,M,4
7194086,ritukapoo,Ritu,Kapoor,37,F,1
7194086,ritukapoo,Austin,Wood,54,M,2
7194086,ritukapoo,Robert,Miller,49,F,3
8025959,vijaymal,Vijay,Malhotra,20,M,1
8025959,vijaymal,Kai,Adams,52,M,2
8025959,vijaymal,Roman,Miller,48,M,3
8025959,vijaymal,John,Myers,28,M,4
8025959,vijaymal,Jose,Smith,3,M,5
5194355,aryansingh6,Aryan,Singh,66,M,1
5194355,aryansingh6,Nolan,Ross,58,M,2
5194355,aryansingh6,John,Rodriguez,20,M,3
5194355,aryansingh6,Dylan,Ramirez,40,F,4
9414779,ritukapoo,Ritu,Kapoor,37,F,1
9414779,ritukapoo,Landon,Garcia,35,M,2
9414779,ritukapoo,Ezra,Collins,52,F,3
9414779,ritukapoo,Leonardo,Howard,59,M,4
9414779,ritukapoo,Colton,Brown,45,M,5
6338506,harshsaxena68,Harsh,Saxena,48,M,1
6338506,harshsaxena68,Hudson,Thomas,29,M,2
6338506,harshsaxena68,Luke,Lee,67,M,3
6338506,harshsaxena68,Aaron,Anderson,10,F,4
5821656,ragnair12,Raghav,Nair,45,M,1
5821656,ragnair12,Daniel,Green,59,M,2
5821656,ragnair12,Theodore,Collins,63,F,3
5821656,ragnair12,Jaxon,Clark,35,F,4
1160986,laxmverma6,Laxmi,Verma,24,F,1
1160986,laxmverma6,Asher,Gonzalez,46,F,2
1160986,laxmverma6,Adrian,Mendoza,35,F,3
1160986,laxmverma6,Matthew,Adams,8,F,4
1160986,laxmverma6,Miles,Perez,4,M,5
9554991,vikapand3,Vikas,Pandey,57,M,1
9554991,vikapand3,Jose,Long,22,M,2
9554991,vikapand3,Cooper,Gomez,18,F,3
9554991,vikapand3,Isaac,Ross,8,F,4
9554991,vikapand3,Ezra,Martin,4,F,5
7648964,naveekumar,Naveen,Kumar,56,M,1
7648964,naveekumar,Lucas,Castillo,35,M,2
7648964,naveekumar,Adam,Morales,75,M,3
7648964,naveekumar,Samuel,Peterson,9,M,4
7648964,naveekumar,Ryan,Kim,7,M,5
7360650,ayaareddy51,Ayaan,Reddy,46,M,1
7360650,ayaareddy51,Leo,Lewis,50,F,2
7360650,ayaareddy51,Samuel,Ruiz,31,M,3
7360650,ayaareddy51,Matthew,Moore,3,M,4
7360650,ayaareddy51,Silas,Clark,2,F,5
4301848,saurabbos7,Saurabh,Bose,30,M,1
4301848,saurabbos7,Charles,Ward,67,F,2
4301848,saurabbos7,Ezra,Alvarez,4,M,3
7779889,hemantshet,Hemant,Shetty,22,M,1
7779889,hemantshet,Jaxson,Parker,35,F,2
7779889,hemantshet,Benjamin,Alvarez,22,F,3
7779889,hemantshet,Grayson,Cook,4,F,4
1393819,deerao1,Deepika,Rao,58,F,1
1393819,deerao1,Mason,Nelson,68,M,2
1393819,deerao1,Everett,Kim,64,M,3
1393819,deerao1,Elias,Ruiz,33,F,4
1393819,deerao1,Andrew,Miller,7,M,5
8338397,aninair73,Anil,Nair,58,M,1
8338397,aninair73,Jeremiah,Martinez,28,F,2
8338397,aninair73,Dominic,Adams,60,F,3
8338397,aninair73,Dominic,Hall,53,F,4
2005690,kajalyadav17,Kajal,Yadav,69,F,1
2005690,kajalyadav17,Jacob,Ramos,75,F,2
2005690,kajalyadav17,Colton,Morris,57,F,3
2005690,kajalyadav17,Gabriel,Myers,76,F,4
2005690,kajalyadav17,Robert,Reed,64,F,5
4379085,prarao54,Prakash,Rao,18,M,1
4379085,prarao54,Julian,Rodriguez,21,F,2
4379085,prarao54,Carson,Roberts,16,M,3
4379085,prarao54,Eli,Alvarez,25,F,4
4379085,prarao54,Nathan,Torres,9,M,5
7098778,rakeshmeno8,Rakesh,Menon,64,M,1
7098778,rakeshmeno8,Dominic,Taylor,41,M,2
7098778,rakeshmeno8,Nathan,Brown,35,F,3
7098778,rakeshmeno8,Jace,Garcia,10,F,4
7098778,rakeshmeno8,Asher,Cruz,1,F,5
7516483,nileverma59,Nilesh,Verma,46,M,1
7516483,nileverma59,Angel,Sanders,43,M,2
7516483,nileverma59,Eli,Kim,34,F,3
7516483,nileverma59,Parker,Williams,18,F,4
2236741,naresharma5,Narendra,Sharma,23,M,1
2236741,naresharma5,Jordan,Reed,27,M,2
2236741,naresharma5,Luke,Ross,25,F,3
2236741,naresharma5,Jonathan,Carter,63,M,4
2236741,naresharma5,Kayden,Carter,28,M,5
8469034,saurabbos7,Saurabh,Bose,30,M,1
8469034,saurabbos7,Ryan,Torres,34,M,2
8469034,saurabbos7,Oliver,Kim,42,F,3
8469034,saurabbos7,Dylan,Morales,30,F,4
8469034,saurabbos7,Benjamin,Patel,58,F,5
8469034,saurabbos7,Jose,Davis,39,M,6
3533147,pranashukl5,Pranav,Shukla,70,M,1
3533147,pranashukl5,Colton,Rogers,38,F,2
3533147,pranashukl5,Brooks,Sanders,65,F,3
3533147,pranashukl5,Liam,Ramirez,5,F,4
3533147,pranashukl5,Joseph,Bailey,10,F,5
9312627,arjmeh,Arjun,Mehta,52,M,1
9312627,arjmeh,Andrew,Ramirez,29,M,2
9312627,arjmeh,Jackson,Gray,77,F,3
9312627,arjmeh,Owen,Smith,51,F,4
9312627,arjmeh,Owen,Sanders,11,M,5
9312627,arjmeh,Miles,Gutierrez,10,F,6
3611060,seemaredd,Seema,Reddy,42,F,1
3611060,seemaredd,Matthew,Thompson,37,M,2
3611060,seemaredd,Silas,Myers,56,M,3
4096487,aryansingh6,Aryan,Singh,66,M,1
4096487,aryansingh6,Jameson,Hughes,62,F,2
4096487,aryansingh6,Kai,Gray,29,M,3
4096487,aryansingh6,Jackson,Myers,57,M,4
4096487,aryansingh6,Michael,Mitchell,60,M,5
4096487,aryansingh6,Cooper,Morgan,28,F,6
2494981,vihaagupta99,Vihaan,Gupta,57,M,1
2494981,vihaagupta99,Charles,Rogers,73,M,2
2494981,vihaagupta99,Cameron,Nelson,57,F,3
2494981,vihaagupta99,Jace,Patel,48,M,4
2494981,vihaagupta99,Jackson,Ross,5,F,5
2494981,vihaagupta99,Kayden,Reyes,5,M,6
7011617,kabiiye86,Kabir,Iyer,32,M,1
7011617,kabiiye86,Aiden,Hill,36,M,2
7011617,kabiiye86,Greyson,Long,44,F,3
7011617,kabiiye86,Joseph,Carter,3,F,4
7011617,kabiiye86,Samuel,Allen,6,F,5
6858459,kabiiye86,Kabir,Iyer,32,M,1
6858459,kabiiye86,Thomas,Harris,69,M,2
6858459,kabiiye86,Aaron,Castillo,31,M,3
6858459,kabiiye86,Dylan,Johnson,67,F,4
6858459,kabiiye86,John,Ramos,37,M,5
6858459,kabiiye86,Jaxon,Peterson,6,F,6
8862630,ishapat,Isha,Patel,23,F,1
8862630,ishapat,Hudson,Walker,12,F,2
8862630,ishapat,Axel,Robinson,37,M,3
8862630,ishapat,Jordan,Davis,8,F,4
9222245,tejaspati,Tejas,Patil,28,M,1
9222245,tejaspati,Miles,Clark,61,F,2
9222245,tejaspati,Benjamin,Myers,75,F,3
9222245,tejaspati,Christopher,Martinez,47,F,4
9222245,tejaspati,Elijah,Long,4,F,5
1582385,nileverma59,Nilesh,Verma,46,M,1
1582385,nileverma59,Dominic,Brown,35,F,2
1582385,nileverma59,David,Miller,67,M,3
1582385,nileverma59,Mason,Brooks,13,M,4
1582385,nileverma59,Robert,Davis,51,M,5
1582385,nileverma59,Aaron,Brooks,9,F,6
6337965,naveekumar,Naveen,Kumar,56,M,1
6337965,naveekumar,Carter,Ward,43,F,2
6337965,naveekumar,Leonardo,Garcia,43,F,3
6337965,naveekumar,Jaxson,Rogers,60,M,4
3193207,chetameh74,Chetan,Mehta,20,M,1
3193207,chetameh74,Sebastian,Walker,47,F,2
3193207,chetameh74,Joshua,Patel,60,F,3
3193207,chetameh74,Theodore,Thomas,40,M,4
3193207,chetameh74,Landon,Roberts,79,F,5
5238644,ritvikdes94,Ritvik,Deshmukh,26,M,1
5238644,ritvikdes94,David,Long,37,F,2
5238644,ritvikdes94,Hudson,Harris,55,M,3
5238644,ritvikdes94,Adam,Parker,77,F,4
5238644,ritvikdes94,Wyatt,Nguyen,61,M,5
5238644,ritvikdes94,Wyatt,Gomez,66,M,6
5238644,ritvikdes94,Noah,Wilson,10,F,7
8782929,ragnair12,Raghav,Nair,45,M,1
8782929,ragnair12,Hunter,Ross,47,F,2
8782929,ragnair12,Axel,Perez,66,F,3
8782929,ragnair12,Grayson,Rogers,12,F,4
8782929,ragnair12,Noah,Gutierrez,5,F,5
8782929,ragnair12,Wesley,Martin,8,F,6
3916111,chetameh74,Chetan,Mehta,20,M,1
3916111,chetameh74,Silas,Jackson,19,F,2
2047992,rishagoy56,Rishabh,Goyal,54,M,1
2047992,rishagoy56,Jeremiah,Taylor,22,F,2
2047992,rishagoy56,Eli,Bennett,44,F,3
6171679,diliyadav,Dilip,Yadav,55,M,1
6171679,diliyadav,Jack,White,74,M,2
6171679,diliyadav,William,Martinez,21,F,3
6171679,diliyadav,Carson,Patel,68,F,4
6171679,diliyadav,Luke,Lewis,11,M,5
7663127,aninair73,Anil,Nair,58,M,1
7663127,aninair73,Daniel,Ramirez,46,F,2
7663127,aninair73,Jack,Phillips,71,F,3
7663127,aninair73,Gabriel,Peterson,18,M,4
8339628,mancha6,Manav,Chauhan,45,M,1
8339628,mancha6,Greyson,Johnson,63,M,2
8339628,mancha6,Easton,Nelson,40,M,3
8339628,mancha6,Maverick,Ruiz,51,F,4
8339628,mancha6,Carson,Torres,1,F,5
4732118,tarujosh1,Tarun,Joshi,68,M,1
4732118,tarujosh1,Andrew,Jackson,16,F,2
4732118,tarujosh1,Nicholas,Williams,66,F,3
4237323,sudhiye,Sudhir,Iyer,65,M,1
4237323,sudhiye,Easton,Wilson,57,F,2
4237323,sudhiye,Adam,Robinson,5,F,3
3267747,seemaredd,Seema,Reddy,42,F,1
3267747,seemaredd,Axel,Young,64,M,2
3267747,seemaredd,Jameson,Walker,1,M,3
2190124,mohareddy79,Mohan,Reddy,53,M,1
2190124,mohareddy79,Jonathan,Patel,42,F,2
2190124,mohareddy79,Jacob,Johnson,52,M,3
2190124,mohareddy79,Dylan,White,20,F,4
2190124,mohareddy79,Jonathan,Davis,71,F,5
2190124,mohareddy79,Matthew,White,6,M,6
9468060,chetameh74,Chetan,Mehta,20,M,1
9468060,chetameh74,Samuel,Myers,79,F,2
9468060,chetameh74,Adam,Hughes,55,M,3
9468060,chetameh74,Grayson,Roberts,17,M,4
9468060,chetameh74,Dominic,Ruiz,27,M,5
9468060,chetameh74,Silas,Alvarez,3,M,6
6335253,rahudas19,Rahul,Das,69,M,1
6335253,rahudas19,Sebastian,Phillips,29,F,2
6335253,rahudas19,Leo,Collins,45,M,3
6335253,rahudas19,Eli,Edwards,19,F,4
1112026,sandjoshi49,Sandeep,Joshi,69,M,1
1112026,sandjoshi49,Jaxon,Nelson,30,F,2
6951984,ayaareddy51,Ayaan,Reddy,46,M,1
6951984,ayaareddy51,Lucas,Diaz,79,M,2
6951984,ayaareddy51,Brooks,Davis,33,M,3
6951984,ayaareddy51,William,Wilson,72,F,4
6951984,ayaareddy51,Xavier,Campbell,66,M,5
8670274,aaravshar,Aarav,Sharma,34,M,1
8670274,aaravshar,Jaxon,Cruz,19,F,2
8670274,aaravshar,Miles,Kim,44,M,3
8670274,aaravshar,Mason,Long,17,M,4
8670274,aaravshar,Hunter,Sanchez,3,M,5
7299463,saipatel9,Sai,Patel,26,M,1
7299463,saipatel9,Ryan,James,22,F,2
7299463,saipatel9,Luca,Ruiz,36,M,3
7299463,saipatel9,Dylan,Thomas,62,M,4
7299463,saipatel9,Caleb,Watson,41,M,5
7077687,ravshanka,Ravi,Shankar,49,M,1
7077687,ravshanka,Jeremiah,Jones,48,M,2
7077687,ravshanka,Ryan,Wright,25,F,3
7077687,ravshanka,Austin,Sanchez,27,M,4
4298526,yashwiyer,Yashwant,Iyer,46,M,1
4298526,yashwiyer,Dominic,Campbell,13,M,2
4298526,yashwiyer,Connor,Jimenez,67,M,3
4298526,yashwiyer,Alexander,Sanchez,35,M,4
4298526,yashwiyer,Cooper,Ruiz,46,F,5
4000386,pranashukl5,Pranav,Shukla,70,M,1
4000386,pranashukl5,Mateo,Nguyen,29,M,2
4000386,pranashukl5,Asher,Bennett,76,F,3
4000386,pranashukl5,Maverick,Long,21,F,4
6091243,siddhbhat4,Siddharth,Bhatt,20,M,1
6091243,siddhbhat4,Xavier,Gonzalez,68,F,2
6091243,siddhbhat4,David,Gomez,38,F,3
6091243,siddhbhat4,Landon,Peterson,2,F,4
6091243,siddhbhat4,Luke,Gray,7,F,5
5677121,advanair,Advait,Nair,52,M,1
5677121,advanair,Jackson,Rivera,20,F,2
5677121,advanair,Josiah,Gomez,25,F,3
5677121,advanair,Michael,Cox,9,F,4
1179930,poojnair,Pooja,Nair,67,F,1
1179930,poojnair,Adam,Chavez,22,M,2
1179930,poojnair,Silas,Cox,78,M,3
1179930,poojnair,Jose,Kelly,6,M,4
1179930,poojnair,Adam,Ortiz,4,F,5
5304128,mancha6,Manav,Chauhan,45,M,1
5304128,mancha6,Ezekiel,Adams,26,M,2
5304128,mancha6,Aaron,Hill,47,F,3
5304128,mancha6,Jeremiah,Moore,40,F,4
5304128,mancha6,Gabriel,Roberts,76,M,5
5304128,mancha6,Noah,Rodriguez,11,M,6
5936749,neerapande,Neeraj,Pandey,34,M,1
5936749,neerapande,Eli,Alvarez,34,M,2
5936749,neerapande,Greyson,Bailey,74,F,3
5936749,neerapande,Lucas,Hall,64,M,4
5936749,neerapande,Parker,Harris,60,M,5
3542446,rakeshmeno8,Rakesh,Menon,64,M,1
3542446,rakeshmeno8,Nolan,Hill,33,F,2
3542446,rakeshmeno8,Luke,Robinson,78,F,3
3542446,rakeshmeno8,Luke,Campbell,13,M,4
1736954,aninair73,Anil,Nair,58,M,1
1736954,aninair73,Carson,Long,16,M,2
1736954,aninair73,Jack,Nelson,19,F,3
1736954,aninair73,Henry,Ramos,3,F,4
4859084,amitpatil12,Amitabh,Patil,25,M,1
4859084,amitpatil12,Anthony,Gutierrez,71,M,2
4859084,amitpatil12,Aaron,Nelson,13,M,3
4859084,amitpatil12,Noah,Roberts,11,M,4
4752725,sakbhat9,Sakshi,Bhatia,69,F,1
4752725,sakbhat9,Carson,Hernandez,25,F,2
4752725,sakbhat9,Eli,Rodriguez,11,M,3
7247595,neerapande,Neeraj,Pandey,34,M,1
7247595,neerapande,Brooks,Price,51,F,2
7247595,neerapande,Joseph,Mendoza,67,M,3
3114081,kunabhat11,Kunal,Bhatia,37,M,1
3114081,kunabhat11,Kayden,Collins,74,M,2
3114081,kunabhat11,Isaac,Young,46,M,3
3114081,kunabhat11,Adam,Williams,3,F,4
3114081,kunabhat11,Michael,Lee,11,F,5
4432184,shankakapoor,Shankar,Kapoor,66,M,1
4432184,shankakapoor,Isaiah,Ward,38,F,2
4432184,shankakapoor,Leo,Ortiz,34,F,3
4432184,shankakapoor,Joshua,Reyes,62,M,4
4432184,shankakapoor,Jonathan,Gonzalez,33,F,5
2127885,madhared,Madhav,Reddy,36,M,1
2127885,madhared,Theodore,Brown,39,F,2
2127885,madhared,Cameron,Stewart,67,F,3
2127885,madhared,Aaron,Ruiz,28,M,4
6506483,shankakapoor,Shankar,Kapoor,66,M,1
6506483,shankakapoor,Jayden,Wright,41,F,2
6506483,shankakapoor,Everett,Hill,7,M,3
8599984,aninair73,Anil,Nair,58,M,1
8599984,aninair73,Aiden,Lewis,33,M,2
8599984,aninair73,Andrew,Baker,50,F,3
8599984,aninair73,Silas,Bennett,61,M,4
6297245,tanbanerj7,Tanmay,Banerjee,43,M,1
6297245,tanbanerj7,Anthony,Ramos,40,F,2
6297245,tanbanerj7,Isaiah,Rogers,35,M,3
6297245,tanbanerj7,Parker,Thompson,33,M,4
6297245,tanbanerj7,Elias,Ramos,6,F,5
9795367,ankisin6,Ankita,Singh,25,M,1
9795367,ankisin6,Elias,Myers,36,M,2
9795367,ankisin6,Silas,Taylor,41,F,3
9795367,ankisin6,Andrew,Jackson,10,F,4
4116932,ragnair12,Raghav,Nair,45,M,1
4116932,ragnair12,Adrian,Parker,69,F,2
4116932,ragnair12,Alexander,Foster,9,F,3
2569834,mancha6,Manav,Chauhan,45,M,1
2569834,mancha6,Colton,Ramos,41,F,2
2569834,mancha6,Joseph,Alvarez,7,F,3
2925154,poojnair,Pooja,Nair,67,F,1
2925154,poojnair,Cameron,Edwards,78,M,2
2925154,poojnair,Thomas,Green,15,F,3
2925154,poojnair,Colton,Clark,74,F,4
2925154,poojnair,Ian,Baker,46,F,5
9461194,abhsin2,Abhay,Sinha,58,M,1
9461194,abhsin2,Elijah,Jones,25,M,2
9461194,abhsin2,Michael,Stewart,13,M,3
9461194,abhsin2,Ezra,Cooper,25,F,4
7502607,diliyadav,Dilip,Yadav,55,M,1
7502607,diliyadav,Jaxon,Edwards,55,M,2
7502607,diliyadav,Robert,Mitchell,65,F,3
7502607,diliyadav,Nolan,Allen,77,M,4
7502607,diliyadav,Angel,Campbell,38,F,5
7502607,diliyadav,Logan,Smith,11,M,6
4466303,saipatel9,Sai,Patel,26,M,1
4466303,saipatel9,Anthony,Bailey,37,F,2
4466303,saipatel9,Adam,Johnson,72,F,3
4466303,saipatel9,Brooks,Carter,9,F,4
4498746,anurkapoo3,Anurag,Kapoor,31,M,1
4498746,anurkapoo3,Miles,Patel,72,M,2
4498746,anurkapoo3,Thomas,Chavez,27,M,3
4498746,anurkapoo3,Benjamin,Flores,74,F,4
4498746,anurkapoo3,Colton,Morgan,2,M,5
4498746,anurkapoo3,Aaron,Ward,6,M,6
3227127,gaubhat7,Gaurav,Bhatt,68,M,1
3227127,gaubhat7,Luke,Cox,38,M,2
3227127,gaubhat7,Landon,Jimenez,13,F,3
3227127,gaubhat7,Grayson,Hill,60,M,4
3227127,gaubhat7,Anthony,Hernandez,1,M,5
2627158,reksharm7,Rekha,Sharma,33,F,1
2627158,reksharm7,Jaxon,Miller,24,F,2
2627158,reksharm7,Carter,Howard,69,F,3
2627158,reksharm7,Austin,Reyes,2,M,4
2627158,reksharm7,Jordan,Davis,10,M,5
7485101,vivakumar5,Vivaan,Kumar,45,M,1
7485101,vivakumar5,Adam,Anderson,29,F,2
7485101,vivakumar5,Lincoln,Williams,60,M,3
7485101,vivakumar5,Kayden,Hill,48,M,4
7485101,vivakumar5,Ethan,Williams,3,F,5
7485101,vivakumar5,Adrian,Brooks,6,F,6
7485101,vivakumar5,Jameson,Harris,2,F,7
4353454,vaibsax,Vaibhav,Saxena,37,M,1
4353454,vaibsax,Aaron,Scott,52,M,2
4353454,vaibsax,Luca,Moore,50,F,3
4353454,vaibsax,Theodore,Lopez,69,F,4
4353454,vaibsax,Connor,Howard,59,M,5
2224382,mancha6,Manav,Chauhan,45,M,1
2224382,mancha6,Jose,Bailey,56,F,2
2224382,mancha6,Lincoln,Mitchell,23,M,3
2224382,mancha6,Nathan,Murphy,53,F,4
2224382,mancha6,Nicholas,Anderson,7,F,5
7938015,sunilgupta,Sunil,Gupta,30,M,1
7938015,sunilgupta,John,Ross,51,M,2
7938015,sunilgupta,Angel,Foster,20,M,3
7938015,sunilgupta,Jose,Taylor,62,M,4
9869780,shaurver,Shaurya,Verma,48,M,1
9869780,shaurver,Mason,Nguyen,60,M,2
9869780,shaurver,Alexander,Smith,61,F,3
9869780,shaurver,Nathan,Ruiz,69,F,4
3973489,ankisin6,Ankita,Singh,25,M,1
3973489,ankisin6,Andrew,Nguyen,70,F,2
3973489,ankisin6,Adam,Myers,58,F,3
6648124,aryansingh6,Aryan,Singh,66,M,1
6648124,aryansingh6,Ethan,Lewis,77,M,2
6648124,aryansingh6,Grayson,Nelson,23,M,3
6648124,aryansingh6,Adrian,Roberts,56,F,4
6648124,aryansingh6,John,Gomez,3,F,5
6648124,aryansingh6,Isaac,Reed,2,F,6
6648124,aryansingh6,Santiago,Brown,2,M,7
9012892,akshakulka,Akshay,Kulkarni,28,M,1
9012892,akshakulka,Eli,Jackson,74,F,2
4288958,neerapande,Neeraj,Pandey,34,M,1
4288958,neerapande,Leonardo,Lee,27,M,2
4288958,neerapande,David,Garcia,50,F,3
4288958,neerapande,Santiago,Allen,52,F,4
4288958,neerapande,Levi,Price,45,M,5
4023274,tanbanerj7,Tanmay,Banerjee,43,M,1
4023274,tanbanerj7,Mason,Peterson,24,F,2
4023274,tanbanerj7,Easton,Green,33,M,3
4023274,tanbanerj7,Jace,King,48,F,4
2530762,ganegupt,Ganesh,Gupta,42,M,1
2530762,ganegupt,Jeremiah,Adams,63,M,2
2530762,ganegupt,Hudson,Torres,36,F,3
9445060,chetameh74,Chetan,Mehta,20,M,1
9445060,chetameh74,Austin,Young,26,M,2
9445060,chetameh74,Dylan,Diaz,60,M,3
9445060,chetameh74,Ezekiel,Sanders,57,M,4
9445060,chetameh74,Cooper,Gonzalez,8,M,5
3518418,sudhiye,Sudhir,Iyer,65,M,1
3518418,sudhiye,Mateo,Jimenez,53,M,2
3518418,sudhiye,Julian,Morgan,61,F,3
3518418,sudhiye,Nathan,Perez,4,F,4
7884117,kartshu97,Kartik,Shukla,67,M,1
7884117,kartshu97,Angel,Flores,49,M,2
7884117,kartshu97,Greyson,Castillo,59,F,3
7884117,kartshu97,Roman,Cooper,4,F,4
7884117,kartshu97,Benjamin,Hernandez,4,F,5
1522288,dhrujoshi8,Dhruv,Joshi,41,M,1
1522288,dhrujoshi8,Thomas,Kim,41,F,2
1522288,dhrujoshi8,Julian,Cruz,63,M,3
1522288,dhrujoshi8,Christian,Lopez,47,M,4
1522288,dhrujoshi8,Luke,Turner,30,F,5
1161375,rishagoy56,Rishabh,Goyal,54,M,1
1161375,rishagoy56,Liam,Flores,53,M,2
1161375,rishagoy56,Jaxon,Long,35,M,3
1161375,rishagoy56,Samuel,Ward,5,M,4
8695190,laxmverma6,Laxmi,Verma,24,F,1
8695190,laxmverma6,Logan,Gonzalez,18,M,2
8695190,laxmverma6,Jordan,Ramos,35,M,3
1355085,adityamish11,Aditya,Mishra,58,M,1
1355085,adityamish11,Jaxon,Walker,73,F,2
1355085,adityamish11,Luke,Perez,18,F,3
1355085,adityamish11,Thomas,Ward,65,M,4
5399115,siddhbhat4,Siddharth,Bhatt,20,M,1
5399115,siddhbhat4,Jacob,Lee,60,F,2
5399115,siddhbhat4,Jayden,Stewart,30,F,3
5399115,siddhbhat4,Angel,Robinson,11,F,4
5399115,siddhbhat4,Levi,Lewis,11,F,5
6265568,shankakapoor,Shankar,Kapoor,66,M,1
6265568,shankakapoor,Jordan,Cruz,62,M,2
6265568,shankakapoor,Mason,Flores,52,M,3
6265568,shankakapoor,Carson,Perez,2,F,4
6679541,rakeshmeno8,Rakesh,Menon,64,M,1
6679541,rakeshmeno8,Noah,Taylor,59,M,2
6679541,rakeshmeno8,Hunter,Reyes,21,F,3
6679541,rakeshmeno8,Axel,Alvarez,40,F,4
5555964,kabiiye86,Kabir,Iyer,32,M,1
5555964,kabiiye86,Josiah,Garcia,17,F,2
5555964,kabiiye86,Nolan,Morgan,47,M,3
5555964,kabiiye86,Ezra,Martin,3,M,4
9353122,sarvkau,Sarvesh,Kaur,58,M,1
9353122,sarvkau,Thomas,Sanchez,47,M,2
9353122,sarvkau,William,Green,46,F,3
9353122,sarvkau,Liam,Bennett,80,F,4
9353122,sarvkau,Anthony,Young,43,F,5
9353122,sarvkau,Noah,Watson,56,M,6
4891856,ravshanka,Ravi,Shankar,49,M,1
4891856,ravshanka,Asher,Hill,37,F,2
4891856,ravshanka,Nolan,Cruz,7,M,3
3305091,rishagoy56,Rishabh,Goyal,54,M,1
3305091,rishagoy56,Xavier,Gomez,67,M,2
3305091,rishagoy56,Leonardo,Ruiz,41,M,3
3305091,rishagoy56,Joshua,Howard,76,M,4
3305091,rishagoy56,Parker,Thompson,75,F,5
5575472,pranashukl5,Pranav,Shukla,70,M,1
5575472,pranashukl5,Jameson,Parker,18,M,2
5575472,pranashukl5,James,Walker,73,F,3
5575472,pranashukl5,Elijah,Miller,2,M,4
5575472,pranashukl5,Wyatt,Kim,10,M,5
3344356,yashwiyer,Yashwant,Iyer,46,M,1
3344356,yashwiyer,Miles,Gonzalez,45,F,2
3344356,yashwiyer,Isaiah,Hill,19,M,3
3344356,yashwiyer,Brooks,Watson,72,F,4
3344356,yashwiyer,Aiden,James,20,F,5
3344356,yashwiyer,Nolan,Lee,52,F,6
2442674,vijaymal,Vijay,Malhotra,20,M,1
2442674,vijaymal,Ezra,Kelly,13,M,2
2442674,vijaymal,Parker,Wright,2,M,3
9604314,abhsin2,Abhay,Sinha,58,M,1
9604314,abhsin2,Oliver,Lewis,35,F,2
9604314,abhsin2,Christian,Ross,46,M,3
9604314,abhsin2,Luca,Martinez,66,M,4
9604314,abhsin2,Ezekiel,Jones,13,M,5
8151529,saipatel9,Sai,Patel,26,M,1
8151529,saipatel9,Sebastian,Castillo,60,F,2
8151529,saipatel9,Wyatt,Price,19,F,3
8151529,saipatel9,Nolan,Peterson,42,F,4
8151529,saipatel9,Eli,Evans,79,F,5
8151529,saipatel9,Gabriel,Mitchell,63,M,6
8151529,saipatel9,Robert,Hernandez,68,M,7
8577166,naresharma5,Narendra,Sharma,23,M,1
8577166,naresharma5,Carson,Wood,29,M,2
8577166,naresharma5,Carson,Peterson,48,F,3
8577166,naresharma5,Wyatt,Williams,66,M,4
4756771,dhrujoshi8,Dhruv,Joshi,41,M,1
4756771,dhrujoshi8,Jaxson,Lewis,31,M,2
4756771,dhrujoshi8,Grayson,Cook,29,M,3
4756771,dhrujoshi8,Michael,Jackson,68,M,4
1497970,vijaymal,Vijay,Malhotra,20,M,1
1497970,vijaymal,Colton,Reyes,52,F,2
1497970,vijaymal,Theodore,Perez,34,F,3
1497970,vijaymal,Jameson,Campbell,52,M,4
4518615,nikhchaud,Nikhil,Chaudhary,18,M,1
4518615,nikhchaud,John,Long,20,M,2
4518615,nikhchaud,Asher,Brown,45,F,3
4518615,nikhchaud,Dominic,Anderson,62,F,4
4518615,nikhchaud,James,Green,24,F,5
3032268,pridesh2,Priya,Deshmukh,34,F,1
3032268,pridesh2,Andrew,Harris,17,F,2
3032268,pridesh2,Xavier,Gutierrez,52,F,3
3032268,pridesh2,Liam,Morgan,7,M,4
5550951,saurabbos7,Saurabh,Bose,30,M,1
5550951,saurabbos7,Henry,Hill,21,M,2
5550951,saurabbos7,Jacob,Thomas,75,F,3
5550951,saurabbos7,Brooks,Mendoza,46,M,4
5550951,saurabbos7,Hudson,Castillo,13,M,5
4416605,adityamish11,Aditya,Mishra,58,M,1
4416605,adityamish11,Adam,Hill,36,F,2
4416605,adityamish11,Benjamin,Walker,33,F,3
4416605,adityamish11,Samuel,Walker,71,F,4
6726238,vijaymal,Vijay,Malhotra,20,M,1
6726238,vijaymal,Kai,Kelly,13,F,2
6726238,vijaymal,Austin,Bennett,31,M,3
6726238,vijaymal,Roman,Richardson,22,M,4
6726238,vijaymal,Lucas,Diaz,21,F,5
4116167,madhared,Madhav,Reddy,36,M,1
4116167,madhared,Grayson,Ward,73,F,2
4116167,madhared,Charles,Peterson,79,F,3
4116167,madhared,Matthew,Perez,10,F,4
4116167,madhared,Dylan,Wright,2,M,5
3844811,kajalyadav17,Kajal,Yadav,69,F,1
3844811,kajalyadav17,Robert,Hernandez,50,F,2
3844811,kajalyadav17,Jose,Foster,26,F,3
3844811,kajalyadav17,Henry,Gonzalez,38,M,4
3844811,kajalyadav17,Anthony,Hill,58,M,5
3844811,kajalyadav17,Aaron,Parker,4,F,6
8096073,siddhbhat4,Siddharth,Bhatt,20,M,1
8096073,siddhbhat4,Jonathan,Morris,73,M,2
8859994,mohareddy79,Mohan,Reddy,53,M,1
8859994,mohareddy79,Theodore,Edwards,52,M,2
8859994,mohareddy79,Wyatt,Roberts,66,F,3
1597827,saipatel9,Sai,Patel,26,M,1
1597827,saipatel9,Asher,Sanchez,48,F,2
1597827,saipatel9,Lucas,Myers,36,F,3
1597827,saipatel9,Carson,Roberts,7,M,4
1597827,saipatel9,Santiago,Harris,4,M,5
7112504,kunabhat11,Kunal,Bhatia,37,M,1
7112504,kunabhat11,Dylan,Hall,63,F,2
7112504,kunabhat11,Levi,Thompson,75,F,3
6144361,arytiwar9,Aryan,Tiwari,35,M,1
6144361,arytiwar9,Adam,Diaz,23,M,2
6144361,arytiwar9,Carter,Bennett,79,M,3
6144361,arytiwar9,Thomas,Myers,77,M,4
6144361,arytiwar9,Colton,Price,41,M,5
9705277,prarao54,Prakash,Rao,18,M,1
9705277,prarao54,Logan,Perez,20,F,2
9705277,prarao54,Cameron,Ward,13,F,3
9705277,prarao54,Jackson,Ross,36,F,4
5966933,arjmeh,Arjun,Mehta,52,M,1
5966933,arjmeh,Nolan,Davis,41,M,2
5966933,arjmeh,Anthony,Alvarez,41,M,3
5966933,arjmeh,Dylan,Murphy,69,F,4
1353083,radhikgupta7,Radhika,Gupta,51,F,1
1353083,radhikgupta7,Mateo,Cruz,56,M,2
1353083,radhikgupta7,Cameron,Bennett,47,F,3
1353083,radhikgupta7,Daniel,Clark,60,F,4
1353083,radhikgupta7,Angel,Howard,40,F,5
1353083,radhikgupta7,Jose,Ruiz,5,F,6
9141529,shyamdas89,Shyam,Das,20,M,1
9141529,shyamdas89,Ryan,Hernandez,22,M,2
9141529,shyamdas89,Wyatt,Phillips,9,F,3
2020228,ravshanka,Ravi,Shankar,49,M,1
2020228,ravshanka,Matthew,Sanchez,72,F,2
2020228,ravshanka,John,Garcia,38,F,3
2020228,ravshanka,Ian,Sanders,35,F,4
2020228,ravshanka,Jack,Roberts,79,M,5
2020228,ravshanka,Mason,Cox,4,F,6
8038503,jatkapoo3,Jatin,Kapoor,66,M,1
8038503,jatkapoo3,Carson,Garcia,57,F,2
8038503,jatkapoo3,Adam,Wilson,19,F,3
7188491,aninair73,Anil,Nair,58,M,1
7188491,aninair73,Connor,Hill,48,F,2
7188491,aninair73,Luca,Sanchez,28,M,3
7188491,aninair73,Silas,Long,46,F,4
7188491,aninair73,Roman,Cruz,35,F,5
7188491,aninair73,Adam,Myers,11,M,6
8115293,madhared,Madhav,Reddy,36,M,1
8115293,madhared,Henry,Lewis,73,M,2
8115293,madhared,Jaxon,Ward,37,F,3
8115293,madhared,Brooks,Jimenez,50,F,4
8115293,madhared,John,Thompson,34,M,5
8115293,madhared,Elijah,King,12,F,6
6233930,dhrujoshi8,Dhruv,Joshi,41,M,1
6233930,dhrujoshi8,Aaron,Watson,64,F,2
6233930,dhrujoshi8,Sebastian,Martin,39,F,3
6233930,dhrujoshi8,Jameson,Morris,51,M,4
6233930,dhrujoshi8,Logan,Miller,4,M,5
6233930,dhrujoshi8,Everett,Foster,10,M,6
1461898,shyamdas89,Shyam,Das,20,M,1
1461898,shyamdas89,Jace,Allen,66,F,2
1461898,shyamdas89,Roman,Bailey,32,M,3
1461898,shyamdas89,Lincoln,Harris,16,M,4
1461898,shyamdas89,Maverick,Stewart,76,F,5
6160187,rajeshred,Rajesh,Reddy,66,M,1
6160187,rajeshred,Axel,Ruiz,27,F,2
6160187,rajeshred,Jaxon,Alvarez,38,F,3
6160187,rajeshred,Daniel,Taylor,3,F,4
6160187,rajeshred,Nicholas,Hill,8,M,5
3703680,shankakapoor,Shankar,Kapoor,66,M,1
3703680,shankakapoor,Thomas,Cooper,54,M,2
3703680,shankakapoor,Levi,Martin,36,M,3
3703680,shankakapoor,Benjamin,Cooper,23,F,4
8616006,bhaverao5,Bhavesh,Rao,68,M,1
8616006,bhaverao5,Charles,Rodriguez,54,F,2
8616006,bhaverao5,Roman,Garcia,68,M,3
8616006,bhaverao5,Luca,Robinson,76,M,4
2782100,vaibsax,Vaibhav,Saxena,37,M,1
2782100,vaibsax,Aiden,Smith,49,F,2
2782100,vaibsax,Jayden,Ramirez,52,F,3
2782100,vaibsax,Kayden,Bennett,3,M,4
2782100,vaibsax,Leonardo,Jones,10,F,5
8189857,ishapat,Isha,Patel,23,F,1
8189857,ishapat,Isaiah,Ward,14,F,2
8189857,ishapat,Nicholas,Morris,31,M,3
2317982,meerasinha81,Meera,Sinha,40,F,1
2317982,meerasinha81,Joshua,Hall,55,F,2
2317982,meerasinha81,Adrian,Ward,69,F,3
2317982,meerasinha81,Robert,Roberts,62,M,4
2317982,meerasinha81,Cameron,Ramirez,1,M,5
2317982,meerasinha81,Adam,Anderson,8,F,6
2660595,laxmverma6,Laxmi,Verma,24,F,1
2660595,laxmverma6,Axel,Evans,39,F,2
2660595,laxmverma6,Logan,Rivera,80,M,3
8870059,vaibsax,Vaibhav,Saxena,37,M,1
8870059,vaibsax,Brooks,Myers,35,F,2
8870059,vaibsax,Anthony,Patel,70,F,3
8870059,vaibsax,Logan,Garcia,45,F,4
8870059,vaibsax,Christopher,Nguyen,1,M,5
4405842,poojnair,Pooja,Nair,67,F,1
4405842,poojnair,Wyatt,Robinson,22,F,2
4405842,poojnair,Landon,Castillo,71,M,3
9841181,tarujosh1,Tarun,Joshi,68,M,1
9841181,tarujosh1,Christopher,Baker,33,F,2
9841181,tarujosh1,Jace,Chavez,57,F,3
9841181,tarujosh1,Jaxon,Thomas,72,M,4
9841181,tarujosh1,Carson,Perez,9,M,5
9841181,tarujosh1,James,Jones,7,M,6
4907160,deerao1,Deepika,Rao,58,F,1
4907160,deerao1,Christian,Wilson,25,M,2
4907160,deerao1,Ian,Nguyen,46,M,3
4907160,deerao1,Colton,Price,73,F,4
8793693,sarvkau,Sarvesh,Kaur,58,M,1
8793693,sarvkau,Kayden,Thompson,48,F,2
8793693,sarvkau,Matthew,Chavez,76,F,3
8793693,sarvkau,Mason,Taylor,74,M,4
2646106,nileverma59,Nilesh,Verma,46,M,1
2646106,nileverma59,Leo,Moore,32,F,2
2646106,nileverma59,Connor,Collins,31,M,3
2646106,nileverma59,Dylan,Rivera,31,F,4
2646106,nileverma59,Levi,Cox,32,M,5
8128324,lakspat92,Lakshman,Patel,62,M,1
8128324,lakspat92,Jeremiah,Turner,15,F,2
8128324,lakspat92,Luca,Robinson,74,F,3
8128324,lakspat92,James,Cox,40,F,4
8128324,lakspat92,James,Adams,26,F,5
8128324,lakspat92,Sebastian,Perez,68,F,6
8040766,advanair,Advait,Nair,52,M,1
8040766,advanair,Greyson,Jones,12,M,2
8040766,advanair,Jose,Sanchez,47,F,3
8040766,advanair,Andrew,Williams,59,M,4
5246408,ayaareddy51,Ayaan,Reddy,46,M,1
5246408,ayaareddy51,Alexander,Gomez,78,F,2
5246408,ayaareddy51,Jack,Miller,17,F,3
5246408,ayaareddy51,Joseph,Edwards,64,M,4
5246408,ayaareddy51,Dominic,Lewis,6,F,5
5246408,ayaareddy51,Parker,Carter,3,M,6
5441062,pranashukl5,Pranav,Shukla,70,M,1
5441062,pranashukl5,Leo,Taylor,23,M,2
5441062,pranashukl5,Anthony,Kelly,23,M,3
5441062,pranashukl5,Asher,Howard,5,M,4
4597305,akshakulka,Akshay,Kulkarni,28,M,1
4597305,akshakulka,Levi,Howard,25,M,2
4597305,akshakulka,Hudson,Lee,41,F,3
4597305,akshakulka,David,Stewart,60,F,4
4597305,akshakulka,Xavier,Hall,71,M,5
4597305,akshakulka,Aiden,James,44,M,6
8829765,ishapat,Isha,Patel,23,F,1
8829765,ishapat,James,Jackson,17,M,2
8829765,ishapat,Jack,Jimenez,63,F,3
8829765,ishapat,Luca,Hall,8,M,4
3743556,mancha6,Manav,Chauhan,45,M,1
3743556,mancha6,Matthew,Ortiz,26,M,2
3743556,mancha6,Andrew,Sanders,45,M,3
3743556,mancha6,Noah,Davis,21,M,4
3743556,mancha6,Ian,Brown,32,M,5
9885931,vivakumar5,Vivaan,Kumar,45,M,1
9885931,vivakumar5,Theodore,Cruz,59,F,2
9885931,vivakumar5,Julian,Chavez,19,M,3
1698529,nehjos8,Neha,Joshi,18,F,1
1698529,nehjos8,Julian,Long,44,F,2
1698529,nehjos8,Lucas,Sanders,33,M,3
1698529,nehjos8,Ryan,Price,3,F,4
1698529,nehjos8,Elias,Flores,10,F,5
5162003,ayaareddy51,Ayaan,Reddy,46,M,1
5162003,ayaareddy51,Connor,Rodriguez,29,M,2
5162003,ayaareddy51,Luca,Campbell,56,F,3
5162003,ayaareddy51,Logan,Foster,33,M,4
5162003,ayaareddy51,Jackson,Clark,6,F,5
2649092,aryansingh6,Aryan,Singh,66,M,1
2649092,aryansingh6,Elijah,Watson,40,M,2
2649092,aryansingh6,Nicholas,Kim,8,F,3
8219881,tejaspati,Tejas,Patil,28,M,1
8219881,tejaspati,Jaxon,Price,63,M,2
8219881,tejaspati,Roman,Flores,52,M,3
8219881,tejaspati,Colton,Thompson,18,F,4
6610313,pankayada14,Pankaj,Yadav,63,M,1
6610313,pankayada14,Joseph,Lewis,41,F,2
6610313,pankayada14,James,Hernandez,48,F,3
6610313,pankayada14,David,Lee,43,F,4
6610313,pankayada14,Robert,Nelson,11,M,5
6610313,pankayada14,Benjamin,Davis,1,F,6
5370995,vaibsax,Vaibhav,Saxena,37,M,1
5370995,vaibsax,Everett,Adams,48,F,2
5370995,vaibsax,Lucas,Hernandez,71,M,3
6821503,sanjvarm58,Sanjay,Varma,52,M,1
6821503,sanjvarm58,Dylan,Hughes,18,M,2
6821503,sanjvarm58,Adam,White,40,M,3
7357376,anshshett96,Anshuman,Shetty,35,M,1
7357376,anshshett96,Liam,Richardson,41,M,2
7357376,anshshett96,Dominic,Reyes,57,F,3
7357376,anshshett96,Jose,Myers,37,M,4
4071887,sunilgupta,Sunil,Gupta,30,M,1
4071887,sunilgupta,Henry,Wood,75,M,2
4071887,sunilgupta,Jose,Brown,22,F,3
4071887,sunilgupta,David,Flores,11,F,4
4071887,sunilgupta,Thomas,Harris,5,M,5
5648311,vikapand3,Vikas,Pandey,57,M,1
5648311,vikapand3,Thomas,Hill,19,M,2
5648311,vikapand3,Elias,Thomas,66,M,3
5648311,vikapand3,Jordan,Bennett,1,F,4
5243931,rajeshred,Rajesh,Reddy,66,M,1
5243931,rajeshred,Joshua,Howard,52,F,2
5243931,rajeshred,Hunter,Peterson,43,F,3
5243931,rajeshred,Aiden,Moore,66,F,4
1251208,laxmverma6,Laxmi,Verma,24,F,1
1251208,laxmverma6,Jayden,Rivera,42,F,2
1251208,laxmverma6,Julian,Parker,9,F,3
3599761,omkarrao41,Omkar,Rao,68,M,1
3599761,omkarrao41,Asher,Lewis,62,F,2
3599761,omkarrao41,Ezekiel,Mitchell,33,M,3
3599761,omkarrao41,Hudson,Murphy,65,M,4
3599761,omkarrao41,Logan,Jones,65,M,5
3198357,akshakulka,Akshay,Kulkarni,28,M,1
3198357,akshakulka,Eli,Gutierrez,79,M,2
3198357,akshakulka,Caleb,Murphy,13,M,3
3198357,akshakulka,Everett,Baker,5,M,4
8900388,ritukapoo,Ritu,Kapoor,37,F,1
8900388,ritukapoo,Aiden,Wood,55,M,2
8900388,ritukapoo,Wesley,Harris,18,M,3
8900388,ritukapoo,Dominic,Thomas,5,M,4
7894630,pranashukl5,Pranav,Shukla,70,M,1
7894630,pranashukl5,Cooper,Sanders,47,M,2
7894630,pranashukl5,Miles,Thompson,32,M,3
7894630,pranashukl5,Maverick,Foster,6,M,4
7894630,pranashukl5,Asher,Williams,1,F,5
8804803,tarujosh1,Tarun,Joshi,68,M,1
8804803,tarujosh1,Brooks,Bennett,66,M,2
8804803,tarujosh1,Eli,Lopez,72,F,3
8804803,tarujosh1,Ethan,Davis,57,M,4
8804803,tarujosh1,Jace,Jones,78,F,5
8804803,tarujosh1,Carson,Martin,8,M,6
4829018,naresharma5,Narendra,Sharma,23,M,1
4829018,naresharma5,Easton,Perez,27,F,2
4829018,naresharma5,Levi,Adams,33,F,3
4829018,naresharma5,Elijah,Jones,55,F,4
4829018,naresharma5,Jaxon,Long,18,F,5
4639408,sudhiye,Sudhir,Iyer,65,M,1
4639408,sudhiye,Gabriel,Roberts,65,F,2
4639408,sudhiye,Julian,White,22,M,3
4639408,sudhiye,Julian,Turner,59,F,4
8518070,gaubhat7,Gaurav,Bhatt,68,M,1
8518070,gaubhat7,Benjamin,Hall,13,M,2
8518070,gaubhat7,Wyatt,King,71,M,3
8518070,gaubhat7,Hunter,Taylor,23,F,4
8518070,gaubhat7,Lucas,Watson,26,M,5
2727554,rajibhat69,Rajiv,Bhatia,61,M,1
2727554,rajibhat69,John,Williams,38,M,2
2727554,rajibhat69,Daniel,Martinez,12,M,3
2727554,rajibhat69,Alexander,Hernandez,4,M,4
7012689,ajayvarma,Ajay,Varma,36,M,1
7012689,ajayvarma,Parker,Ross,62,M,2
7012689,ajayvarma,Aiden,Garcia,20,M,3
7012689,ajayvarma,Lucas,Jackson,72,F,4
7012689,ajayvarma,Ezekiel,James,3,M,5
4284644,ritukapoo,Ritu,Kapoor,37,F,1
4284644,ritukapoo,Jacob,Garcia,41,F,2
4284644,ritukapoo,Daniel,Peterson,54,F,3
4284644,ritukapoo,Kai,Bailey,5,M,4
4284644,ritukapoo,Samuel,Morales,8,F,5
8931770,arytiwar9,Aryan,Tiwari,35,M,1
8931770,arytiwar9,Ethan,Taylor,69,F,2
8931770,arytiwar9,Elias,Campbell,44,F,3
8931770,arytiwar9,Daniel,Johnson,3,F,4
2051160,ritvikdes94,Ritvik,Deshmukh,26,M,1
2051160,ritvikdes94,Samuel,Mitchell,59,M,2
2051160,ritvikdes94,Andrew,Ross,52,M,3
2051160,ritvikdes94,Daniel,Scott,52,M,4
7330767,arytiwar9,Aryan,Tiwari,35,M,1
7330767,arytiwar9,Colton,Lopez,55,M,2
7330767,arytiwar9,Thomas,Cox,78,M,3
7330767,arytiwar9,Josiah,Ramirez,78,M,4
7330767,arytiwar9,Jaxson,Bailey,12,F,5
7330767,arytiwar9,Jaxon,Miller,1,M,6
9768101,prarao54,Prakash,Rao,18,M,1
9768101,prarao54,Angel,Nguyen,47,M,2
9768101,prarao54,Theodore,Young,19,M,3
9768101,prarao54,Lucas,Ruiz,36,M,4
9768101,prarao54,Oliver,Nguyen,22,M,5
9768101,prarao54,Parker,Parker,67,F,6
9768101,prarao54,Nolan,Baker,5,F,7
6004527,neerapande,Neeraj,Pandey,34,M,1
6004527,neerapande,Jordan,Edwards,79,F,2
6004527,neerapande,Gabriel,Kelly,14,M,3
6004527,neerapande,Jackson,Adams,5,M,4
6004527,neerapande,Colton,Lopez,9,M,5
5218582,rajibhat69,Rajiv,Bhatia,61,M,1
5218582,rajibhat69,Elias,Edwards,68,F,2
5218582,rajibhat69,Michael,Hill,67,F,3
5218582,rajibhat69,Elias,Kim,6,M,4
4422898,sanjvarm58,Sanjay,Varma,52,M,1
4422898,sanjvarm58,Dylan,Martinez,39,M,2
4422898,sanjvarm58,Hudson,Kelly,58,F,3
4422898,sanjvarm58,Grayson,Castillo,1,M,4
4422898,sanjvarm58,Maverick,Kelly,8,M,5
4380710,ishsin3,Ishaan,Sinha,68,M,1
4380710,ishsin3,Noah,Robinson,78,F,2
4380710,ishsin3,Isaac,White,23,F,3
4380710,ishsin3,Landon,Flores,76,F,4
4380710,ishsin3,Easton,Myers,47,M,5
9910246,ishapat,Isha,Patel,23,F,1
9910246,ishapat,Carter,Wilson,26,F,2
9910246,ishapat,Everett,Ruiz,64,F,3
9910246,ishapat,Isaiah,Flores,10,F,4
9337702,kunabhat11,Kunal,Bhatia,37,M,1
9337702,kunabhat11,Robert,Torres,61,F,2
9337702,kunabhat11,Carter,Stewart,22,M,3
4282548,dhrujoshi8,Dhruv,Joshi,41,M,1
4282548,dhrujoshi8,Nolan,Carter,80,F,2
4282548,dhrujoshi8,Michael,Wilson,31,M,3
4282548,dhrujoshi8,Easton,Ortiz,3,M,4
4873253,diliyadav,Dilip,Yadav,55,M,1
4873253,diliyadav,Leo,Martinez,37,M,2
4873253,diliyadav,Mason,Morris,40,F,3
4873253,diliyadav,Axel,Mendoza,22,F,4
4873253,diliyadav,Ryan,Davis,16,F,5
4873253,diliyadav,Everett,Parker,51,M,6
7642363,neerapande,Neeraj,Pandey,34,M,1
7642363,neerapande,Isaiah,Reed,40,M,2
7642363,neerapande,Jaxon,Thompson,64,F,3
7642363,neerapande,John,Jones,27,M,4
9240807,saurabbos7,Saurabh,Bose,30,M,1
9240807,saurabbos7,Christopher,Stewart,29,M,2
9240807,saurabbos7,Jaxson,Cox,71,F,3
9240807,saurabbos7,Kai,Bailey,41,F,4
9240807,saurabbos7,Everett,Campbell,47,F,5
9240807,saurabbos7,Leo,Lopez,6,F,6
1357902,shankakapoor,Shankar,Kapoor,66,M,1
1357902,shankakapoor,Kayden,Flores,41,F,2
1357902,shankakapoor,Luca,Perez,14,F,3
8728462,rajibhat69,Rajiv,Bhatia,61,M,1
8728462,rajibhat69,Lucas,King,34,M,2
8728462,rajibhat69,Santiago,Alvarez,48,M,3
8728462,rajibhat69,Leonardo,Cooper,65,M,4
8728462,rajibhat69,Colton,Young,48,F,5
8728462,rajibhat69,Michael,Gutierrez,49,F,6
9589400,ajayvarma,Ajay,Varma,36,M,1
9589400,ajayvarma,Samuel,Taylor,13,F,2
9589400,ajayvarma,Owen,Sanders,35,M,3
9589400,ajayvarma,Jackson,Edwards,21,F,4
9589400,ajayvarma,Joshua,Chavez,56,F,5
9589400,ajayvarma,Aaron,Evans,47,F,6
8372927,vaibsax,Vaibhav,Saxena,37,M,1
8372927,vaibsax,Roman,Peterson,65,M,2
8372927,vaibsax,Silas,Johnson,58,M,3
8372927,vaibsax,Carter,Cooper,14,M,4
8372927,vaibsax,Jordan,Gray,76,M,5
1001389,tarujosh1,Tarun,Joshi,68,M,1
1001389,tarujosh1,Sebastian,Allen,38,M,2
1001389,tarujosh1,Kai,Cox,55,F,3
1001389,tarujosh1,Elias,Robinson,46,M,4
1001389,tarujosh1,Nolan,Scott,33,M,5
9195099,aninair73,Anil,Nair,58,M,1
9195099,aninair73,Jaxson,Thompson,22,M,2
9195099,aninair73,Asher,Castillo,55,F,3
9195099,aninair73,Jameson,Reed,14,M,4
6842806,advanair,Advait,Nair,52,M,1
6842806,advanair,Luke,Parker,27,M,2
6842806,advanair,Asher,Smith,29,F,3
6842806,advanair,Everett,Hall,79,F,4
3661254,pankayada14,Pankaj,Yadav,63,M,1
3661254,pankayada14,Charles,Kim,43,M,2
3661254,pankayada14,Julian,Collins,50,M,3
3661254,pankayada14,Mason,Ward,71,F,4
3661254,pankayada14,Dylan,Edwards,64,F,5
3661254,pankayada14,Nathan,Peterson,57,M,6
7670948,vihaagupta99,Vihaan,Gupta,57,M,1
7670948,vihaagupta99,Anthony,White,63,M,2
7670948,vihaagupta99,Austin,Moore,63,M,3
7670948,vihaagupta99,Michael,Jackson,44,F,4
7670948,vihaagupta99,Mateo,Chavez,3,F,5
9483934,dhrujoshi8,Dhruv,Joshi,41,M,1
9483934,dhrujoshi8,Ezekiel,Collins,58,M,2
9483934,dhrujoshi8,Matthew,Scott,66,F,3
9483934,dhrujoshi8,Jaxon,Garcia,5,M,4
1834232,naveekumar,Naveen,Kumar,56,M,1
1834232,naveekumar,Carter,Cook,59,M,2
1834232,naveekumar,Wyatt,Parker,36,M,3
1834232,naveekumar,Luke,Clark,12,F,4
1834232,naveekumar,Jose,King,7,M,5
6683389,jatkapoo3,Jatin,Kapoor,66,M,1
6683389,jatkapoo3,Carter,Ortiz,14,M,2
6683389,jatkapoo3,Charles,Morris,13,F,3
6683389,jatkapoo3,Caleb,King,16,M,4
6683389,jatkapoo3,James,Jimenez,35,M,5
6683389,jatkapoo3,Colton,Flores,1,M,6
1386445,rajibhat69,Rajiv,Bhatia,61,M,1
1386445,rajibhat69,Brooks,Morales,21,F,2
1386445,rajibhat69,David,Baker,52,F,3
2307287,ravshanka,Ravi,Shankar,49,M,1
2307287,ravshanka,Jace,Perez,40,M,2
2307287,ravshanka,Jayden,Foster,25,F,3
5254142,radhikgupta7,Radhika,Gupta,51,F,1
5254142,radhikgupta7,Charles,Scott,54,M,2
5254142,radhikgupta7,Matthew,Watson,61,M,3
5254142,radhikgupta7,Jaxon,Ramos,54,F,4
5254142,radhikgupta7,Daniel,Cox,10,F,5
3325468,pankayada14,Pankaj,Yadav,63,M,1
3325468,pankayada14,Jace,Mendoza,16,M,2
3325468,pankayada14,Dylan,Ward,17,M,3
3325468,pankayada14,Carter,Phillips,1,F,4
5913050,aninair73,Anil,Nair,58,M,1
5913050,aninair73,Greyson,Walker,80,F,2
6560725,tuspillai31,Tushar,Pillai,51,M,1
6560725,tuspillai31,Christopher,Jackson,74,F,2
6560725,tuspillai31,Luca,Nguyen,74,M,3
6560725,tuspillai31,Easton,Evans,11,F,4
6560725,tuspillai31,Leonardo,Edwards,4,F,5
6748913,meerasinha81,Meera,Sinha,40,F,1
6748913,meerasinha81,Liam,Alvarez,74,F,2
6748913,meerasinha81,Josiah,Bennett,43,F,3
6748913,meerasinha81,Joshua,Peterson,53,M,4
3860671,sunilgupta,Sunil,Gupta,30,M,1
3860671,sunilgupta,Caleb,Long,28,M,2
3860671,sunilgupta,Luca,Gonzalez,71,F,3
3860671,sunilgupta,Sebastian,Ward,66,F,4
3860671,sunilgupta,David,Ortiz,75,F,5
4401102,sunilgupta,Sunil,Gupta,30,M,1
4401102,sunilgupta,Carter,Smith,51,F,2
4401102,sunilgupta,Xavier,Wright,55,M,3
4401102,sunilgupta,Gabriel,Diaz,11,F,4
1689525,sakbhat9,Sakshi,Bhatia,69,F,1
1689525,sakbhat9,Hudson,Long,25,F,2
1689525,sakbhat9,Everett,Harris,28,F,3
1689525,sakbhat9,Jordan,Robinson,65,M,4
1338991,ganegupt,Ganesh,Gupta,42,M,1
1338991,ganegupt,Jaxson,Foster,21,F,2
1338991,ganegupt,Ezekiel,Gray,10,M,3
3689154,adityamish11,Aditya,Mishra,58,M,1
3689154,adityamish11,Anthony,Morgan,71,M,2
3689154,adityamish11,Elijah,Mendoza,38,M,3
3689154,adityamish11,Aiden,Kelly,78,M,4
3689154,adityamish11,Noah,Sanders,25,M,5
3689154,adityamish11,Maverick,Nelson,59,M,6
1750916,aninair73,Anil,Nair,58,M,1
1750916,aninair73,Austin,Edwards,49,F,2
1750916,aninair73,Ethan,James,21,M,3
1750916,aninair73,Julian,Smith,11,M,4
1750916,aninair73,Owen,Reyes,2,F,5
5860080,harshsaxena68,Harsh,Saxena,48,M,1
5860080,harshsaxena68,Jayden,Gray,17,M,2
5860080,harshsaxena68,Jaxson,Garcia,46,M,3
5860080,harshsaxena68,Anthony,Howard,5,F,4
2169264,kartshu97,Kartik,Shukla,67,M,1
2169264,kartshu97,Alexander,Murphy,52,M,2
2169264,kartshu97,Isaac,Campbell,61,M,3
2169264,kartshu97,Benjamin,Roberts,17,M,4
2169264,kartshu97,Kai,Gonzalez,61,M,5
2115677,ankisin6,Ankita,Singh,25,M,1
2115677,ankisin6,Jacob,Clark,55,M,2
2115677,ankisin6,Joshua,Murphy,15,M,3
2115677,ankisin6,Dylan,Taylor,51,M,4
6368645,ritvikdes94,Ritvik,Deshmukh,26,M,1
6368645,ritvikdes94,Mason,Williams,35,F,2
6368645,ritvikdes94,Adrian,Richardson,46,M,3
6368645,ritvikdes94,Caleb,Phillips,38,F,4
6368645,ritvikdes94,Kayden,Rogers,7,M,5
2012251,diliyadav,Dilip,Yadav,55,M,1
2012251,diliyadav,Landon,Reyes,28,M,2
2012251,diliyadav,Kayden,Sanders,53,F,3
2012251,diliyadav,Nathan,Richardson,13,F,4
3099691,deerao1,Deepika,Rao,58,F,1
3099691,deerao1,David,Martin,14,F,2
3099691,deerao1,Silas,Ruiz,6,M,3
7834158,kabiiye86,Kabir,Iyer,32,M,1
7834158,kabiiye86,Sebastian,Anderson,17,F,2
7834158,kabiiye86,Dylan,Flores,52,M,3
7834158,kabiiye86,Maverick,Morgan,17,F,4
7834158,kabiiye86,Samuel,Lopez,32,F,5
7834158,kabiiye86,Lincoln,Peterson,9,F,6
3819510,hemantshet,Hemant,Shetty,22,M,1
3819510,hemantshet,Asher,Harris,23,M,2
3819510,hemantshet,Eli,Green,63,M,3
3819510,hemantshet,Landon,Morales,40,F,4
3819510,hemantshet,Carter,Davis,3,M,5
1662808,udagupt4,Uday,Gupta,67,M,1
1662808,udagupt4,Xavier,Martinez,80,F,2
1662808,udagupt4,Oliver,Carter,61,M,3
1662808,udagupt4,Isaac,Rodriguez,17,M,4
1662808,udagupt4,Parker,Alvarez,67,M,5
1662808,udagupt4,Austin,Peterson,49,F,6
1662808,udagupt4,Carter,Price,8,M,7
4029588,prarao54,Prakash,Rao,18,M,1
4029588,prarao54,Asher,Rodriguez,24,F,2
4029588,prarao54,Jose,Williams,67,M,3
4029588,prarao54,Wesley,Sanders,54,F,4
4029588,prarao54,Theodore,Ortiz,7,F,5
4029588,prarao54,Jordan,Green,3,M,6
6512557,siddhbhat4,Siddharth,Bhatt,20,M,1
6512557,siddhbhat4,Mateo,Jackson,62,F,2
6512557,siddhbhat4,Lucas,Gomez,25,M,3
6512557,siddhbhat4,Gabriel,Sanchez,49,F,4
6512557,siddhbhat4,Anthony,Reyes,66,M,5
6512557,siddhbhat4,Cooper,Martinez,57,M,6
2500388,siddhbhat4,Siddharth,Bhatt,20,M,1
2500388,siddhbhat4,Lincoln,Kelly,32,M,2
2500388,siddhbhat4,Logan,Kelly,66,M,3
2500388,siddhbhat4,Jace,Carter,12,M,4
2500388,siddhbhat4,Julian,Martin,7,M,5
9012604,advanair,Advait,Nair,52,M,1
9012604,advanair,Everett,Bailey,21,F,2
9012604,advanair,Carter,Chavez,46,M,3
9012604,advanair,Parker,King,49,M,4
9072236,kartshu97,Kartik,Shukla,67,M,1
9072236,kartshu97,Silas,Mitchell,31,M,2
9072236,kartshu97,Mason,Scott,29,M,3
9072236,kartshu97,Dominic,Cruz,40,M,4
7393748,aryansingh6,Aryan,Singh,66,M,1
7393748,aryansingh6,Elias,Thomas,25,M,2
7393748,aryansingh6,Jaxson,Long,23,M,3
7393748,aryansingh6,Isaiah,Morales,8,F,4
7393748,aryansingh6,Luca,Martin,2,M,5
9771992,udagupt4,Uday,Gupta,67,M,1
9771992,udagupt4,Cooper,Clark,61,F,2
9771992,udagupt4,Jeremiah,Wright,77,M,3
9771992,udagupt4,Sebastian,Gonzalez,49,F,4
9771992,udagupt4,Andrew,Ramos,8,M,5
7526642,aaravshar,Aarav,Sharma,34,M,1
7526642,aaravshar,Hunter,Long,61,M,2
7526642,aaravshar,Nathan,Reyes,28,F,3
7526642,aaravshar,Ezekiel,Alvarez,43,F,4
7526642,aaravshar,Ezra,Walker,5,M,5
4362741,vaibsax,Vaibhav,Saxena,37,M,1
4362741,vaibsax,Charles,Gomez,72,M,2
4362741,vaibsax,Jack,Price,61,M,3
4362741,vaibsax,Ethan,Roberts,2,M,4
7036697,sunilgupta,Sunil,Gupta,30,M,1
7036697,sunilgupta,Christian,Moore,12,F,2
7036697,sunilgupta,Maverick,Carter,54,M,3
7036697,sunilgupta,Jackson,Bennett,8,F,4
7036697,sunilgupta,Kayden,Watson,8,M,5
1672107,kunabhat11,Kunal,Bhatia,37,M,1
1672107,kunabhat11,Easton,Cruz,28,F,2
1672107,kunabhat11,Ryan,Carter,17,F,3
1672107,kunabhat11,Hunter,Ramirez,59,F,4
1672107,kunabhat11,Nolan,Mitchell,2,M,5
8601796,vaibsax,Vaibhav,Saxena,37,M,1
8601796,vaibsax,Gabriel,Campbell,61,M,2
8601796,vaibsax,Charles,Wood,13,F,3
8601796,vaibsax,Jameson,Moore,80,M,4
8601796,vaibsax,Jacob,Campbell,5,M,5
6459836,vivmish71,Vivek,Mishra,64,M,1
6459836,vivmish71,Santiago,Kim,54,F,2
6459836,vivmish71,Kai,Morgan,32,F,3
6459836,vivmish71,Elijah,Miller,5,M,4
6459836,vivmish71,Greyson,Reed,8,M,5
5186649,aninair73,Anil,Nair,58,M,1
5186649,aninair73,Asher,Price,60,F,2
5186649,aninair73,Dylan,Hernandez,17,F,3
5186649,aninair73,Aiden,Edwards,10,F,4
5759429,hemantshet,Hemant,Shetty,22,M,1
5759429,hemantshet,Nathan,Ward,61,F,2
5759429,hemantshet,Nolan,Jackson,64,M,3
5759429,hemantshet,Thomas,Ruiz,62,F,4
4072291,prarao54,Prakash,Rao,18,M,1
4072291,prarao54,Eli,Rogers,37,M,2
4072291,prarao54,Kai,Garcia,51,F,3
4072291,prarao54,Christopher,Rogers,11,M,4
8716469,vihaagupta99,Vihaan,Gupta,57,M,1
8716469,vihaagupta99,Connor,Gutierrez,16,M,2
8716469,vihaagupta99,Luke,Johnson,1,F,3
9325823,aninair73,Anil,Nair,58,M,1
9325823,aninair73,Ethan,Jones,17,M,2
9325823,aninair73,Julian,Cooper,21,F,3
9325823,aninair73,Nicholas,Ramos,3,F,4
9325823,aninair73,Miles,Gutierrez,9,M,5
9127284,vaibsax,Vaibhav,Saxena,37,M,1
9127284,vaibsax,Sebastian,Scott,65,F,2
9127284,vaibsax,Landon,Rogers,31,M,3
9127284,vaibsax,Maverick,Mitchell,55,M,4
7715376,lakspat92,Lakshman,Patel,62,M,1
7715376,lakspat92,Anthony,Campbell,63,M,2
7715376,lakspat92,Kai,Robinson,57,F,3
7715376,lakspat92,Kayden,Cook,36,M,4
7715376,lakspat92,Silas,Phillips,29,F,5
7715376,lakspat92,Ezekiel,Nguyen,35,F,6
7715376,lakspat92,Ethan,Cook,3,M,7
3023327,akshakulka,Akshay,Kulkarni,28,M,1
3023327,akshakulka,John,Chavez,14,M,2
8908199,naresharma5,Narendra,Sharma,23,M,1
8908199,naresharma5,Kai,Gonzalez,19,M,2
8908199,naresharma5,John,Miller,71,F,3
8908199,naresharma5,Elias,Watson,5,M,4
8697899,tarujosh1,Tarun,Joshi,68,M,1
8697899,tarujosh1,Adrian,Rogers,26,F,2
8697899,tarujosh1,Jackson,Edwards,38,F,3
8697899,tarujosh1,Owen,Morales,16,F,4
8697899,tarujosh1,Easton,Lee,36,F,5
8697899,tarujosh1,Jameson,Smith,33,F,6
6609021,harshsaxena68,Harsh,Saxena,48,M,1
6609021,harshsaxena68,Ezekiel,Howard,72,F,2
6609021,harshsaxena68,Nathan,Gray,67,F,3
6609021,harshsaxena68,Daniel,Taylor,28,M,4
3607638,ritvikdes94,Ritvik,Deshmukh,26,M,1
3607638,ritvikdes94,Mateo,Richardson,38,F,2
3641539,tuspillai31,Tushar,Pillai,51,M,1
3641539,tuspillai31,Hudson,Cooper,21,M,2
3641539,tuspillai31,Wesley,Rogers,42,F,3
3641539,tuspillai31,Isaiah,Martinez,1,M,4
8804155,rajeshred,Rajesh,Reddy,66,M,1
8804155,rajeshred,Anthony,Rodriguez,16,M,2
8804155,rajeshred,Gabriel,Phillips,4,M,3
7652168,kabiiye86,Kabir,Iyer,32,M,1
7652168,kabiiye86,Logan,Gonzalez,65,F,2
7652168,kabiiye86,Jackson,Murphy,80,F,3
7652168,kabiiye86,Christian,Moore,55,M,4
7652168,kabiiye86,Santiago,Collins,9,M,5
9386516,madhared,Madhav,Reddy,36,M,1
9386516,madhared,Logan,Ross,79,M,2
9386516,madhared,Cooper,Thomas,29,M,3
9386516,madhared,Jaxon,Peterson,21,F,4
9386516,madhared,Liam,Campbell,3,M,5
9788956,rishagoy56,Rishabh,Goyal,54,M,1
9788956,rishagoy56,Theodore,Young,45,M,2
9788956,rishagoy56,Cameron,Williams,65,M,3
9788956,rishagoy56,Brooks,Davis,13,M,4
9788956,rishagoy56,Wyatt,Wright,21,F,5
7512976,shankakapoor,Shankar,Kapoor,66,M,1
7512976,shankakapoor,Christopher,Reed,76,F,2
7512976,shankakapoor,Christian,Bennett,74,F,3
7512976,shankakapoor,Henry,Morales,28,F,4
7512976,shankakapoor,Henry,Morgan,7,M,5
6875073,naveekumar,Naveen,Kumar,56,M,1
6875073,naveekumar,Nicholas,King,22,M,2
6875073,naveekumar,Jacob,Cox,46,F,3
8693579,kajalyadav17,Kajal,Yadav,69,F,1
8693579,kajalyadav17,Jack,Lee,73,F,2
8693579,kajalyadav17,Ryan,Anderson,51,F,3
8693579,kajalyadav17,Hudson,Bennett,15,M,4
8693579,kajalyadav17,Maverick,Robinson,62,M,5
8693579,kajalyadav17,Jace,Turner,77,M,6
5416298,shaurver,Shaurya,Verma,48,M,1
5416298,shaurver,Cameron,Campbell,13,M,2
5416298,shaurver,Owen,Myers,50,M,3
5416298,shaurver,Parker,Smith,29,M,4
4344677,vivakumar5,Vivaan,Kumar,45,M,1
4344677,vivakumar5,Aaron,Mitchell,25,F,2
4344677,vivakumar5,Thomas,Evans,54,M,3
4344677,vivakumar5,Hunter,James,2,M,4
2243021,saurabbos7,Saurabh,Bose,30,M,1
2243021,saurabbos7,Jeremiah,Jones,51,F,2
2243021,saurabbos7,Ethan,Walker,37,M,3
2243021,saurabbos7,Owen,King,10,F,4
9880220,sudhiye,Sudhir,Iyer,65,M,1
9880220,sudhiye,Nicholas,Kelly,20,F,2
9880220,sudhiye,Jameson,Evans,51,F,3
9880220,sudhiye,Aaron,Rivera,1,M,4
9873831,nikhchaud,Nikhil,Chaudhary,18,M,1
9873831,nikhchaud,Jonathan,Roberts,80,M,2
9873831,nikhchaud,Jeremiah,Moore,44,M,3
9873831,nikhchaud,Jameson,Reed,11,M,4
7722027,bhaverao5,Bhavesh,Rao,68,M,1
7722027,bhaverao5,Asher,Williams,68,M,2
7722027,bhaverao5,Wyatt,Morales,25,F,3
7722027,bhaverao5,Kai,Ramirez,4,F,4
7722027,bhaverao5,Gabriel,Roberts,6,M,5
8988538,arjmeh,Arjun,Mehta,52,M,1
8988538,arjmeh,David,Hughes,61,M,2
8988538,arjmeh,Owen,Lopez,9,F,3
8352557,madhared,Madhav,Reddy,36,M,1
8352557,madhared,Aaron,Kim,19,F,2
8352557,madhared,Jose,King,69,M,3
8352557,madhared,Ezekiel,Ramirez,17,M,4
9924392,neerapande,Neeraj,Pandey,34,M,1
9924392,neerapande,Angel,Rodriguez,15,F,2
9924392,neerapande,Colton,Nelson,47,M,3
9924392,neerapande,Grayson,Watson,57,F,4
9924392,neerapande,Jonathan,Phillips,5,F,5
3901216,chetameh74,Chetan,Mehta,20,M,1
3901216,chetameh74,Elias,Clark,49,F,2
3901216,chetameh74,Easton,Baker,50,M,3
3901216,chetameh74,Leo,Martinez,13,F,4
3901216,chetameh74,Greyson,Parker,42,M,5
3901216,chetameh74,Ezra,Anderson,75,F,6
1018026,tejaspati,Tejas,Patil,28,M,1
1018026,tejaspati,Kayden,Castillo,79,M,2
1018026,tejaspati,Jonathan,Thompson,56,F,3
1018026,tejaspati,Nolan,Baker,75,F,4
1411414,siddhbhat4,Siddharth,Bhatt,20,M,1
1411414,siddhbhat4,Thomas,Kim,18,F,2
1411414,siddhbhat4,Cooper,Evans,38,F,3
1411414,siddhbhat4,Gabriel,Edwards,34,M,4
1411414,siddhbhat4,Maverick,Baker,25,F,5
1411414,siddhbhat4,Asher,Clark,8,M,6
5837824,adityamish11,Aditya,Mishra,58,M,1
5837824,adityamish11,Xavier,Castillo,54,F,2
5837824,adityamish11,Carson,Wilson,40,F,3
7136977,tarujosh1,Tarun,Joshi,68,M,1
7136977,tarujosh1,Elijah,Collins,13,M,2
7136977,tarujosh1,Logan,Davis,30,M,3
7136977,tarujosh1,Nolan,Reed,33,M,4
7136977,tarujosh1,Elijah,Baker,72,M,5
3455668,mohareddy79,Mohan,Reddy,53,M,1
3455668,mohareddy79,Angel,White,21,F,2
3455668,mohareddy79,Aiden,Hernandez,66,F,3
3455668,mohareddy79,Luca,Walker,38,F,4
3455668,mohareddy79,Jeremiah,Hughes,64,M,5
3455668,mohareddy79,Sebastian,Anderson,19,M,6
8504682,ganegupt,Ganesh,Gupta,42,M,1
8504682,ganegupt,Gabriel,Collins,68,F,2
8504682,ganegupt,Thomas,Mendoza,47,M,3
8504682,ganegupt,Alexander,Cruz,2,M,4
8504682,ganegupt,Theodore,Allen,7,M,5
1750244,mohareddy79,Mohan,Reddy,53,M,1
1750244,mohareddy79,Adrian,Taylor,17,F,2
1750244,mohareddy79,Charles,Hall,46,F,3
7783993,saipatel9,Sai,Patel,26,M,1
7783993,saipatel9,Dylan,Sanchez,74,M,2
7783993,saipatel9,Anthony,Lee,52,F,3
7783993,saipatel9,Matthew,Harris,3,M,4
1961636,rajeshred,Rajesh,Reddy,66,M,1
1961636,rajeshred,Hudson,Evans,68,F,2
1961636,rajeshred,Benjamin,James,63,M,3
1961636,rajeshred,Ryan,Ramirez,12,F,4
1961636,rajeshred,Aiden,Lopez,3,F,5
1961636,rajeshred,Gabriel,Myers,1,F,6
1335480,ravshanka,Ravi,Shankar,49,M,1
1335480,ravshanka,William,Reyes,46,M,2
1335480,ravshanka,Leo,Jimenez,58,M,3
1335480,ravshanka,Anthony,Scott,2,M,4
7248016,ankisin6,Ankita,Singh,25,M,1
7248016,ankisin6,Jeremiah,Scott,60,M,2
7248016,ankisin6,Sebastian,Reyes,68,F,3
7248016,ankisin6,Lincoln,Wright,63,F,4
7248016,ankisin6,Brooks,Ramirez,11,F,5
9181493,abhsin2,Abhay,Sinha,58,M,1
9181493,abhsin2,Daniel,Morris,60,F,2
9181493,abhsin2,Caleb,Gomez,73,M,3
9181493,abhsin2,Landon,Perez,51,M,4
7745590,ganegupt,Ganesh,Gupta,42,M,1
7745590,ganegupt,Roman,White,32,F,2
7745590,ganegupt,Jayden,Hill,46,M,3
7745590,ganegupt,Wesley,Diaz,54,F,4
7745590,ganegupt,Ian,Taylor,9,M,5
7745590,ganegupt,Miles,Thompson,4,M,6
7586331,shyamdas89,Shyam,Das,20,M,1
7586331,shyamdas89,Jonathan,Rivera,32,F,2
7586331,shyamdas89,Nicholas,Rivera,60,F,3
7586331,shyamdas89,Isaac,Gutierrez,2,F,4
7296458,siddhbhat4,Siddharth,Bhatt,20,M,1
7296458,siddhbhat4,Nolan,Watson,56,F,2
7296458,siddhbhat4,Joshua,Wright,67,F,3
7296458,siddhbhat4,Nathan,Harris,27,F,4
9825265,vivmish71,Vivek,Mishra,64,M,1
9825265,vivmish71,Leo,Bennett,22,M,2
9825265,vivmish71,Gabriel,Turner,80,F,3
9825265,vivmish71,Anthony,Nguyen,74,F,4
9825265,vivmish71,Angel,Hughes,16,M,5
7204336,sakbhat9,Sakshi,Bhatia,69,F,1
7204336,sakbhat9,Aaron,Nelson,42,F,2
7204336,sakbhat9,Greyson,Thompson,46,F,3
7204336,sakbhat9,Greyson,Cooper,77,F,4
7204336,sakbhat9,Eli,Scott,5,F,5
7204336,sakbhat9,Oliver,Flores,9,F,6
2294448,sunilgupta,Sunil,Gupta,30,M,1
2294448,sunilgupta,Kai,Bennett,72,F,2
2294448,sunilgupta,Wyatt,White,16,F,3
2294448,sunilgupta,Liam,Gomez,50,F,4
2294448,sunilgupta,Luca,Baker,62,M,5
1115981,rahudas19,Rahul,Das,69,M,1
1115981,rahudas19,Jonathan,Baker,39,M,2
1115981,rahudas19,Thomas,Brooks,54,F,3
5453036,anshshett96,Anshuman,Shetty,35,M,1
5453036,anshshett96,Robert,Nguyen,48,M,2
5453036,anshshett96,Adrian,Scott,20,F,3
5453036,anshshett96,Matthew,Long,14,F,4
2999164,krishyada6,Krishna,Yadav,49,M,1
2999164,krishyada6,Austin,Campbell,33,F,2
2999164,krishyada6,Landon,Jackson,50,F,3
2999164,krishyada6,Levi,Hernandez,38,M,4
5749634,rudmalhot,Rudra,Malhotra,49,M,1
5749634,rudmalhot,Parker,Anderson,35,F,2
5749634,rudmalhot,Daniel,Peterson,33,F,3
5749634,rudmalhot,Mason,Richardson,43,F,4
7414903,yashwiyer,Yashwant,Iyer,46,M,1
7414903,yashwiyer,Robert,Ramirez,27,F,2
7414903,yashwiyer,Luke,Hall,35,F,3
7414903,yashwiyer,Parker,Turner,47,F,4
6223424,jatkapoo3,Jatin,Kapoor,66,M,1
6223424,jatkapoo3,Kai,Patel,72,M,2
6223424,jatkapoo3,Adam,Brooks,31,F,3
6223424,jatkapoo3,Julian,Nguyen,12,F,4
6223424,jatkapoo3,Austin,Jackson,1,M,5
2765466,vivakumar5,Vivaan,Kumar,45,M,1
2765466,vivakumar5,Jaxson,Price,18,F,2
2765466,vivakumar5,Miles,Myers,23,M,3
2765466,vivakumar5,Josiah,Price,27,F,4
2765466,vivakumar5,David,Perez,10,F,5
8285005,dhrujoshi8,Dhruv,Joshi,41,M,1
8285005,dhrujoshi8,Ian,Phillips,21,F,2
8285005,dhrujoshi8,Silas,Murphy,32,M,3
8285005,dhrujoshi8,Connor,Campbell,2,F,4
6029605,tuspillai31,Tushar,Pillai,51,M,1
6029605,tuspillai31,Asher,Thomas,28,M,2
6029605,tuspillai31,Mason,Myers,73,F,3
6029605,tuspillai31,Ryan,James,27,M,4
6029605,tuspillai31,Hudson,Edwards,8,F,5
6029605,tuspillai31,Ryan,Phillips,11,M,6
6714470,dhrujoshi8,Dhruv,Joshi,41,M,1
6714470,dhrujoshi8,Matthew,Harris,41,M,2
6714470,dhrujoshi8,Thomas,Jones,63,M,3
6714470,dhrujoshi8,Elias,Miller,66,M,4
6714470,dhrujoshi8,Hunter,Hall,64,M,5
5163171,sarvkau,Sarvesh,Kaur,58,M,1
5163171,sarvkau,Josiah,Flores,45,M,2
5163171,sarvkau,Isaiah,Murphy,66,M,3
5163171,sarvkau,Carter,Alvarez,7,F,4
5163171,sarvkau,Isaiah,Thompson,1,M,5
4418504,shaurver,Shaurya,Verma,48,M,1
4418504,shaurver,Mateo,Lewis,22,M,2
4418504,shaurver,Maverick,King,67,M,3
4418504,shaurver,Austin,Sanders,24,F,4
4418504,shaurver,Hudson,Wright,6,M,5
9525197,krishyada6,Krishna,Yadav,49,M,1
9525197,krishyada6,Leo,Adams,59,M,2
9525197,krishyada6,Elias,Foster,14,M,3
9525197,krishyada6,Joseph,Ruiz,26,F,4
9525197,krishyada6,Brooks,Williams,1,F,5
9455111,nikhchaud,Nikhil,Chaudhary,18,M,1
9455111,nikhchaud,Joseph,Allen,76,F,2
9455111,nikhchaud,Brooks,Richardson,39,M,3
9455111,nikhchaud,Everett,White,11,M,4
1441514,kabiiye86,Kabir,Iyer,32,M,1
1441514,kabiiye86,Carter,Martinez,13,M,2
1441514,kabiiye86,Hunter,Brooks,12,M,3
1441514,kabiiye86,Nicholas,Cox,8,M,4
2383755,sandjoshi49,Sandeep,Joshi,69,M,1
2383755,sandjoshi49,Cameron,Cruz,46,F,2
2383755,sandjoshi49,Leonardo,Brown,71,M,3
2383755,sandjoshi49,Adrian,Myers,3,F,4
5056669,tejaspati,Tejas,Patil,28,M,1
5056669,tejaspati,Angel,Smith,35,F,2
5056669,tejaspati,Adrian,White,29,M,3
5056669,tejaspati,Cooper,Harris,3,M,4
5056669,tejaspati,Benjamin,Rogers,11,M,5
7244614,neerapande,Neeraj,Pandey,34,M,1
7244614,neerapande,Aiden,Rogers,18,M,2
7244614,neerapande,Adam,Watson,31,F,3
7244614,neerapande,Jordan,Hill,33,M,4
6578263,pranashukl5,Pranav,Shukla,70,M,1
6578263,pranashukl5,Christian,Kim,52,F,2
6578263,pranashukl5,William,Sanders,39,M,3
6578263,pranashukl5,Daniel,Jimenez,51,F,4
6464056,nehjos8,Neha,Joshi,18,F,1
6464056,nehjos8,Hunter,Lewis,65,F,2
6464056,nehjos8,James,Lewis,12,M,3
6464056,nehjos8,Everett,Hall,6,M,4
7832263,vihaagupta99,Vihaan,Gupta,57,M,1
7832263,vihaagupta99,Joshua,Foster,39,M,2
7832263,vihaagupta99,Theodore,James,15,M,3
7832263,vihaagupta99,Oliver,Reyes,20,F,4
7832263,vihaagupta99,Wesley,Sanders,66,M,5
7832263,vihaagupta99,Julian,Hall,7,F,6
7832263,vihaagupta99,Julian,Perez,9,F,7
6500995,rajibhat69,Rajiv,Bhatia,61,M,1
6500995,rajibhat69,Liam,Phillips,75,M,2
6500995,rajibhat69,Ian,Peterson,62,F,3
2385372,kunabhat11,Kunal,Bhatia,37,M,1
2385372,kunabhat11,Jose,Chavez,50,F,2
2385372,kunabhat11,Santiago,Kim,39,M,3
2385372,kunabhat11,Brooks,Baker,11,M,4
6206704,shyamdas89,Shyam,Das,20,M,1
6206704,shyamdas89,Xavier,Long,80,M,2
6206704,shyamdas89,Landon,Jackson,47,F,3
6206704,shyamdas89,Noah,Collins,56,F,4
6664709,arjmeh,Arjun,Mehta,52,M,1
6664709,arjmeh,James,Anderson,62,F,2
6664709,arjmeh,Alexander,Walker,53,F,3
6664709,arjmeh,Maverick,Stewart,9,F,4
6664709,arjmeh,Jaxson,Turner,3,M,5
2394337,deerao1,Deepika,Rao,58,F,1
2394337,deerao1,Jacob,Gonzalez,69,M,2
2394337,deerao1,Isaac,Taylor,62,F,3
2394337,deerao1,Ian,Smith,67,F,4
6299671,rajeshred,Rajesh,Reddy,66,M,1
6299671,rajeshred,Kayden,Sanders,41,F,2
6299671,rajeshred,Landon,Baker,33,F,3
6299671,rajeshred,Nolan,Baker,10,F,4
6299671,rajeshred,Connor,Nguyen,10,F,5
6554196,vivakumar5,Vivaan,Kumar,45,M,1
6554196,vivakumar5,Santiago,Green,73,M,2
6554196,vivakumar5,Carson,Hughes,54,F,3
9680862,madhared,Madhav,Reddy,36,M,1
9680862,madhared,Oliver,Wilson,68,M,2
9680862,madhared,James,Martin,45,M,3
9680862,madhared,Alexander,Bennett,75,M,4
9680862,madhared,Joseph,Jimenez,59,M,5
9680862,madhared,Samuel,Myers,6,M,6
7198737,shankakapoor,Shankar,Kapoor,66,M,1
7198737,shankakapoor,Christian,Morgan,27,F,2
7198737,shankakapoor,Julian,Edwards,76,F,3
7198737,shankakapoor,Jose,Murphy,16,M,4
7198737,shankakapoor,John,Kim,42,M,5
7198737,shankakapoor,James,Campbell,2,F,6
8417692,ragnair12,Raghav,Nair,45,M,1
8417692,ragnair12,Dominic,Kelly,78,M,2
8417692,ragnair12,Levi,Nelson,16,F,3
8417692,ragnair12,Brooks,Watson,20,M,4
8417692,ragnair12,Noah,Long,34,M,5
4816671,aaravshar,Aarav,Sharma,34,M,1
4816671,aaravshar,Noah,Martinez,24,F,2
4816671,aaravshar,Jack,Sanders,7,M,3
6066442,abhsin2,Abhay,Sinha,58,M,1
6066442,abhsin2,Asher,Jackson,41,F,2
6066442,abhsin2,Nolan,Jones,2,F,3
6590252,rudmalhot,Rudra,Malhotra,49,M,1
6590252,rudmalhot,William,Young,17,M,2
6590252,rudmalhot,Santiago,Torres,42,M,3
6590252,rudmalhot,Angel,Lee,43,F,4
8654847,tarujosh1,Tarun,Joshi,68,M,1
8654847,tarujosh1,Henry,Ross,79,F,2
8654847,tarujosh1,Adam,Long,50,M,3
8654847,tarujosh1,Ezra,Bailey,33,M,4
7293897,advanair,Advait,Nair,52,M,1
7293897,advanair,Samuel,Thomas,24,F,2
7293897,advanair,James,Turner,31,F,3
7293897,advanair,Jeremiah,Diaz,11,F,4
8114692,tanbanerj7,Tanmay,Banerjee,43,M,1
8114692,tanbanerj7,Brooks,Wilson,54,M,2
8114692,tanbanerj7,Robert,Collins,60,M,3
8114692,tanbanerj7,Grayson,Clark,64,M,4
8114692,tanbanerj7,Wyatt,Diaz,58,F,5
6203500,rajibhat69,Rajiv,Bhatia,61,M,1
6203500,rajibhat69,Andrew,Harris,75,F,2
6203500,rajibhat69,Aiden,Kim,37,M,3
6203500,rajibhat69,Isaiah,Clark,20,M,4
3798664,madhared,Madhav,Reddy,36,M,1
3798664,madhared,Aaron,Garcia,77,F,2
3798664,madhared,Julian,Kim,29,F,3
3798664,madhared,Roman,Murphy,2,F,4
6200743,hemantshet,Hemant,Shetty,22,M,1
6200743,hemantshet,Jaxson,Ortiz,68,M,2
6200743,hemantshet,David,James,14,M,3
6200743,hemantshet,Roman,Wilson,18,M,4
6200743,hemantshet,Asher,Howard,45,F,5
6200743,hemantshet,Josiah,Bailey,6,M,6
9758828,ishapat,Isha,Patel,23,F,1
9758828,ishapat,Mason,Murphy,30,M,2
9758828,ishapat,Jacob,Wright,21,F,3
9758828,ishapat,Nicholas,Scott,9,M,4
8462420,tarujosh1,Tarun,Joshi,68,M,1
8462420,tarujosh1,Ezra,Patel,31,F,2
8462420,tarujosh1,Colton,Cooper,67,M,3
8462420,tarujosh1,Noah,Sanders,80,F,4
2228972,radhikgupta7,Radhika,Gupta,51,F,1
2228972,radhikgupta7,Jordan,Ruiz,46,F,2
2228972,radhikgupta7,Samuel,Gutierrez,46,M,3
9114413,vikapand3,Vikas,Pandey,57,M,1
9114413,vikapand3,Adam,Gomez,73,M,2
9114413,vikapand3,Connor,Jones,13,F,3
2095823,yashwiyer,Yashwant,Iyer,46,M,1
2095823,yashwiyer,Elias,Jones,38,M,2
2095823,yashwiyer,Dylan,Lewis,26,F,3
2095823,yashwiyer,Carson,Bennett,19,M,4
2095823,yashwiyer,Owen,Miller,9,F,5
8789138,saipatel9,Sai,Patel,26,M,1
8789138,saipatel9,Daniel,Cruz,17,M,2
8789138,saipatel9,Jose,Kelly,32,M,3
2968303,ravshanka,Ravi,Shankar,49,M,1
2968303,ravshanka,Hunter,Miller,21,M,2
2968303,ravshanka,Lincoln,Anderson,73,F,3
2968303,ravshanka,Easton,Cruz,8,M,4
2968303,ravshanka,Joseph,Roberts,10,M,5
5382954,sanjvarm58,Sanjay,Varma,52,M,1
5382954,sanjvarm58,Joshua,Kim,47,M,2
5382954,sanjvarm58,Eli,Smith,61,F,3
5382954,sanjvarm58,Austin,Ross,47,F,4
5382954,sanjvarm58,Luca,Anderson,7,F,5
6554996,tejaspati,Tejas,Patil,28,M,1
6554996,tejaspati,Grayson,Evans,65,M,2
6554996,tejaspati,Lincoln,Kelly,79,F,3
6554996,tejaspati,Levi,Phillips,37,M,4
6554996,tejaspati,Roman,Watson,26,M,5
5361474,arjmeh,Arjun,Mehta,52,M,1
5361474,arjmeh,Dominic,Hughes,44,M,2
5361474,arjmeh,John,Nelson,66,M,3
5361474,arjmeh,William,Rivera,30,F,4
5361474,arjmeh,Henry,Ramos,68,M,5
1783260,poojnair,Pooja,Nair,67,F,1
1783260,poojnair,Lincoln,Walker,35,F,2
1783260,poojnair,Mateo,Morgan,28,M,3
1783260,poojnair,Levi,Collins,26,F,4
1783260,poojnair,Jordan,Rivera,11,F,5
4703586,rudmalhot,Rudra,Malhotra,49,M,1
4703586,rudmalhot,Benjamin,Cooper,77,M,2
4703586,rudmalhot,Jameson,Green,13,F,3
4703586,rudmalhot,Lucas,Murphy,72,F,4
4030564,laxmverma6,Laxmi,Verma,24,F,1
4030564,laxmverma6,Roman,Watson,61,M,2
4030564,laxmverma6,Liam,Long,41,M,3
4030564,laxmverma6,Carter,Moore,7,M,4
