firstName,lastName,email,mobileNo,password_encrypt,username,age,gender,role,uTime
Aarav,Sharma,aaravsharma5@gmail.com,8241127737,gAAAAABm2q92egVhOQccPwoomYqvan5K0ON2ZUO1xdBLrX5iB_aDmV98L9NCnlGr8p1xXXSqfnuzyLcAPuA7xNCWlpNzaNG6dQ==,aaravshar,34,M,user,2024-08-01 14:36:11
Vihaan,Gupta,vihaangupta26@gmail.com,8507599663,gAAAAABm2q92-VG7cfpGwHx6Cvhp0k52obsZ5LO8mx51THKqQoqdsXKwy2De6ZYsg-uiId0mgrUJ-UfgUM4jHNVPoLBw0f201A==,vihaagupta99,57,M,user,2024-07-12 18:02:06
Vivaan,Kumar,vivaankumar@gmail.com,9695073310,gAAAAABm2q92V6pktmPuNpCsdDz_2_T8g35P-uEH8ZuRqjqGD380AtiDwn_526iYCDmTyMd-9q1qGO_21GL0rtjGM-jHzWNlHw==,vivakumar5,45,M,user,2024-08-07 16:36:41
Aditya,Mishra,adityamishra26385@gmail.com,8572097020,gAAAAABm2q92OPJsmWXMtMuqV9ybOtB9GNwgq1kAKZGqULQ5xzejE0iIi6fM_1Fs1p3O0d7GCjGFGRv_qdDiY6HqQNRU2k_Fvw==,adityamish11,58,M,user,2024-08-03 19:08:44
Krishna,Yadav,krishnayadav@gmail.com,7085930704,gAAAAABm2q92ElIUAI0ViVyhHmODdCGCxZfPCzZSKbWHNMYlHJg6CR0CVzGjOXonYJ3Uy27tK0lPfu6-2Ts9Gj3yvJTp_52Kyg==,krishyada6,49,M,user,2024-08-22 06:10:01
Sai,Patel,saipatel62315@yahoo.com,7219450181,gAAAAABm2q92sCIiJd8e6GttUEMB1QtBcFFClHGJC8i10TtXogz-8IlVxzAB1ly4EdKRwo6xua0SoCBZLJhVOZSg0-gO2MM4zQ==,saipatel9,26,M,user,2024-07-16 23:29:31
Arjun,Mehta,arjunmehta3878@gmail.com,9277584773,gAAAAABm2q92d-Zc7-gXaRjZT3wjzHJnhbzz5o3Zxp-dDgXUTuD0n1q23wOOU7aFXRF0bUdN_R0NU5n1oaEF2XZiw8kr-7uPfQ==,arjmeh,52,M,user,2024-08-08 23:59:57
Aryan,Singh,aryansingh3825@gmail.com,7103716111,gAAAAABm2q92YXW-iq27KkAqFOkRIiFsHc9qgBG19A15UuYW5OqjbRH4ckVNTl59E2iT8O0xbIjrfffaJUq1ASYkcNTLlVlPvw==,aryansingh6,66,M,user,2024-08-03 01:07:50
Ishaan,Sinha,ishaansinha0@gmail.com,7509749945,gAAAAABm2q92cG7YABvzZyhw0QalZEeYRbdf1BbePSQxO89fD8q3-uTaIBookZeSdR6wlDLZYnjpVXgEqBxmj0kZ5QNE88K3Hg==,ishsin3,68,M,user,2024-08-25 05:46:56
Shaurya,Verma,shauryaverma@gmail.com,6511189256,gAAAAABm2q92opVTIxgMWmi_l5mEs3Zv-4CsBIbo4NQMft9hSr5BRV7DrS_8FpcEBnaRjmDBr6Su84_4LSZ2Xjh_WP790V4QnQ==,shaurver,48,M,user,2024-08-27 06:21:16
Ayaan,Reddy,ayaanreddy86@gmail.com,8318264541,gAAAAABm2q92U8CKjfUr7t8oTshP3C7u2r8wxV1XQrBCkF8YecqxCHvaNfi0ybS15SIaUIOabAeY_LDrnf5-nUKDGhaWILhpfQ==,ayaareddy51,46,M,user,2024-08-19 17:59:11
Kabir,Iyer,kabiriyer6@yahoo.com,9319339233,gAAAAABm2q92aRJ-efGM1pxn2KGIldTn-JUh2g4xZ-qMmfAB2vXJIz1pQEgmYV6BgmoiAoQ2S8hNjOQzjWjiEwTBhg_q3JMbYQ==,kabiiye86,32,M,user,2024-07-19 01:44:28
Dhruv,Joshi,dhruvjoshi@gmail.com,8374417507,gAAAAABm2q92TziY28pklnLwvY_qPv1dGHJOVBu6E7Y9zAjzDRQQqA4Txv2c15nqbnOZZlPuiF_PTBVtoQ0e51EhJaQtctMtLw==,dhrujoshi8,41,M,user,2024-07-19 21:40:21
Ritvik,Deshmukh,ritvikdeshmukh@yahoo.com,6940129591,gAAAAABm2q922WNTzoTrfoWib0GK-QNzgkGozpYGRxI2UqdxNQC-AU-49DB103QdVEN9NBW_XqBLVb_49o3qHsXHLBYeKQwZ6A==,ritvikdes94,26,M,user,2024-07-31 03:14:35
Advait,Nair,advaitnair1@yahoo.com,8543584699,gAAAAABm2q92NcKKD71rTZrKf0hhDB9s_4KwTeSDFg-nZJkHiURjhxsw_aKZzXBUWVCjF8bqrysKdJa23R2nX_w9gG1jO-B1Ug==,advanair,52,M,user,2024-07-13 18:41:21
Nikhil,Chaudhary,nikhilchaudhary@rediffmail.com,7900887895,gAAAAABm2q92tqqlHmyBlVlV792YyVsquFbQvk6GemAKibj31ei_2yOTXFHxXE-2XFh9RPFz2cTCWpnP7SSDlT8WgoPM8cHWZA==,nikhchaud,18,M,user,2024-07-31 13:33:04
Harsh,Saxena,harshsaxena711@yahoo.com,8423792494,gAAAAABm2q92xQba-MvDVuiUFt1WmUI8df1W92vomqIebcG4XLZbFazxgzTBFbo_wdd8MgfAANmZSKT68gwv8eUrFvPL9E2ShA==,harshsaxena68,48,M,user,2024-08-09 14:24:34
Aniket,Menon,aniketmenon5@rediffmail.com,8486249575,gAAAAABm2q92gknpx-vH8IEFA93OxQpKEnlC-w7r72yq3Eoxvj_Mhp1rWO3z_Z0EcUe_pziyojdNwnWD9Zz0CuIMRr-rNQV9ZQ==,anikemeno,30,M,user,2024-08-23 03:54:47
Omkar,Rao,omkarrao@rediffmail.com,8314259893,gAAAAABm2q923nrVU0_uw42FoYN-ydeGXp4tDSFzYl5ULU7IIBUOC0wlB52uQQ7ronH3z6LwTNGEBAS8SnPa-HOMuWFah1USlw==,omkarrao41,68,M,user,2024-08-14 20:25:13
Rohan,Chatterjee,rohanchatterjee60@rediffmail.com,7198166642,gAAAAABm2q92DZaMSr0aTsxbX_RCQCoMSF-3iJNgMjGtsRNcLPVZENgDQ9tzGHgdswsQDRvphjOXOjD5zKayxY5G3Oc0F1Y0pg==,rohanchat,29,M,user,2024-08-21 21:50:49
Tanmay,Banerjee,tanmaybanerjee5@gmail.com,9788550383,gAAAAABm2q92mQS4BAz4dxOOdCW2wNnTm0NJeuqNlUXFVcE5zGKp5HvUsCNoXxd4UswFVQyR2ZTR3hlzxVWwJ_H6iprxzWpsOg==,tanbanerj7,43,M,user,2024-08-30 17:48:51
Pranav,Shukla,pranavshukla1720@rediffmail.com,9986313400,gAAAAABm2q92Ww6Q1kodd_jF-sKE2T7DJPvfr_KTRCrGll_wpvj_q-sw8ID71GyCkV-dGWCsWQo175dCPzdIDODxqDF4A2JUEg==,pranashukl5,70,M,user,2024-07-23 13:23:27
Rishabh,Goyal,rishabhgoyal85888@rediffmail.com,7601316539,gAAAAABm2q922Tc9w9gzNmJ91atUJ1XiVhx3GmZIvWjhifvPOF0TvzknHS9g2EgtoPtzi7VCK2BiEp0933ltW5qRQiXDOC-7Xg==,rishagoy56,54,M,user,2024-07-12 16:17:35
Siddharth,Bhatt,siddharthbhatt01306@rediffmail.com,9600238989,gAAAAABm2q92RTxosy5F4VJU-P4SYXSgQUHTJWMMprPZpbZvUwgmu1_i_7NF1qwydMuHeTAogf1KvmK9QL1CzGQ8IpqYROJVvA==,siddhbhat4,20,M,user,2024-07-10 04:18:02
Anshuman,Shetty,anshumanshetty7127@gmail.com,7290741741,gAAAAABm2q92jj8D-EYA-l60VgpEWAps7WvS-aJ-wUe44ZPX1Bg6-KSaX3L7CgcMFkUpz_TPK36yv23TUKOaC9a6OhGYZbyXRQ==,anshshett96,35,M,user,2024-07-19 01:07:52
Anurag,Kapoor,anuragkapoor4714@rediffmail.com,9271396693,gAAAAABm2q92Ma_6EV0uzsLHaog67geNoilafHIXQrUCclfibWuZVqplM4NqnJ3bkVOl_rxo06upWbiNsp2K5j40qmzk5Qjf0Q==,anurkapoo3,31,M,user,2024-07-16 21:12:39
Aryan,Tiwari,aryantiwari48@yahoo.com,7006248054,gAAAAABm2q9278O9nDNw2jeEdPLG6r28z5reUqIfjvD26qvu1t6CAAFZVP8GvbOZoDqRBrH7B53I2jEJofIQjpBnwPHso8UV5Q==,arytiwar9,35,M,user,2024-07-02 11:56:08
Kunal,Bhatia,kunalbhatia4454@gmail.com,6800464725,gAAAAABm2q92rOMLhi4oNNZC14aDQm8sEQcnBYUfvApJtDvdwPOoS12ye4tn2jVSSrodep-ShdLwZg81sD7RLxcugJIQha1VDw==,kunabhat11,37,M,user,2024-07-26 13:58:13
Madhav,Reddy,madhavreddy161@rediffmail.com,7259174388,gAAAAABm2q92ri1F5xlR7X_5fz6ldDrkoI5JrfX7dmVJ6F8gYBrl_Bvzls97nJQfkKfQJughN21Y3spXP9Zc9qEuxOPoAxttdg==,madhared,36,M,user,2024-08-27 14:22:11
Rudra,Malhotra,rudramalhotra148@yahoo.com,7360115748,gAAAAABm2q92djhN1NXs0mK4lfEUe0MRp6v3SvY9qSPU3a1kCbegK8G5gaq2N16Q5LIsIAT2vcsW2RlmU-LAdQY34V31qs0WHA==,rudmalhot,49,M,user,2024-07-04 01:32:10
Raghav,Nair,raghavnair2@yahoo.com,9445800347,gAAAAABm2q92rZRDL6GMMxrisjxY3zsPZlR8mk3SixFBGeUNEiGdMpFo0zRA1CvwBGrExaz14N4gsUqDPdwr-1-NgukBMfwtNw==,ragnair12,45,M,user,2024-08-18 02:12:36
Rahul,Das,rahuldas5842@rediffmail.com,7673425200,gAAAAABm2q92h0BgzGQhq00LH3YAt6GYfVC-OjM6QDke5aZFHBqR4h8O6ZUAlf1ADYXCJVAX7XIcIU-4SQBkaRSGc-nzfWrnKA==,rahudas19,69,M,user,2024-07-11 00:28:04
Akshay,Kulkarni,akshaykulkarni1@rediffmail.com,6588403699,gAAAAABm2q928HN6y2x2obmP17MPjTQJ519u67rkdjNKIP3isEis_tH8bWxYNh_csW4ILNij8-raF938_b1IlaEA78OtX8pnew==,akshakulka,28,M,user,2024-07-19 13:37:48
Manav,Chauhan,manavchauhan0370@yahoo.com,9738360242,gAAAAABm2q92aB1zbs3ZHR1jXS5FmmPy1aF3ESeHofdps_-mior174-AmEk6olIyByAKwWGpUWatg08nUyJlhWZwG3dLj_swOg==,mancha6,45,M,user,2024-08-21 04:51:57
Neeraj,Pandey,neerajpandey@rediffmail.com,6983994144,gAAAAABm2q92sWwVHtXdKQmjPLiPLdthrcCSsDr757VNqDmgeHVP57rvNGI_bqlxLP1NfNgqjFPN01JOA0JIj_yN6t3mr_bvxg==,neerapande,34,M,user,2024-07-26 22:03:27
Rajesh,Reddy,rajeshreddy77@yahoo.com,9473654624,gAAAAABm2q92PWaLzuk-jChm8r2rB9qNZIk_WrDu-qL_3ZRk0M6AFbbSTALLOfDNLrIbYT9Z19oBmaxdypL_m6rmdHHlJ4SdGg==,rajeshred,66,M,user,2024-07-09 05:41:12
Ravi,Shankar,ravishankar82523@gmail.com,9692260561,gAAAAABm2q92hPpszd6Q4Vd9PJpJq7bcDYNo_urEFoZNeNFSsV60J44O0L9P4lmslf9aqIge8b4I1OfiV5TQwY51NT1BMVGwZw==,ravshanka,49,M,user,2024-07-02 16:47:18
Sarvesh,Kaur,sarveshkaur3776@rediffmail.com,7360118586,gAAAAABm2q92iDUYv0aQlel8AL-ZycGxzb6AVzWZrJOq5sIaDYO9DHKHp3HhxivOJR7M6uToYagwE72yHeZR3jSwxc5xMw_FVg==,sarvkau,58,M,user,2024-08-15 23:16:55
Saurabh,Bose,saurabhbose31@yahoo.com,7437371616,gAAAAABm2q92TwKm7lDUXjYwiYx4LKQKeJYlE3-KCYW5tmOKb-xRQo3A7f5mPZPhzR6dU0Yb1zI71kBf1DADhY2WN8Vv62u7ww==,saurabbos7,30,M,user,2024-07-24 20:47:39
Shivam,Sen,shivamsen2270@rediffmail.com,8813228233,gAAAAABm2q92N_jWzIy25lm-O054sx0FsOua6niO-xqwXrRxgRmKi4jI9LpYFZy0rsf9-CfysydvUz22-VyqXq-v2Z08BvuksA==,shivasen51,57,M,user,2024-08-31 08:14:24
Tarun,Joshi,tarunjoshi12461@rediffmail.com,9968701026,gAAAAABm2q92aR1LXmjgDYmAbpCYEs95pCJaXSjAUO2mSS086s-tHcxKdoOf74-WxkUVJgpp_SGnjfXPdOh3waBaArnNiGGvpg==,tarujosh1,68,M,user,2024-07-23 13:37:31
Tushar,Pillai,tusharpillai81@yahoo.com,8752920678,gAAAAABm2q92u1Cb3QbIWmx1uYkgkdHE7K764EJHqs8skDGSdsZDkkipmIPeNkfh39gCik6DXies6dVuKN2PcWQa0c_TEK4cWA==,tuspillai31,51,M,user,2024-07-11 00:11:12
Uday,Gupta,udaygupta@rediffmail.com,9080673337,gAAAAABm2q92YRviphUMDsT5zXztMbCUOcWdu_QAnzyekn6KPtqVMXQUwVTnigCgiEUL_7Bn7HrqLPDjIf_TqAPF-355lgpH2A==,udagupt4,67,M,user,2024-07-15 16:55:06
Vaibhav,Saxena,vaibhavsaxena67418@yahoo.com,7776632870,gAAAAABm2q92QA_T6W7WaqbGa3aU_lNayiwgI7ik8eEL1G6dskBjqvLASxdDfpLN7CLQkAyWAGx94b2305PecRrWI5EkSyZmNg==,vaibsax,37,M,user,2024-07-29 09:29:28
Yashwant,Iyer,yashwantiyer00@rediffmail.com,8601313756,gAAAAABm2q92LwZyqv8JjCdufbDjFNeTIknqWuCyMxvk499biR5XkrkodzD295cMxjmSZNDZ0QraQd91Vfg8d0eyV_t4EkN47g==,yashwiyer,46,M,user,2024-07-06 11:01:33
Amitabh,Patil,amitabhpatil0@yahoo.com,7331059644,gAAAAABm2q92Zf3-c7iv1XZ7AZXIEXRmBJvGTlYPDFkWDj1-yQ7FaqIoaWKVjwSy8VFU9tLVxH-QWRfzpZmo1jpTQwGEyN3wAQ==,amitpatil12,25,M,user,2024-07-29 16:06:51
Ajay,Varma,ajayvarma2@yahoo.com,8295825432,gAAAAABm2q9245irQV7FA4CSO2HB1uV8U4vStXlsEfwraTWhD7hD-9fFdUwGewDSnyfZUlZdl4d6BH_5vmDDsJSxZZZ-8xK3sg==,ajayvarma,36,M,user,2024-07-06 15:19:07
Abhay,Sinha,abhaysinha4660@rediffmail.com,7653375292,gAAAAABm2q92UjVMA2BmZT0gq0uMqNi8SMg0rAtPGlyl8O3on2IJUIcp8cgLCizSif3hdhUHSZ9rbZnmoAKVnNchnv8eV_dYww==,abhsin2,58,M,user,2024-08-23 13:41:09
Anil,Nair,anilnair723@rediffmail.com,7060271240,gAAAAABm2q92Vk3stjrNCiI2510qSrgnBL7Hh0ppES9pfdgGMpFah53JptmFd-Si3lhwtz12kjlHzxFjTADev7CtJefzBnMw7A==,aninair73,58,M,user,2024-07-24 09:12:07
Bhavesh,Rao,bhaveshrao51@yahoo.com,9047666222,gAAAAABm2q92S4xfihAPs1wIjkj42K1GrpYUTbFlf88I7qV02nkplxWWirMberUg8cfXdGWslnr3hur1jv2_yUfG6fjr4MJ83A==,bhaverao5,68,M,user,2024-08-20 13:35:46
Chetan,Mehta,chetanmehta1@gmail.com,7827126722,gAAAAABm2q92ezzbWax92bOVJpRuShj5J60bEo-G6dWULXjCKy-BvSi4BfTWUfAcske6ZUZaopWuLWOdPMrJnjrTYiu2bUNBUg==,chetameh74,20,M,user,2024-07-24 03:22:59
Devendra,Chauhan,devendrachauhan@gmail.com,8979580130,gAAAAABm2q92UKcHG47-Z8XG0YO0YEqzdL3UDXOFifjfRdsoZMm7cvBYurgnYGD9VYy6nee14wzAIBXFz7S3iHTQkTW8n1NNqg==,devcha1,66,M,user,2024-08-06 19:18:28
Dilip,Yadav,dilipyadav00085@rediffmail.com,8717755491,gAAAAABm2q922V0ZSMCYZIfn641RADiYxVeYYYsYJ2lBvx9n414mPJRIg9RYLJgZwtYiK3Qn1Mi_QD0qq458Xx8ad4y1njegSg==,diliyadav,55,M,user,2024-08-23 23:16:37
Ganesh,Gupta,ganeshgupta6@gmail.com,8372132358,gAAAAABm2q92MplCqcRwstVUyk3_Z1b6oMQku37w1D_oNsSBh0xZK6CQT2RCRprEvUPemfMtgIKcQ-yDKGQUGTr7QJD-8se4lA==,ganegupt,42,M,user,2024-08-10 23:25:58
Gaurav,Bhatt,gauravbhatt@yahoo.com,7240307208,gAAAAABm2q92vzAWim2NbxeHMoEBoEP1-unt-_-x4JQDT1UY4bSmirBJIzDUp5DcBd5qU33CJ_GTs9Wn7rBZpOZbvdZgTxexeA==,gaubhat7,68,M,user,2024-07-17 21:53:29
Hemant,Shetty,hemantshetty07@rediffmail.com,8420122766,gAAAAABm2q92oW1SNerhOjVf8iUTEtZYRpBxzQAJWpIBZT3LTkbfyqasCzIYopIoFRRR-vK4hhWmpsKZhIuo-Oo7oKGL5CN7RA==,hemantshet,22,M,user,2024-08-30 20:15:30
Jatin,Kapoor,jatinkapoor@yahoo.com,7172067313,gAAAAABm2q92v9uAYsNbpIU60xe_1WSIuPTIS5MJv41-wKnXIARWXv08sayzry5f5Vg_RMZkwSgGqkCGRlX-kVnm5Ua_blVT8w==,jatkapoo3,66,M,user,2024-07-12 12:47:58
Kartik,Shukla,kartikshukla75@rediffmail.com,9726481402,gAAAAABm2q92MOlXMX9D2YIPiVp2E2R0aP2jYIjvK4S8-ure0yH26beIyVLMgcipGVisJFntKVktvyt3LNQ9VKpW9pm_XjAgAw==,kartshu97,67,M,user,2024-08-28 18:06:09
Lakshman,Patel,lakshmanpatel17208@yahoo.com,6958814984,gAAAAABm2q92ESbSJtX4wa1UYXwNUL3ragB0-QHmTIqAptbF_FqBiA3_AG0lmnIaXXj58R2RRJRzP82dck37A4CiavkssXLv1A==,lakspat92,62,M,user,2024-07-26 13:05:25
Mohan,Reddy,mohanreddy00264@rediffmail.com,6902682458,gAAAAABm2q92EDai7U6sJC2GIYfVzK_8TLsLL6WWoy4A1UV7J-DumytmuKXqv0cqwY_yYH4LGi7Nzh5BHV6GuRVZFOwK3bL3TA==,mohareddy79,53,M,user,2024-08-11 06:08:21
Narendra,Sharma,narendrasharma012@yahoo.com,9880214486,gAAAAABm2q92tEEt_W-r-TRcTAEVo2johIFxp9EiSFqNUjurmcoBWwgpB2mNoPvPAgV7bLYsLNw7XQOUqzgNNNOM1Sjis5N6jg==,naresharma5,23,M,user,2024-07-04 11:33:38
Naveen,Kumar,naveenkumar8@yahoo.com,6959591806,gAAAAABm2q92p_mH116qGBRNWtBHrKidUheTjBeVm9Riy4x5dJGTa8uhChGfD46hnqG5imm_ekwifSjvyBB4x1gngx4S5QYw8w==,naveekumar,56,M,user,2024-08-01 07:13:54
Nilesh,Verma,nileshverma@yahoo.com,6797682601,gAAAAABm2q92vMW7zZ03cbAA1Cr6Z7_iOIF6I15A3pYDzyv7VPCFDt0zWu7WlaxklQUWFBO3kVVLUiKZ0N3O-AHBF3OOr-9BYg==,nileverma59,46,M,user,2024-08-23 12:42:01
Pankaj,Yadav,pankajyadav@yahoo.com,7801346697,gAAAAABm2q92GLeROyzA43Xc4K_vP4f-oPdyy9sM18UQEiVmQnKukX02YsJ0C6IClE_7BVG4YD2Xe-plGGNUNx4l1GvstLwU7Q==,pankayada14,63,M,user,2024-08-30 09:27:35
Prakash,Rao,prakashrao@yahoo.com,7431477516,gAAAAABm2q927LbSm02uvVjQ4rLcBCbBp6QBsnA86eQamEXXcJt9iKeUfhS1hFBqafrmsywtEYsLaMcZNqMNaLTN_qHGfYRVaQ==,prarao54,18,M,user,2024-08-04 06:00:00
Rajiv,Bhatia,rajivbhatia26527@yahoo.com,7490572662,gAAAAABm2q92Mnu0wj4WHHAfG_go8mV7crInr9GZbuRNQRfhVJJvc6vRLlJxzPmY9ajqBX4ZDF-lE6k5--j4x4lIKiByHjbQmw==,rajibhat69,61,M,user,2024-08-03 04:12:41
Rakesh,Menon,rakeshmenon@rediffmail.com,6680992789,gAAAAABm2q92ACNOWpoyZoGXpMQEheYRzNSu2rcv-gGQpP1-2s3ZHxEzMF5oQSMn6_K_O1cOIpLkDl-FgKLs8RFY-M0TfIu8Lw==,rakeshmeno8,64,M,user,2024-07-04 18:02:11
Sandeep,Joshi,sandeepjoshi66@rediffmail.com,7941287506,gAAAAABm2q92VtN4renbI-oZXGQuGxgwqeWjcd8nkiUbVPrvPy1md-VNXXP_dFTlvrXU5th77KsdmK8_OMe5leYQ53YTId_Opw==,sandjoshi49,69,M,user,2024-07-02 06:53:07
Sanjay,Varma,sanjayvarma72@rediffmail.com,8713407442,gAAAAABm2q92UVeKN5yQ7FKdGE-FOrPpD4Gv0q7B7w8keZ3Dqg9PN4oBA3crlCDw54zGqNN206xgX4t55Woj12IIJl2Cd1HcQQ==,sanjvarm58,52,M,user,2024-07-14 07:01:20
Shankar,Kapoor,shankarkapoor6160@gmail.com,8451954632,gAAAAABm2q92k4PDYhqqWRUWa-30xuGRvf9kgfricDbdlTOeLLEJLYufbjUoyYsbXbV2-92xR-ymnet30TSUWkatwYjOqPL29A==,shankakapoor,66,M,user,2024-07-05 08:56:22
Shyam,Das,shyamdas@yahoo.com,6720120760,gAAAAABm2q929BZE04w7S1KxR_P35SdCPpSnp2suNiiIhhY-EbJt13OYolZBv21wGsMAbisxuyEHjCUFfpMMjWsgHQ5KZrvNbQ==,shyamdas89,20,M,user,2024-07-20 13:06:36
Sudhir,Iyer,sudhiriyer@rediffmail.com,8506734250,gAAAAABm2q92mPBWUoIAbwoTGCa7ZeMkEf4Bdf5QCeV28atIV3CMhKrS8xuEwSeSsYlMM0CIBLuECsqKY4C9VEKdLPfPoTmfyQ==,sudhiye,65,M,user,2024-08-08 11:50:31
Sunil,Gupta,sunilgupta048@gmail.com,9915208780,gAAAAABm2q92vRdxck5xp9_ofMEC9rn3RAz2S9WR1RXXg1J9wmt3Bjsla_sQSnRhVf7fCy5vP3HRINtXW6V4DAD-tjviH2URvA==,sunilgupta,30,M,user,2024-08-16 18:12:40
Tejas,Patil,tejaspatil5@rediffmail.com,9987478506,gAAAAABm2q92qNnMsh0Oelcb709QQT8Nl3lAbNyKFkN6Lq6j2b-PDcDHUtxf422UI-Y3UCxQ3lbxFNMP0e80NJ7FZLw0EvxM8w==,tejaspati,28,M,user,2024-08-20 20:43:06
Vikas,Pandey,vikaspandey16@rediffmail.com,8335045778,gAAAAABm2q92IsijQKUjJI-elDi3SoV-hM5IrcxnudSsrx-A6eJJMSlzjOFeDK9dM6VubEZ5pO8c5bhHyCrhshzRpiaRKIBvgQ==,vikapand3,57,M,user,2024-07-20 10:49:20
Vijay,Malhotra,vijaymalhotra64@yahoo.com,8929739578,gAAAAABm2q92UVv9cd90X7uzMBC-mEJjgFsSghTSy3_OKKMZeyyu-_hw1UOLJ1NUx4_vvxpWChjlgh_KU80baslvOyK-DZAXqg==,vijaymal,20,M,user,2024-08-23 21:20:30
Vivek,Mishra,vivekmishra33@yahoo.com,8870421772,gAAAAABm2q92ZOIy3wY7cXqQT0YuxdnVpiH_suvmUWBjSdSCCYm8gcOslSd9lP4sU8fstlZf5Z9sZnKzpXzVXDM1Ks4wDTw68Q==,vivmish71,64,M,user,2024-07-06 22:32:17
Ankita,Singh,ankitasingh1@rediffmail.com,8989584530,gAAAAABm2q92_blcCGx2uN5rInsW471FSlozn2XiS8AW-ZGE-FmbuAJjmz-taKGXH0Qp6KYO3LTiowJQR8BjWuMVk3w6hd5MNw==,ankisin6,25,M,user,2024-08-03 16:58:50
Deepika,Rao,deepikarao1521@rediffmail.com,8543308327,gAAAAABm2q92ipv10oTCTRW5D-Zc6v9PVDS06klKQBwWocD-CIY2S6GkUp2xNxQfvS6IV6g_m0qzrcIuDCUGkBCfyzkk-3FfjQ==,deerao1,58,F,user,2024-08-22 00:08:34
Isha,Patel,ishapatel122@gmail.com,9809009189,gAAAAABm2q926OV_1vo7YgpYfIruH1gqXilotHd2f31ZdfCyzK0HHOuvP2dyB0ArbYPKWFLL4sKxl6rI92jjW3M8iPuS6OBaNA==,ishapat,23,F,user,2024-07-20 01:43:10
Kajal,Yadav,kajalyadav3@rediffmail.com,9178843883,gAAAAABm2q920qJPRqNmVI5Ox2c5uH1c_lD1jzPD2B7KErl30pciR8U54ROuIhzzfsgwCBHa7u4mg3Ct8tQmjDYS0Nh0dj8p9g==,kajalyadav17,69,F,user,2024-08-15 11:32:22
Laxmi,Verma,laxmiverma@rediffmail.com,6909713926,gAAAAABm2q927vFL9RuOtwhSG5oJbY_v5XsulF5iditUjurqUZ12pVpjmq7ww3Q-j8i5EnazFqUWN7WRWNh9NdYkI5Fsc-0Hgg==,laxmverma6,24,F,user,2024-08-05 02:59:54
Meera,Sinha,meerasinha2883@rediffmail.com,6757850210,gAAAAABm2q92LQdLRulmlmoEeC6kz-fWmkurYYFFI9RpFbzunGT0QuqvFOcMdNTfKQVxbJpLw8spmp2el_n9DvQwEsC-Cq4DXg==,meerasinha81,40,F,user,2024-07-04 00:34:40
Neha,Joshi,nehajoshi6@yahoo.com,9337781604,gAAAAABm2q92KbYhJBcQq5wNsMpSbjpvT_FwPKno1gln4e21R4ZjItO35QCAxm5N8ivvhgq3YUegbddbiW1FXHRaX04TJDLzeQ==,nehjos8,18,F,user,2024-07-11 04:40:54
Pooja,Nair,poojanair863@yahoo.com,7621448703,gAAAAABm2q92a5Azcx0Vd38BrEbX0Hfek7bcBPmO-5LbbaHeHDEguXrOWuzFndVK3zFZtExBibHTrqLoPSsxbepXUpmSJeGQIA==,poojnair,67,F,user,2024-07-07 19:40:06
Priya,Deshmukh,priyadeshmukh883@yahoo.com,7494507901,gAAAAABm2q92--2vSu-6NoWPERAPuNj_3p8rJQ4rdvaVTJ2hvRhH6FZhjwqkEE8herzGYxYUOU7HMlfeg0Zc1I3oeKkorPJZtg==,pridesh2,34,F,user,2024-07-01 13:48:15
Radhika,Gupta,radhikagupta4@gmail.com,9643766992,gAAAAABm2q92XnSkSsmxH81Z2Fv6K3ShiDxcEi4bu52Sq5-kjNrx7FzIB8BuzR96DEd3YBbcrWPUV_pjcwYYoyF3EZ919_bXgg==,radhikgupta7,51,F,user,2024-08-30 01:02:35
Rekha,Sharma,rekhasharma6@yahoo.com,9351618919,gAAAAABm2q92o8a5lx2metgDfhR5at9O_xJvyd9GNQd6noLqP3fCz-cBEwePNLpuNJuVeq8IOlwWuRjfi2aDNTmKA4p2_CA8Pw==,reksharm7,33,F,user,2024-07-31 17:07:11
Ritu,Kapoor,ritukapoor58730@yahoo.com,6917926502,gAAAAABm2q92Ul-1REZdhPxqMbX-Fzf4DssBur4d6IyX30-AzCt-EYkBx2npZSyadOW_y_q1vPGkosWhqIkfXaNj1V6bmjKQcQ==,ritukapoo,37,F,user,2024-08-21 22:02:16
Sakshi,Bhatia,sakshibhatia@yahoo.com,9376366672,gAAAAABm2q92-ySA7Gt8BRg_P_xOjOn6_HYr2IS_KPP5-CqPr3E-GVyLXw1tKOuGKzVSdV1QWwoF9_stu-YELHItpCYm4R9eGg==,sakbhat9,69,F,user,2024-08-29 05:36:34
Seema,Reddy,seemareddy44@yahoo.com,7483698850,gAAAAABm2q92CgjN5LKR6roKtEEt3TQMPTY-sIKa-iYdhE8mylCdYxxiOEBvTZGPjWqEFqREFg--_y5ro0PHVKxO5w9o6-gjiA==,seemaredd,42,F,user,2024-08-16 16:24:00
Shreya,Tiwari,shreyatiwari1@gmail.com,8384352542,gAAAAABm2q92vO9vWuxY0qPbooTSonEYORLSG6r7o4rSdastzLc81ALtily1CfDGgOQNWev6PctRt1a5jMaYsVwJ3RprNeWt-g==,shretiwar,45,F,admin,2024-08-25 02:09:20
Sneha,Menon,snehamenon0@gmail.com,7040664995,gAAAAABm2q92bXv1PtWr3Pydz1sPaF1S67ZEqVqKKrYtr9_vY2V1ywvePCkLTV4FHuL7rqmNApolnDr3yu3Cx3d-EZQqT8On7w==,snemeno5,62,F,admin,2024-08-18 06:24:11
Swati,Shukla,swatishukla7440@yahoo.com,7395986034,gAAAAABm2q92AseCeQHjxVG9T4Xf9HJz6t-3NcC5N1HKuvq3g8QUzAYv17NkYpmFAau6iVSDNOg_NgP9gSGRvLvPBD-Fcl_cJg==,swatishuk73,48,F,admin,2024-07-31 13:46:39
Tanvi,Mehta,tanvimehta@rediffmail.com,7555252726,gAAAAABm2q92_3eLnHcsIG3XV9NhTzeKUHi60y8s_5Y04kUrFiFT8gxHbSDrv4cKdwl5bdY8mXOyJG_KCQjKBUCpFeVNpNH0AQ==,tanmehta2,63,F,admin,2024-08-27 23:16:27
Trisha,Bhatt,trishabhatt31861@gmail.com,7210604540,gAAAAABm2q92mLaqExLhGLZqMu8w7eGNpMyBqbhk4iggh0yPIIh7RNL7nZFXUd7qgzOW74I0fsYLBlZFj3KplqUp_uWDhFePDA==,trisbha,64,F,admin,2024-08-20 01:26:21
Uma,Rao,umarao63@rediffmail.com,6726857583,gAAAAABm2q92afothMB7YxznuMpqSFEwgNNv_qdGEakdRp_l8Yh_2RtaJB3uLOaQ_BvXMCYI9i5qb6Pd8AINC0FAWgSc6qveeA==,umarao5,30,F,admin,2024-08-16 13:28:49
Vandana,Patel,vandanapatel522@gmail.com,6716463449,gAAAAABm2q92nW0OOZI59O1AGGJwBPJDRVsHn-9GUpkc7sFdFy-mYn2T-NzvC5wHjm9vVEL0W3lP9Do73iLMeHJbL8-rm0hlNQ==,vandanpatel,54,F,admin,2024-08-30 11:41:23
Vaishali,Sinha,vaishalisinha@gmail.com,9352596694,gAAAAABm2q92velI5UwC0ehJ3viVh74G9gnLzpP1Aqk-huQpjpjFkmYQ3lD8wHTPNB9wjHCYxI86JrYYASo5LSeVw7Bc4VvVEA==,vaissin14,32,F,admin,2024-08-10 14:44:33
Yamini,Deshmukh,yaminideshmukh11@rediffmail.com,8113317907,gAAAAABm2q92f59C3ZE4K6SY7Tr9ulCiCiwmNOcUZvQDvvMgCciA2auekDOyMHyH_wpOi7msFkNt8COOVKeseF8OKjaYNQaR1g==,yamidesh,29,F,admin,2024-07-05 01:11:40
